file,returncode,category,generation_status,stdout,stderr
run_159974_issue_ori_data.json,0,Success,生成成功,"eager mode passed
torch.compile passed
","2026-06-26 08:55:35.516535: I tensorflow/stream_executor/platform/default/dso_loader.cc:44] Successfully opened dynamic library libcuda.so.1
2026-06-26 08:55:35.581062: I tensorflow/stream_executor/cuda/cuda_gpu_executor.cc:983] successful NUMA node read from SysFS had negative value (-1), but there must be at least one NUMA node, so returning NUMA node zero
2026-06-26 08:55:35.582825: I tensorflow/core/common_runtime/gpu/gpu_device.cc:1618] Found device 0 with properties: 
name: NVIDIA GeForce "
run_159995_issue_ori_data.json,1,Code Generation Error,生成失败,,"  File ""<fstring>"", line 1
    (result = )
            ^
SyntaxError: invalid syntax
"
run_160034_issue_ori_data.json,0,Success,生成成功,,
run_160053_issue_ori_data.json,1,API Misuse,生成失败,,"Traceback (most recent call last):
  File ""/home/ubuntu/SYAN/GRADUATE/TeRL/Step5-Evaluate/baseline/CrossProbe-master/results/160053_issue_ori_data.py"", line 5, in <module>
    a = tf.empty((2, 2, 2, 2))
  File ""/home/ubuntu/miniconda3/envs/TeRL-Running/lib/python3.7/site-packages/tensorflow_core/python/util/module_wrapper.py"", line 193, in __getattr__
    attr = getattr(self._tfmw_wrapped_module, name)
AttributeError: module 'tensorflow' has no attribute 'empty'
"
run_160059_issue_ori_data.json,1,Missing Dependency,执行失败,,"Traceback (most recent call last):
  File ""/home/ubuntu/SYAN/GRADUATE/TeRL/Step5-Evaluate/baseline/CrossProbe-master/results/160059_issue_ori_data.py"", line 2, in <module>
    from tensorflow.python.compiler.tensorrt.test.test_utils import experimental_feature_scope
ModuleNotFoundError: No module named 'tensorflow.python.compiler.tensorrt.test.test_utils'
"
run_160069_issue_ori_data.json,0,Success,生成成功,"before allocation
Could not retrieve memory info: module 'tensorflow._api.v1.config.experimental' has no attribute 'get_memory_info'
t0 allocated
Could not retrieve memory info: module 'tensorflow._api.v1.config.experimental' has no attribute 'get_memory_info'
t1 allocated
Could not retrieve memory info: module 'tensorflow._api.v1.config.experimental' has no attribute 'get_memory_info'
t0 and t1 freed
Could not retrieve memory info: module 'tensorflow._api.v1.config.experimental' has no attribut",
run_160074_issue_ori_data.json,1,API Misuse,生成失败,,"2026-06-26 08:58:15.789134: I tensorflow/stream_executor/platform/default/dso_loader.cc:44] Successfully opened dynamic library libcuda.so.1
2026-06-26 08:58:15.852569: I tensorflow/stream_executor/cuda/cuda_gpu_executor.cc:983] successful NUMA node read from SysFS had negative value (-1), but there must be at least one NUMA node, so returning NUMA node zero
2026-06-26 08:58:15.854033: I tensorflow/core/common_runtime/gpu/gpu_device.cc:1618] Found device 0 with properties: 
name: NVIDIA GeForce "
run_160077_issue_ori_data.json,0,Success,生成成功,,"2026-06-26 08:49:35.704537: I tensorflow/stream_executor/platform/default/dso_loader.cc:44] Successfully opened dynamic library libcuda.so.1
2026-06-26 08:49:35.769449: I tensorflow/stream_executor/cuda/cuda_gpu_executor.cc:983] successful NUMA node read from SysFS had negative value (-1), but there must be at least one NUMA node, so returning NUMA node zero
2026-06-26 08:49:35.770932: I tensorflow/core/common_runtime/gpu/gpu_device.cc:1618] Found device 0 with properties: 
name: NVIDIA GeForce "
run_160084_issue_ori_data.json,0,Success,生成成功,"Model dtype: <dtype: 'float32_ref'>, <dtype: 'float32_ref'>. Input dtype: <dtype: 'float32'>
","2026-06-26 08:50:12.511665: I tensorflow/stream_executor/platform/default/dso_loader.cc:44] Successfully opened dynamic library libcuda.so.1
2026-06-26 08:50:12.576814: I tensorflow/stream_executor/cuda/cuda_gpu_executor.cc:983] successful NUMA node read from SysFS had negative value (-1), but there must be at least one NUMA node, so returning NUMA node zero
2026-06-26 08:50:12.578603: I tensorflow/core/common_runtime/gpu/gpu_device.cc:1618] Found device 0 with properties: 
name: NVIDIA GeForce "
run_160197_issue_ori_data.json,1,Environment Failure,生成失败,,"Traceback (most recent call last):
  File ""/home/ubuntu/SYAN/GRADUATE/TeRL/Step5-Evaluate/baseline/CrossProbe-master/results/160197_issue_ori_data.py"", line 3, in <module>
    import tensorflow as tf
  File ""/home/ubuntu/miniconda3/envs/TeRL-Running/lib/python3.7/site-packages/tensorflow/__init__.py"", line 99, in <module>
    from tensorflow_core import *
  File ""/home/ubuntu/miniconda3/envs/TeRL-Running/lib/python3.7/site-packages/tensorflow_core/__init__.py"", line 28, in <module>
    from tens"
run_160317_issue_ori_data.json,0,Success,生成成功,,
run_160332_issue_ori_data.json,1,API Misuse,生成失败,,"Traceback (most recent call last):
  File ""/home/ubuntu/SYAN/GRADUATE/TeRL/Step5-Evaluate/baseline/CrossProbe-master/results/160332_issue_ori_data.py"", line 9, in <module>
    tf.keras.mixed_precision.set_global_policy('mixed_float16')
  File ""/home/ubuntu/miniconda3/envs/TeRL-Running/lib/python3.7/site-packages/tensorflow_core/python/util/module_wrapper.py"", line 193, in __getattr__
    attr = getattr(self._tfmw_wrapped_module, name)
AttributeError: module 'tensorflow.python.keras.api._v1.keras"
run_160409_issue_ori_data.json,0,Success,生成成功,,"Running tests under Python 3.7.0: /home/ubuntu/miniconda3/envs/TeRL-Running/bin/python
[ RUN      ] TestFlexAttention.test_builtin_score_mods_different_block_size_bfloat16_score_mod5_BLOCK_SIZE2
/home/ubuntu/miniconda3/envs/TeRL-Running/lib/python3.7/site-packages/tensorflow_core/python/framework/tensor_util.py:521: DeprecationWarning: tostring() is deprecated. Use tobytes() instead.
  tensor_proto.tensor_content = nparray.tostring()
[       OK ] TestFlexAttention.test_builtin_score_mods_differe"
run_160437_issue_ori_data.json,1,Execution Failure,生成失败,,"Traceback (most recent call last):
  File ""/home/ubuntu/miniconda3/envs/TeRL-Running/lib/python3.7/site-packages/tensorflow_core/python/framework/ops.py"", line 1607, in _create_c_op
    c_op = c_api.TF_FinishOperation(op_desc)
tensorflow.python.framework.errors_impl.InvalidArgumentError: Shape must be rank 1 but is rank 0 for 'random_normal/RandomStandardNormal' (op: 'RandomStandardNormal') with input shapes: [].

During handling of the above exception, another exception occurred:

Traceback (mo"
run_160495_issue_ori_data.json,1,API Misuse,生成失败,,"Traceback (most recent call last):
  File ""/home/ubuntu/SYAN/GRADUATE/TeRL/Step5-Evaluate/baseline/CrossProbe-master/results/160495_issue_ori_data.py"", line 25, in <module>
    x = tf.random.normal(shape=[1], dtype=tf.complex64)
  File ""/home/ubuntu/miniconda3/envs/TeRL-Running/lib/python3.7/site-packages/tensorflow_core/python/ops/random_ops.py"", line 74, in random_normal
    shape_tensor, dtype, seed=seed1, seed2=seed2)
  File ""/home/ubuntu/miniconda3/envs/TeRL-Running/lib/python3.7/site-packa"
run_160513_issue_ori_data.json,1,API Misuse,生成失败,"1.15.0
","Traceback (most recent call last):
  File ""/home/ubuntu/SYAN/GRADUATE/TeRL/Step5-Evaluate/baseline/CrossProbe-master/results/160513_issue_ori_data.py"", line 41, in <module>
    jacobian_result = tf.math.jacobian(test, x_input)
  File ""/home/ubuntu/miniconda3/envs/TeRL-Running/lib/python3.7/site-packages/tensorflow_core/python/util/module_wrapper.py"", line 193, in __getattr__
    attr = getattr(self._tfmw_wrapped_module, name)
AttributeError: module 'tensorflow._api.v1.math' has no attribute 'jac"
run_160520_issue_ori_data.json,1,API Misuse,生成失败,,"Traceback (most recent call last):
  File ""/home/ubuntu/SYAN/GRADUATE/TeRL/Step5-Evaluate/baseline/CrossProbe-master/results/160520_issue_ori_data.py"", line 34, in <module>
    tf.profiler.experimental.start(log_dir)
  File ""/home/ubuntu/miniconda3/envs/TeRL-Running/lib/python3.7/site-packages/tensorflow_core/python/util/module_wrapper.py"", line 193, in __getattr__
    attr = getattr(self._tfmw_wrapped_module, name)
AttributeError: module 'tensorflow._api.v1.profiler' has no attribute 'experimen"
run_160535_issue_ori_data.json,1,API Misuse,生成失败,,"Traceback (most recent call last):
  File ""/home/ubuntu/SYAN/GRADUATE/TeRL/Step5-Evaluate/baseline/CrossProbe-master/results/160535_issue_ori_data.py"", line 77, in <module>
    exported_program = Repro()
  File ""/home/ubuntu/SYAN/GRADUATE/TeRL/Step5-Evaluate/baseline/CrossProbe-master/results/160535_issue_ori_data.py"", line 24, in __init__
    dtype=tf.float32
  File ""/home/ubuntu/miniconda3/envs/TeRL-Running/lib/python3.7/site-packages/tensorflow_core/python/keras/engine/base_layer_utils.py"", l"
run_160547_issue_ori_data.json,0,Success,生成成功,,
run_160612_issue_ori_data.json,1,API Misuse,生成失败,,"WARNING:tensorflow:From /home/ubuntu/miniconda3/envs/TeRL-Running/lib/python3.7/site-packages/tensorflow_core/python/ops/resource_variable_ops.py:1630: calling BaseResourceVariable.__init__ (from tensorflow.python.ops.resource_variable_ops) with constraint is deprecated and will be removed in a future version.
Instructions for updating:
If using Keras pass *_constraint arguments to layers.
2026-06-26 08:56:08.340352: I tensorflow/stream_executor/platform/default/dso_loader.cc:44] Successfully op"
run_160630_issue_ori_data.json,1,Unknown Failure,生成失败,,"Traceback (most recent call last):
  File ""/home/ubuntu/SYAN/GRADUATE/TeRL/Step5-Evaluate/baseline/CrossProbe-master/results/160630_issue_ori_data.py"", line 5, in <module>
    out_tensor = tf.zeros_like(quant_input)  # <-- This triggers the error
NameError: name 'quant_input' is not defined
"
run_160646_issue_ori_data.json,1,Unknown Failure,生成失败,,"2026-06-26 08:51:50.062021: I tensorflow/stream_executor/platform/default/dso_loader.cc:44] Successfully opened dynamic library libcuda.so.1
2026-06-26 08:51:50.126725: I tensorflow/stream_executor/cuda/cuda_gpu_executor.cc:983] successful NUMA node read from SysFS had negative value (-1), but there must be at least one NUMA node, so returning NUMA node zero
2026-06-26 08:51:50.128324: I tensorflow/core/common_runtime/gpu/gpu_device.cc:1618] Found device 0 with properties: 
name: NVIDIA GeForce "
run_160730_issue_ori_data.json,1,API Misuse,生成失败,,"2026-06-26 08:57:28.205974: I tensorflow/stream_executor/platform/default/dso_loader.cc:44] Successfully opened dynamic library libcuda.so.1
2026-06-26 08:57:28.267028: I tensorflow/stream_executor/cuda/cuda_gpu_executor.cc:983] successful NUMA node read from SysFS had negative value (-1), but there must be at least one NUMA node, so returning NUMA node zero
2026-06-26 08:57:28.268552: I tensorflow/core/common_runtime/gpu/gpu_device.cc:1618] Found device 0 with properties: 
name: NVIDIA GeForce "
run_160737_issue_ori_data.json,0,Success,生成成功,"index_select test succeeds for device: cpu. output shape: (3,)
index_select test succeeds for device: mps. output shape: (3,)
",
run_160738_issue_ori_data.json,0,Success,生成成功,"var test fails for device: cpu: Invalid reduction dimension 0 for input with 0 dimensions. for 'reduce_variance/Mean' (op: 'Mean') with input shapes: [], [] and with computed input tensors: input[1] = <0>.
var test fails for device: mps: Invalid reduction dimension 0 for input with 0 dimensions. for 'reduce_variance_1/Mean' (op: 'Mean') with input shapes: [], [] and with computed input tensors: input[1] = <0>.
",
run_160743_issue_ori_data.json,1,API Misuse,生成失败,,"Traceback (most recent call last):
  File ""/home/ubuntu/SYAN/GRADUATE/TeRL/Step5-Evaluate/baseline/CrossProbe-master/results/160743_issue_ori_data.py"", line 5, in <module>
    tf.random.set_seed(0)
  File ""/home/ubuntu/miniconda3/envs/TeRL-Running/lib/python3.7/site-packages/tensorflow_core/python/util/module_wrapper.py"", line 193, in __getattr__
    attr = getattr(self._tfmw_wrapped_module, name)
AttributeError: module 'tensorflow._api.v1.random' has no attribute 'set_seed'
"
run_160751_issue_ori_data.json,0,Success,生成成功,,"2026-06-26 08:50:42.156533: I tensorflow/stream_executor/platform/default/dso_loader.cc:44] Successfully opened dynamic library libcuda.so.1
2026-06-26 08:50:42.224863: I tensorflow/stream_executor/cuda/cuda_gpu_executor.cc:983] successful NUMA node read from SysFS had negative value (-1), but there must be at least one NUMA node, so returning NUMA node zero
2026-06-26 08:50:42.226336: I tensorflow/core/common_runtime/gpu/gpu_device.cc:1618] Found device 0 with properties: 
name: NVIDIA GeForce "
run_160752_issue_ori_data.json,1,API Misuse,生成失败,,"Traceback (most recent call last):
  File ""/home/ubuntu/SYAN/GRADUATE/TeRL/Step5-Evaluate/baseline/CrossProbe-master/results/160752_issue_ori_data.py"", line 26, in <module>
    out = jacfunc(x, idxs)
  File ""/home/ubuntu/SYAN/GRADUATE/TeRL/Step5-Evaluate/baseline/CrossProbe-master/results/160752_issue_ori_data.py"", line 17, in jacfunc
    return tf.math.jacobian(lambda x_in: func(x_in, idxs), x)
  File ""/home/ubuntu/miniconda3/envs/TeRL-Running/lib/python3.7/site-packages/tensorflow_core/python/"
run_160761_issue_ori_data.json,1,Unknown Failure,生成失败,,"Traceback (most recent call last):
  File ""/home/ubuntu/miniconda3/envs/TeRL-Running/lib/python3.7/site-packages/transformers/configuration_utils.py"", line 609, in _get_config_dict
    user_agent=user_agent,
  File ""/home/ubuntu/miniconda3/envs/TeRL-Running/lib/python3.7/site-packages/transformers/utils/hub.py"", line 292, in cached_path
    local_files_only=local_files_only,
  File ""/home/ubuntu/miniconda3/envs/TeRL-Running/lib/python3.7/site-packages/transformers/utils/hub.py"", line 479, in get"
run_160804_issue_ori_data.json,1,API Misuse,生成失败,,"Traceback (most recent call last):
  File ""/home/ubuntu/SYAN/GRADUATE/TeRL/Step5-Evaluate/baseline/CrossProbe-master/results/160804_issue_ori_data.py"", line 5, in <module>
    print(f""CUDA Available: {len(tf.config.list_physical_devices('GPU')) > 0}"")  # Returns False
  File ""/home/ubuntu/miniconda3/envs/TeRL-Running/lib/python3.7/site-packages/tensorflow_core/python/util/module_wrapper.py"", line 193, in __getattr__
    attr = getattr(self._tfmw_wrapped_module, name)
AttributeError: module 'tens"
run_160840_issue_ori_data.json,1,API Misuse,生成失败,,"Traceback (most recent call last):
  File ""/home/ubuntu/SYAN/GRADUATE/TeRL/Step5-Evaluate/baseline/CrossProbe-master/results/160840_issue_ori_data.py"", line 6, in <module>
    tf.random.set_seed(0)
  File ""/home/ubuntu/miniconda3/envs/TeRL-Running/lib/python3.7/site-packages/tensorflow_core/python/util/module_wrapper.py"", line 193, in __getattr__
    attr = getattr(self._tfmw_wrapped_module, name)
AttributeError: module 'tensorflow._api.v1.random' has no attribute 'set_seed'
"
run_160841_issue_ori_data.json,1,Missing Dependency,执行失败,,"Traceback (most recent call last):
  File ""/home/ubuntu/SYAN/GRADUATE/TeRL/Step5-Evaluate/baseline/CrossProbe-master/results/160841_issue_ori_data.py"", line 6, in <module>
    model = TFAutoModelForCausalLM.from_pretrained(""microsoft/phi-2"", from_pt=True, trust_remote_code=True)
  File ""/home/ubuntu/miniconda3/envs/TeRL-Running/lib/python3.7/site-packages/transformers/utils/import_utils.py"", line 821, in __getattr__
    requires_backends(cls, cls._backends)
  File ""/home/ubuntu/miniconda3/envs/T"
run_160845_issue_ori_data.json,1,API Misuse,生成失败,,"Traceback (most recent call last):
  File ""/home/ubuntu/SYAN/GRADUATE/TeRL/Step5-Evaluate/baseline/CrossProbe-master/results/160845_issue_ori_data.py"", line 4, in <module>
    tf.random.set_seed(0)
  File ""/home/ubuntu/miniconda3/envs/TeRL-Running/lib/python3.7/site-packages/tensorflow_core/python/util/module_wrapper.py"", line 193, in __getattr__
    attr = getattr(self._tfmw_wrapped_module, name)
AttributeError: module 'tensorflow._api.v1.random' has no attribute 'set_seed'
"
run_160868_issue_ori_data.json,1,API Misuse,生成失败,"[eager] OK, output shape: (Dimension(1),)
[compile:aot_eager] OK, output shape: (Dimension(1),)
[compile:inductor(default)] running ...
","2026-06-26 08:56:25.701267: I tensorflow/stream_executor/platform/default/dso_loader.cc:44] Successfully opened dynamic library libcuda.so.1
2026-06-26 08:56:25.758917: E tensorflow/stream_executor/cuda/cuda_driver.cc:318] failed call to cuInit: CUDA_ERROR_NO_DEVICE: no CUDA-capable device is detected
2026-06-26 08:56:25.758950: I tensorflow/stream_executor/cuda/cuda_diagnostics.cc:169] retrieving CUDA diagnostic information for host: MTLABCA3DLSYAN1
2026-06-26 08:56:25.759100: I tensorflow/stre"
run_160882_issue_ori_data.json,0,Success,生成成功,,"2026-06-26 08:57:33.736749: I tensorflow/stream_executor/platform/default/dso_loader.cc:44] Successfully opened dynamic library libcuda.so.1
2026-06-26 08:57:33.794938: I tensorflow/stream_executor/cuda/cuda_gpu_executor.cc:983] successful NUMA node read from SysFS had negative value (-1), but there must be at least one NUMA node, so returning NUMA node zero
2026-06-26 08:57:33.796276: I tensorflow/core/common_runtime/gpu/gpu_device.cc:1618] Found device 0 with properties: 
name: NVIDIA GeForce "
run_160901_issue_ori_data.json,1,Code Generation Error,生成失败,,"  File ""/home/ubuntu/SYAN/GRADUATE/TeRL/Step5-Evaluate/baseline/CrossProbe-master/results/160901_issue_ori_data.py"", line 1
    ```python
    ^
SyntaxError: invalid syntax
"
run_160964_issue_ori_data.json,1,API Misuse,生成失败,,"Traceback (most recent call last):
  File ""/home/ubuntu/miniconda3/envs/TeRL-Running/lib/python3.7/site-packages/tensorflow_core/python/framework/op_def_library.py"", line 528, in _apply_op_helper
    preferred_dtype=default_dtype)
  File ""/home/ubuntu/miniconda3/envs/TeRL-Running/lib/python3.7/site-packages/tensorflow_core/python/framework/ops.py"", line 1273, in internal_convert_to_tensor
    (dtype.name, value.dtype.name, value))
ValueError: Tensor conversion requested dtype int32 for Tensor wi"
run_161010_issue_ori_data.json,1,Missing Dependency,执行失败,,"Traceback (most recent call last):
  File ""/home/ubuntu/SYAN/GRADUATE/TeRL/Step5-Evaluate/baseline/CrossProbe-master/results/161010_issue_ori_data.py"", line 2, in <module>
    import tensorflow.experimental.numpy as tnp
ModuleNotFoundError: No module named 'tensorflow.experimental.numpy'
"
run_161070_issue_ori_data.json,1,API Misuse,生成失败,,"Traceback (most recent call last):
  File ""/home/ubuntu/SYAN/GRADUATE/TeRL/Step5-Evaluate/baseline/CrossProbe-master/results/161070_issue_ori_data.py"", line 5, in <module>
    tf.keras.mixed_precision.set_global_policy('mixed_bfloat16')
  File ""/home/ubuntu/miniconda3/envs/TeRL-Running/lib/python3.7/site-packages/tensorflow_core/python/util/module_wrapper.py"", line 193, in __getattr__
    attr = getattr(self._tfmw_wrapped_module, name)
AttributeError: module 'tensorflow.python.keras.api._v1.kera"
run_161116_issue_ori_data.json,1,API Misuse,生成失败,,"Traceback (most recent call last):
  File ""/home/ubuntu/SYAN/GRADUATE/TeRL/Step5-Evaluate/baseline/CrossProbe-master/results/161116_issue_ori_data.py"", line 34, in <module>
    main()
  File ""/home/ubuntu/SYAN/GRADUATE/TeRL/Step5-Evaluate/baseline/CrossProbe-master/results/161116_issue_ori_data.py"", line 10, in main
    physical_devices = tf.config.list_physical_devices('GPU')
  File ""/home/ubuntu/miniconda3/envs/TeRL-Running/lib/python3.7/site-packages/tensorflow_core/python/util/module_wrapper"
run_161139_issue_ori_data.json,1,API Misuse,生成失败,,"Traceback (most recent call last):
  File ""/home/ubuntu/SYAN/GRADUATE/TeRL/Step5-Evaluate/baseline/CrossProbe-master/results/161139_issue_ori_data.py"", line 14, in <module>
    t = tf.empty([514*MB], dtype=tf.int8)
  File ""/home/ubuntu/miniconda3/envs/TeRL-Running/lib/python3.7/site-packages/tensorflow_core/python/util/module_wrapper.py"", line 193, in __getattr__
    attr = getattr(self._tfmw_wrapped_module, name)
AttributeError: module 'tensorflow' has no attribute 'empty'
"
run_161186_issue_ori_data.json,1,API Misuse,生成失败,,"Traceback (most recent call last):
  File ""/home/ubuntu/SYAN/GRADUATE/TeRL/Step5-Evaluate/baseline/CrossProbe-master/results/161186_issue_ori_data.py"", line 29, in <module>
    full_out = op_fn(dummy_input)
  File ""/home/ubuntu/SYAN/GRADUATE/TeRL/Step5-Evaluate/baseline/CrossProbe-master/results/161186_issue_ori_data.py"", line 17, in op_fn
    return my_op(inp)[0]
  File ""/home/ubuntu/miniconda3/envs/TeRL-Running/lib/python3.7/site-packages/tensorflow_core/python/ops/custom_gradient.py"", line 16"
run_161256_issue_ori_data.json,0,Success,生成成功,"Tensor(""strided_slice:0"", shape=(), dtype=float64)
",
run_161265_issue_ori_data.json,0,Success,生成成功,"Tensor(""strided_slice:0"", shape=(), dtype=int8)
Tensor(""strided_slice_1:0"", shape=(2,), dtype=int8)
",
run_161318_issue_ori_data.json,1,API Misuse,生成失败,,"2026-06-26 08:51:01.045014: I tensorflow/stream_executor/platform/default/dso_loader.cc:44] Successfully opened dynamic library libcuda.so.1
2026-06-26 08:51:01.091419: I tensorflow/stream_executor/cuda/cuda_gpu_executor.cc:983] successful NUMA node read from SysFS had negative value (-1), but there must be at least one NUMA node, so returning NUMA node zero
2026-06-26 08:51:01.092993: I tensorflow/core/common_runtime/gpu/gpu_device.cc:1618] Found device 0 with properties: 
name: NVIDIA GeForce "
run_161361_issue_ori_data.json,1,Missing Dependency,执行失败,,"Traceback (most recent call last):
  File ""/home/ubuntu/SYAN/GRADUATE/TeRL/Step5-Evaluate/baseline/CrossProbe-master/results/161361_issue_ori_data.py"", line 4, in <module>
    import statsmodels.api as sm
ModuleNotFoundError: No module named 'statsmodels'
"
run_161391_issue_ori_data.json,1,Missing Dependency,执行失败,,"Traceback (most recent call last):
  File ""/home/ubuntu/SYAN/GRADUATE/TeRL/Step5-Evaluate/baseline/CrossProbe-master/results/161391_issue_ori_data.py"", line 3, in <module>
    import gc, psutil
ModuleNotFoundError: No module named 'psutil'
"
run_161393_issue_ori_data.json,0,Success,生成成功,"Tensor(""PartitionedCall:0"", shape=(?, 0), dtype=int64)
","2026-06-26 08:56:46.600820: I tensorflow/stream_executor/platform/default/dso_loader.cc:44] Successfully opened dynamic library libcuda.so.1
2026-06-26 08:56:46.662847: I tensorflow/stream_executor/cuda/cuda_gpu_executor.cc:983] successful NUMA node read from SysFS had negative value (-1), but there must be at least one NUMA node, so returning NUMA node zero
2026-06-26 08:56:46.664492: I tensorflow/core/common_runtime/gpu/gpu_device.cc:1618] Found device 0 with properties: 
name: NVIDIA GeForce "
run_161415_issue_ori_data.json,0,Success,生成成功,,
run_161457_issue_ori_data.json,0,Success,生成成功,,
run_161518_issue_ori_data.json,1,API Misuse,生成失败,,"Traceback (most recent call last):
  File ""/home/ubuntu/SYAN/GRADUATE/TeRL/Step5-Evaluate/baseline/CrossProbe-master/results/161518_issue_ori_data.py"", line 6, in <module>
    for dtype in [tf.float8_e4m3fn, tf.bfloat16, tf.float32]:
  File ""/home/ubuntu/miniconda3/envs/TeRL-Running/lib/python3.7/site-packages/tensorflow_core/python/util/module_wrapper.py"", line 193, in __getattr__
    attr = getattr(self._tfmw_wrapped_module, name)
AttributeError: module 'tensorflow' has no attribute 'float8_e4"
run_161542_issue_ori_data.json,0,Success,生成成功,,
run_161562_issue_ori_data.json,0,Success,生成成功,"Tensor(""PartitionedCall:0"", shape=(1,), dtype=float32)
","2026-06-26 08:52:34.278544: I tensorflow/stream_executor/platform/default/dso_loader.cc:44] Successfully opened dynamic library libcuda.so.1
2026-06-26 08:52:34.329753: I tensorflow/stream_executor/cuda/cuda_gpu_executor.cc:983] successful NUMA node read from SysFS had negative value (-1), but there must be at least one NUMA node, so returning NUMA node zero
2026-06-26 08:52:34.331271: I tensorflow/core/common_runtime/gpu/gpu_device.cc:1618] Found device 0 with properties: 
name: NVIDIA GeForce "
run_161563_issue_ori_data.json,1,Unknown Failure,生成失败,,"Traceback (most recent call last):
  File ""/home/ubuntu/miniconda3/envs/TeRL-Running/lib/python3.7/site-packages/transformers/configuration_utils.py"", line 609, in _get_config_dict
    user_agent=user_agent,
  File ""/home/ubuntu/miniconda3/envs/TeRL-Running/lib/python3.7/site-packages/transformers/utils/hub.py"", line 292, in cached_path
    local_files_only=local_files_only,
  File ""/home/ubuntu/miniconda3/envs/TeRL-Running/lib/python3.7/site-packages/transformers/utils/hub.py"", line 479, in get"
run_161610_issue_ori_data.json,1,API Misuse,生成失败,"
Testing NamedTuple with __setattr__:
","Traceback (most recent call last):
  File ""/home/ubuntu/SYAN/GRADUATE/TeRL/Step5-Evaluate/baseline/CrossProbe-master/results/161610_issue_ori_data.py"", line 23, in <module>
    setattr_result = fn(extended_tup)
  File ""/home/ubuntu/SYAN/GRADUATE/TeRL/Step5-Evaluate/baseline/CrossProbe-master/results/161610_issue_ori_data.py"", line 18, in fn
    tup.extra_info = extra_info  # Add dynamic attribute
AttributeError: 'MyNamedTupleSubclass' object has no attribute 'extra_info'
"
run_161611_issue_ori_data.json,1,Unknown Failure,生成失败,,"Traceback (most recent call last):
  File ""/home/ubuntu/SYAN/GRADUATE/TeRL/Step5-Evaluate/baseline/CrossProbe-master/results/161611_issue_ori_data.py"", line 4, in <module>
    attn_bias = tf.zeros([L, S], dtype=query.dtype)  # Already query.dtype
NameError: name 'L' is not defined
"
run_161618_issue_ori_data.json,1,API Misuse,生成失败,,"Traceback (most recent call last):
  File ""/home/ubuntu/SYAN/GRADUATE/TeRL/Step5-Evaluate/baseline/CrossProbe-master/results/161618_issue_ori_data.py"", line 31, in <module>
    compiled = tf.function(f, jit_compile=True)
TypeError: function() got an unexpected keyword argument 'jit_compile'
"
run_161638_issue_ori_data.json,1,Code Generation Error,生成失败,,"  File ""<fstring>"", line 1
    (y=)
      ^
SyntaxError: invalid syntax
"
run_161729_issue_ori_data.json,1,API Misuse,生成失败,"(128, 4096) None
(128, 4096) None
","Traceback (most recent call last):
  File ""/home/ubuntu/SYAN/GRADUATE/TeRL/Step5-Evaluate/baseline/CrossProbe-master/results/161729_issue_ori_data.py"", line 26, in <module>
    out_np = np.einsum(""fd,bd->bf"", w.numpy(), x.numpy())
AttributeError: 'Tensor' object has no attribute 'numpy'
"
run_161735_issue_ori_data.json,1,Unknown Failure,生成失败,,"2026-06-26 08:52:02.539350: I tensorflow/stream_executor/platform/default/dso_loader.cc:44] Successfully opened dynamic library libcuda.so.1
2026-06-26 08:52:02.599148: I tensorflow/stream_executor/cuda/cuda_gpu_executor.cc:983] successful NUMA node read from SysFS had negative value (-1), but there must be at least one NUMA node, so returning NUMA node zero
2026-06-26 08:52:02.600916: I tensorflow/core/common_runtime/gpu/gpu_device.cc:1618] Found device 0 with properties: 
name: NVIDIA GeForce "
run_161763_issue_ori_data.json,1,API Misuse,生成失败,,"Traceback (most recent call last):
  File ""/home/ubuntu/SYAN/GRADUATE/TeRL/Step5-Evaluate/baseline/CrossProbe-master/results/161763_issue_ori_data.py"", line 12, in <module>
    tf.random.set_seed(0)
  File ""/home/ubuntu/miniconda3/envs/TeRL-Running/lib/python3.7/site-packages/tensorflow_core/python/util/module_wrapper.py"", line 193, in __getattr__
    attr = getattr(self._tfmw_wrapped_module, name)
AttributeError: module 'tensorflow._api.v1.random' has no attribute 'set_seed'
"
run_161812_issue_ori_data.json,1,API Misuse,生成失败,,"Traceback (most recent call last):
  File ""/home/ubuntu/SYAN/GRADUATE/TeRL/Step5-Evaluate/baseline/CrossProbe-master/results/161812_issue_ori_data.py"", line 6, in <module>
    x = tf.ragged.constant([tf.ones((3, 2, 3)).numpy(), tf.ones((4, 2, 3)).numpy()])
AttributeError: 'Tensor' object has no attribute 'numpy'
"
run_161818_issue_ori_data.json,0,Success,生成成功,,"WARNING:tensorflow:From /home/ubuntu/miniconda3/envs/TeRL-Running/lib/python3.7/site-packages/tensorflow_core/python/ops/resource_variable_ops.py:1630: calling BaseResourceVariable.__init__ (from tensorflow.python.ops.resource_variable_ops) with constraint is deprecated and will be removed in a future version.
Instructions for updating:
If using Keras pass *_constraint arguments to layers.
2026-06-26 08:55:07.430941: I tensorflow/stream_executor/platform/default/dso_loader.cc:44] Successfully op"
run_161822_issue_ori_data.json,1,API Misuse,生成失败,,"Traceback (most recent call last):
  File ""/home/ubuntu/SYAN/GRADUATE/TeRL/Step5-Evaluate/baseline/CrossProbe-master/results/161822_issue_ori_data.py"", line 22, in <module>
    _ = c.numpy()
AttributeError: 'Tensor' object has no attribute 'numpy'
"
run_161871_issue_ori_data.json,1,API Misuse,生成失败,"1.15.0
","Traceback (most recent call last):
  File ""/home/ubuntu/SYAN/GRADUATE/TeRL/Step5-Evaluate/baseline/CrossProbe-master/results/161871_issue_ori_data.py"", line 17, in <module>
    tensor = tf.math.mvlgamma(tf.cast(input[0][0], tf.float32), input[0][1])
  File ""/home/ubuntu/miniconda3/envs/TeRL-Running/lib/python3.7/site-packages/tensorflow_core/python/util/module_wrapper.py"", line 193, in __getattr__
    attr = getattr(self._tfmw_wrapped_module, name)
AttributeError: module 'tensorflow._api.v1.math"
run_161875_issue_ori_data.json,1,API Misuse,生成失败,,"Traceback (most recent call last):
  File ""/home/ubuntu/SYAN/GRADUATE/TeRL/Step5-Evaluate/baseline/CrossProbe-master/results/161875_issue_ori_data.py"", line 8, in <module>
    padding=9223372036854775803, use_bias=True)
  File ""/home/ubuntu/miniconda3/envs/TeRL-Running/lib/python3.7/site-packages/tensorflow_core/python/keras/layers/convolutional.py"", line 382, in __init__
    **kwargs)
  File ""/home/ubuntu/miniconda3/envs/TeRL-Running/lib/python3.7/site-packages/tensorflow_core/python/keras/laye"
run_161877_issue_ori_data.json,0,Success,生成成功,,"WARNING:tensorflow:From /home/ubuntu/miniconda3/envs/TeRL-Running/lib/python3.7/site-packages/tensorflow_core/python/ops/resource_variable_ops.py:1630: calling BaseResourceVariable.__init__ (from tensorflow.python.ops.resource_variable_ops) with constraint is deprecated and will be removed in a future version.
Instructions for updating:
If using Keras pass *_constraint arguments to layers.
"
run_161888_issue_ori_data.json,1,Unknown Failure,生成失败,"1.15.0
","Traceback (most recent call last):
  File ""/home/ubuntu/SYAN/GRADUATE/TeRL/Step5-Evaluate/baseline/CrossProbe-master/results/161888_issue_ori_data.py"", line 11, in <module>
    dtype=tf.int16
  File ""/home/ubuntu/miniconda3/envs/TeRL-Running/lib/python3.7/site-packages/tensorflow_core/python/ops/random_ops.py"", line 231, in random_uniform
    raise ValueError(""Invalid dtype %r"" % dtype)
ValueError: Invalid dtype tf.int16
"
run_161904_issue_ori_data.json,1,Missing Dependency,执行失败,,"Traceback (most recent call last):
  File ""/home/ubuntu/SYAN/GRADUATE/TeRL/Step5-Evaluate/baseline/CrossProbe-master/results/161904_issue_ori_data.py"", line 8, in <module>
    from tensorflow.python.eager.context import get_device_name
ImportError: cannot import name 'get_device_name' from 'tensorflow.python.eager.context' (/home/ubuntu/miniconda3/envs/TeRL-Running/lib/python3.7/site-packages/tensorflow_core/python/eager/context.py)
"
run_161905_issue_ori_data.json,0,Success,生成成功,,"WARNING:tensorflow:From /home/ubuntu/miniconda3/envs/TeRL-Running/lib/python3.7/site-packages/tensorflow_core/python/ops/resource_variable_ops.py:1630: calling BaseResourceVariable.__init__ (from tensorflow.python.ops.resource_variable_ops) with constraint is deprecated and will be removed in a future version.
Instructions for updating:
If using Keras pass *_constraint arguments to layers.
2026-06-26 08:56:37.346062: I tensorflow/stream_executor/platform/default/dso_loader.cc:44] Successfully op"
run_161906_issue_ori_data.json,1,API Misuse,生成失败,,"Traceback (most recent call last):
  File ""/home/ubuntu/SYAN/GRADUATE/TeRL/Step5-Evaluate/baseline/CrossProbe-master/results/161906_issue_ori_data.py"", line 66, in <module>
    main()
  File ""/home/ubuntu/SYAN/GRADUATE/TeRL/Step5-Evaluate/baseline/CrossProbe-master/results/161906_issue_ori_data.py"", line 43, in main
    gpus = tf.config.list_physical_devices('GPU')
  File ""/home/ubuntu/miniconda3/envs/TeRL-Running/lib/python3.7/site-packages/tensorflow_core/python/util/module_wrapper.py"", line 1"
run_161944_issue_ori_data.json,1,API Misuse,生成失败,,"2026-06-26 08:48:46.794398: I tensorflow/stream_executor/platform/default/dso_loader.cc:44] Successfully opened dynamic library libcuda.so.1
2026-06-26 08:48:46.862419: I tensorflow/stream_executor/cuda/cuda_gpu_executor.cc:983] successful NUMA node read from SysFS had negative value (-1), but there must be at least one NUMA node, so returning NUMA node zero
2026-06-26 08:48:46.864165: I tensorflow/core/common_runtime/gpu/gpu_device.cc:1618] Found device 0 with properties: 
name: NVIDIA GeForce "
run_161948_issue_ori_data.json,1,Missing Dependency,执行失败,,"Traceback (most recent call last):
  File ""/home/ubuntu/SYAN/GRADUATE/TeRL/Step5-Evaluate/baseline/CrossProbe-master/results/161948_issue_ori_data.py"", line 4, in <module>
    import matplotlib.pyplot as plt
ModuleNotFoundError: No module named 'matplotlib'
"
run_161969_issue_ori_data.json,0,Success,生成成功,,"2026-06-26 08:51:57.571904: I tensorflow/stream_executor/platform/default/dso_loader.cc:44] Successfully opened dynamic library libcuda.so.1
2026-06-26 08:51:57.640294: I tensorflow/stream_executor/cuda/cuda_gpu_executor.cc:983] successful NUMA node read from SysFS had negative value (-1), but there must be at least one NUMA node, so returning NUMA node zero
2026-06-26 08:51:57.641950: I tensorflow/core/common_runtime/gpu/gpu_device.cc:1618] Found device 0 with properties: 
name: NVIDIA GeForce "
run_162049_issue_ori_data.json,1,API Misuse,生成失败,,"Traceback (most recent call last):
  File ""/home/ubuntu/miniconda3/envs/TeRL-Running/lib/python3.7/site-packages/numpy/core/fromnumeric.py"", line 3160, in ndim
    return a.ndim
AttributeError: 'Tensor' object has no attribute 'ndim'

During handling of the above exception, another exception occurred:

Traceback (most recent call last):
  File ""/home/ubuntu/SYAN/GRADUATE/TeRL/Step5-Evaluate/baseline/CrossProbe-master/results/162049_issue_ori_data.py"", line 7, in <module>
    [tf.range(0, n, dtyp"
run_162061_issue_ori_data.json,1,Missing Dependency,执行失败,,"Traceback (most recent call last):
  File ""/home/ubuntu/SYAN/GRADUATE/TeRL/Step5-Evaluate/baseline/CrossProbe-master/results/162061_issue_ori_data.py"", line 4, in <module>
    from tensorflow.python.eager.context import get_device_name
ImportError: cannot import name 'get_device_name' from 'tensorflow.python.eager.context' (/home/ubuntu/miniconda3/envs/TeRL-Running/lib/python3.7/site-packages/tensorflow_core/python/eager/context.py)
"
run_162064_issue_ori_data.json,0,Success,生成成功,"input_tensor
Tensor(""Const:0"", shape=(3, 3), dtype=float32)
CPU Output:
Tensor(""MatrixInverse:0"", shape=(3, 3), dtype=float32)
input_tensor
Tensor(""Identity:0"", shape=(3, 3), dtype=float32, device=/device:GPU:0)

GPU Output:
Tensor(""MatrixInverse_1:0"", shape=(3, 3), dtype=float32, device=/device:GPU:0)
",
run_162065_issue_ori_data.json,1,API Misuse,生成失败,"input_tensor: 
","Traceback (most recent call last):
  File ""/home/ubuntu/SYAN/GRADUATE/TeRL/Step5-Evaluate/baseline/CrossProbe-master/results/162065_issue_ori_data.py"", line 11, in <module>
    print(input_tensor.numpy())
AttributeError: 'Tensor' object has no attribute 'numpy'
"
run_162110_issue_ori_data.json,1,Missing Dependency,执行失败,,"Traceback (most recent call last):
  File ""/home/ubuntu/SYAN/GRADUATE/TeRL/Step5-Evaluate/baseline/CrossProbe-master/results/162110_issue_ori_data.py"", line 26, in <module>
    from transformers.models.qwen3_moe.configuration_qwen3_moe import Qwen3MoeConfig
ModuleNotFoundError: No module named 'transformers.models.qwen3_moe'

During handling of the above exception, another exception occurred:

Traceback (most recent call last):
  File ""/home/ubuntu/miniconda3/envs/TeRL-Running/lib/python3.7/site"
run_162129_issue_ori_data.json,1,API Misuse,生成失败,,"2026-06-26 08:52:50.065009: I tensorflow/stream_executor/platform/default/dso_loader.cc:44] Successfully opened dynamic library libcuda.so.1
2026-06-26 08:52:50.108318: I tensorflow/stream_executor/cuda/cuda_gpu_executor.cc:983] successful NUMA node read from SysFS had negative value (-1), but there must be at least one NUMA node, so returning NUMA node zero
2026-06-26 08:52:50.109405: I tensorflow/core/common_runtime/gpu/gpu_device.cc:1618] Found device 0 with properties: 
name: NVIDIA GeForce "
run_162146_issue_ori_data.json,1,API Misuse,生成失败,,"Traceback (most recent call last):
  File ""/home/ubuntu/SYAN/GRADUATE/TeRL/Step5-Evaluate/baseline/CrossProbe-master/results/162146_issue_ori_data.py"", line 4, in <module>
    tf.random.set_seed(2025)
  File ""/home/ubuntu/miniconda3/envs/TeRL-Running/lib/python3.7/site-packages/tensorflow_core/python/util/module_wrapper.py"", line 193, in __getattr__
    attr = getattr(self._tfmw_wrapped_module, name)
AttributeError: module 'tensorflow._api.v1.random' has no attribute 'set_seed'
"
run_162147_issue_ori_data.json,0,Success,生成成功,,
run_162156_issue_ori_data.json,1,Unknown Failure,生成失败,,"Traceback (most recent call last):
  File ""/home/ubuntu/SYAN/GRADUATE/TeRL/Step5-Evaluate/baseline/CrossProbe-master/results/162156_issue_ori_data.py"", line 18, in <module>
    traced_model = tf.function(model)
NameError: name 'model' is not defined
"
run_162228_issue_ori_data.json,1,API Misuse,生成失败,,"Traceback (most recent call last):
  File ""/home/ubuntu/SYAN/GRADUATE/TeRL/Step5-Evaluate/baseline/CrossProbe-master/results/162228_issue_ori_data.py"", line 64, in <module>
    DEVICE = ""/gpu:0"" if tf.config.list_physical_devices('GPU') else ""/cpu:0""
  File ""/home/ubuntu/miniconda3/envs/TeRL-Running/lib/python3.7/site-packages/tensorflow_core/python/util/module_wrapper.py"", line 193, in __getattr__
    attr = getattr(self._tfmw_wrapped_module, name)
AttributeError: module 'tensorflow._api.v1.con"
run_162242_issue_ori_data.json,1,API Misuse,生成失败,,"Traceback (most recent call last):
  File ""/home/ubuntu/SYAN/GRADUATE/TeRL/Step5-Evaluate/baseline/CrossProbe-master/results/162242_issue_ori_data.py"", line 106, in <module>
    test_non_deterministic()
  File ""/home/ubuntu/SYAN/GRADUATE/TeRL/Step5-Evaluate/baseline/CrossProbe-master/results/162242_issue_ori_data.py"", line 94, in test_non_deterministic
    grads = tape.gradient(loss, [inputs, src])
  File ""/home/ubuntu/miniconda3/envs/TeRL-Running/lib/python3.7/site-packages/tensorflow_core/pyth"
run_162248_issue_ori_data.json,1,API Misuse,生成失败,"1.15.0
","multiprocessing.pool.RemoteTraceback: 
""""""
Traceback (most recent call last):
  File ""/home/ubuntu/miniconda3/envs/TeRL-Running/lib/python3.7/multiprocessing/pool.py"", line 121, in worker
    result = (True, func(*args, **kwds))
  File ""/home/ubuntu/miniconda3/envs/TeRL-Running/lib/python3.7/multiprocessing/pool.py"", line 44, in mapstar
    return list(map(*args))
  File ""/home/ubuntu/SYAN/GRADUATE/TeRL/Step5-Evaluate/baseline/CrossProbe-master/results/162248_issue_ori_data.py"", line 23, in run
"
run_162251_issue_ori_data.json,1,API Misuse,生成失败,"1.15.0
","Traceback (most recent call last):
  File ""/home/ubuntu/SYAN/GRADUATE/TeRL/Step5-Evaluate/baseline/CrossProbe-master/results/162251_issue_ori_data.py"", line 12, in <module>
    r1 = tf.keras.layers.PixelShuffle(*input[0],**input[1])
  File ""/home/ubuntu/miniconda3/envs/TeRL-Running/lib/python3.7/site-packages/tensorflow_core/python/util/module_wrapper.py"", line 193, in __getattr__
    attr = getattr(self._tfmw_wrapped_module, name)
AttributeError: module 'tensorflow.python.keras.api._v1.keras.la"
run_162271_issue_ori_data.json,1,Unknown Failure,生成失败,,"2026-06-26 08:51:24.231965: I tensorflow/stream_executor/platform/default/dso_loader.cc:44] Successfully opened dynamic library libcuda.so.1
2026-06-26 08:51:24.293240: I tensorflow/stream_executor/cuda/cuda_gpu_executor.cc:983] successful NUMA node read from SysFS had negative value (-1), but there must be at least one NUMA node, so returning NUMA node zero
2026-06-26 08:51:24.294894: I tensorflow/core/common_runtime/gpu/gpu_device.cc:1618] Found device 0 with properties: 
name: NVIDIA GeForce "
run_162279_issue_ori_data.json,0,Success,生成成功,,
run_162302_issue_ori_data.json,1,API Misuse,生成失败,,"Traceback (most recent call last):
  File ""/home/ubuntu/SYAN/GRADUATE/TeRL/Step5-Evaluate/baseline/CrossProbe-master/results/162302_issue_ori_data.py"", line 22, in <module>
    print(""CPU:\n"", cpu_result.numpy())
AttributeError: 'Tensor' object has no attribute 'numpy'
"
run_162313_issue_ori_data.json,0,Success,生成成功,,"2026-06-26 08:52:24.244546: I tensorflow/stream_executor/platform/default/dso_loader.cc:44] Successfully opened dynamic library libcuda.so.1
2026-06-26 08:52:24.313346: I tensorflow/stream_executor/cuda/cuda_gpu_executor.cc:983] successful NUMA node read from SysFS had negative value (-1), but there must be at least one NUMA node, so returning NUMA node zero
2026-06-26 08:52:24.315113: I tensorflow/core/common_runtime/gpu/gpu_device.cc:1618] Found device 0 with properties: 
name: NVIDIA GeForce "
run_162327_issue_ori_data.json,1,API Misuse,生成失败,"1.15.0
","Traceback (most recent call last):
  File ""/home/ubuntu/SYAN/GRADUATE/TeRL/Step5-Evaluate/baseline/CrossProbe-master/results/162327_issue_ori_data.py"", line 10, in <module>
    tf.empty((5, 7, 4, 3, 7, 6), dtype=tf.int8),
  File ""/home/ubuntu/miniconda3/envs/TeRL-Running/lib/python3.7/site-packages/tensorflow_core/python/util/module_wrapper.py"", line 193, in __getattr__
    attr = getattr(self._tfmw_wrapped_module, name)
AttributeError: module 'tensorflow' has no attribute 'empty'
"
run_162359_issue_ori_data.json,1,Missing Dependency,执行失败,,"Traceback (most recent call last):
  File ""/home/ubuntu/SYAN/GRADUATE/TeRL/Step5-Evaluate/baseline/CrossProbe-master/results/162359_issue_ori_data.py"", line 2, in <module>
    import matplotlib.pyplot as plt
ModuleNotFoundError: No module named 'matplotlib'
"
run_162408_issue_ori_data.json,1,API Misuse,生成失败,,"Traceback (most recent call last):
  File ""/home/ubuntu/SYAN/GRADUATE/TeRL/Step5-Evaluate/baseline/CrossProbe-master/results/162408_issue_ori_data.py"", line 23, in <module>
    print(f""cu_seqlens={cu_seqlens.numpy()}"")
AttributeError: 'Tensor' object has no attribute 'numpy'
"
run_162410_issue_ori_data.json,1,API Misuse,生成失败,,"Traceback (most recent call last):
  File ""/home/ubuntu/SYAN/GRADUATE/TeRL/Step5-Evaluate/baseline/CrossProbe-master/results/162410_issue_ori_data.py"", line 18, in <module>
    device_name = '/GPU:0' if tf.config.list_physical_devices('GPU') else '/CPU:0'
  File ""/home/ubuntu/miniconda3/envs/TeRL-Running/lib/python3.7/site-packages/tensorflow_core/python/util/module_wrapper.py"", line 193, in __getattr__
    attr = getattr(self._tfmw_wrapped_module, name)
AttributeError: module 'tensorflow._api.v"
run_162473_issue_ori_data.json,0,Success,生成成功,,"WARNING:tensorflow:From /home/ubuntu/SYAN/GRADUATE/TeRL/Step5-Evaluate/baseline/CrossProbe-master/results/162473_issue_ori_data.py:11: where (from tensorflow.python.ops.array_ops) is deprecated and will be removed in a future version.
Instructions for updating:
Use tf.where in 2.0, which has the same broadcast rule as np.where
"
run_162486_issue_ori_data.json,0,Success,生成成功,"Device cpu worked.
Device cuda worked.
","WARNING:tensorflow:From /home/ubuntu/miniconda3/envs/TeRL-Running/lib/python3.7/site-packages/tensorflow_core/python/data/util/random_seed.py:58: where (from tensorflow.python.ops.array_ops) is deprecated and will be removed in a future version.
Instructions for updating:
Use tf.where in 2.0, which has the same broadcast rule as np.where
"
run_162504_issue_ori_data.json,1,API Misuse,生成失败,,"Traceback (most recent call last):
  File ""/home/ubuntu/SYAN/GRADUATE/TeRL/Step5-Evaluate/baseline/CrossProbe-master/results/162504_issue_ori_data.py"", line 5, in <module>
    tf.random.set_seed(42)
  File ""/home/ubuntu/miniconda3/envs/TeRL-Running/lib/python3.7/site-packages/tensorflow_core/python/util/module_wrapper.py"", line 193, in __getattr__
    attr = getattr(self._tfmw_wrapped_module, name)
AttributeError: module 'tensorflow._api.v1.random' has no attribute 'set_seed'
"
run_162570_issue_ori_data.json,1,API Misuse,生成失败,,"2026-06-26 08:49:31.447920: I tensorflow/stream_executor/platform/default/dso_loader.cc:44] Successfully opened dynamic library libcuda.so.1
2026-06-26 08:49:31.512295: I tensorflow/stream_executor/cuda/cuda_gpu_executor.cc:983] successful NUMA node read from SysFS had negative value (-1), but there must be at least one NUMA node, so returning NUMA node zero
2026-06-26 08:49:31.514046: I tensorflow/core/common_runtime/gpu/gpu_device.cc:1618] Found device 0 with properties: 
name: NVIDIA GeForce "
run_162683_issue_ori_data.json,1,API Misuse,生成失败,,"Traceback (most recent call last):
  File ""/home/ubuntu/SYAN/GRADUATE/TeRL/Step5-Evaluate/baseline/CrossProbe-master/results/162683_issue_ori_data.py"", line 6, in <module>
    g = tf.random.Generator.from_seed(0)
  File ""/home/ubuntu/miniconda3/envs/TeRL-Running/lib/python3.7/site-packages/tensorflow_core/python/util/module_wrapper.py"", line 193, in __getattr__
    attr = getattr(self._tfmw_wrapped_module, name)
AttributeError: module 'tensorflow._api.v1.random' has no attribute 'Generator'
"
run_162692_issue_ori_data.json,1,Missing Dependency,执行失败,,"Traceback (most recent call last):
  File ""/home/ubuntu/SYAN/GRADUATE/TeRL/Step5-Evaluate/baseline/CrossProbe-master/results/162692_issue_ori_data.py"", line 2, in <module>
    from tensorflow.experimental import dtensor
ImportError: cannot import name 'dtensor' from 'tensorflow.experimental' (/home/ubuntu/miniconda3/envs/TeRL-Running/lib/python3.7/site-packages/tensorflow_core/_api/v1/experimental/__init__.py)
"
run_162722_issue_ori_data.json,1,API Misuse,生成失败,,"Traceback (most recent call last):
  File ""/home/ubuntu/SYAN/GRADUATE/TeRL/Step5-Evaluate/baseline/CrossProbe-master/results/162722_issue_ori_data.py"", line 132, in <module>
    tf.random.set_seed(42)
  File ""/home/ubuntu/miniconda3/envs/TeRL-Running/lib/python3.7/site-packages/tensorflow_core/python/util/module_wrapper.py"", line 193, in __getattr__
    attr = getattr(self._tfmw_wrapped_module, name)
AttributeError: module 'tensorflow._api.v1.random' has no attribute 'set_seed'
"
run_162725_issue_ori_data.json,1,API Misuse,生成失败,,"Traceback (most recent call last):
  File ""/home/ubuntu/SYAN/GRADUATE/TeRL/Step5-Evaluate/baseline/CrossProbe-master/results/162725_issue_ori_data.py"", line 58, in <module>
    compiled = tf.function(fn, jit_compile=True)
TypeError: function() got an unexpected keyword argument 'jit_compile'
"
run_162730_issue_ori_data.json,1,Missing Dependency,执行失败,,"Traceback (most recent call last):
  File ""/home/ubuntu/SYAN/GRADUATE/TeRL/Step5-Evaluate/baseline/CrossProbe-master/results/162730_issue_ori_data.py"", line 2, in <module>
    import einops
ModuleNotFoundError: No module named 'einops'
"
run_162756_issue_ori_data.json,1,API Misuse,生成失败,,"Traceback (most recent call last):
  File ""/home/ubuntu/SYAN/GRADUATE/TeRL/Step5-Evaluate/baseline/CrossProbe-master/results/162756_issue_ori_data.py"", line 9, in <module>
    @tf.function(jit_compile=True)
TypeError: function() got an unexpected keyword argument 'jit_compile'
"
run_162798_issue_ori_data.json,1,API Misuse,生成失败,"Input tensor: Tensor(""Const:0"", shape=(0,), dtype=float32)
","WARNING:tensorflow:From /home/ubuntu/miniconda3/envs/TeRL-Running/lib/python3.7/site-packages/tensorflow_core/python/ops/array_ops.py:1475: where (from tensorflow.python.ops.array_ops) is deprecated and will be removed in a future version.
Instructions for updating:
Use tf.where in 2.0, which has the same broadcast rule as np.where
Traceback (most recent call last):
  File ""/home/ubuntu/SYAN/GRADUATE/TeRL/Step5-Evaluate/baseline/CrossProbe-master/results/162798_issue_ori_data.py"", line 16, in <m"
run_162800_issue_ori_data.json,1,API Misuse,生成失败,"1.15.0
","Traceback (most recent call last):
  File ""/home/ubuntu/SYAN/GRADUATE/TeRL/Step5-Evaluate/baseline/CrossProbe-master/results/162800_issue_ori_data.py"", line 40, in <module>
    tensor_deq = tf.quantization.dequantize(tensor_q, qmin, qmax, tf.quint8)
  File ""/home/ubuntu/miniconda3/envs/TeRL-Running/lib/python3.7/site-packages/tensorflow_core/python/ops/gen_array_ops.py"", line 1894, in dequantize
    mode = _execute.make_str(mode, ""mode"")
  File ""/home/ubuntu/miniconda3/envs/TeRL-Running/lib/pyth"
run_162801_issue_ori_data.json,0,Success,生成成功,"1.15.0
",
run_162858_issue_ori_data.json,0,Success,生成成功,,"2026-06-26 08:58:07.419584: I tensorflow/stream_executor/platform/default/dso_loader.cc:44] Successfully opened dynamic library libcuda.so.1
2026-06-26 08:58:07.486205: I tensorflow/stream_executor/cuda/cuda_gpu_executor.cc:983] successful NUMA node read from SysFS had negative value (-1), but there must be at least one NUMA node, so returning NUMA node zero
2026-06-26 08:58:07.487673: I tensorflow/core/common_runtime/gpu/gpu_device.cc:1618] Found device 0 with properties: 
name: NVIDIA GeForce "
run_162860_issue_ori_data.json,0,Success,生成成功,,"2026-06-26 08:52:31.509623: I tensorflow/stream_executor/platform/default/dso_loader.cc:44] Successfully opened dynamic library libcuda.so.1
2026-06-26 08:52:31.573993: I tensorflow/stream_executor/cuda/cuda_gpu_executor.cc:983] successful NUMA node read from SysFS had negative value (-1), but there must be at least one NUMA node, so returning NUMA node zero
2026-06-26 08:52:31.575754: I tensorflow/core/common_runtime/gpu/gpu_device.cc:1618] Found device 0 with properties: 
name: NVIDIA GeForce "
run_162876_issue_ori_data.json,0,Success,生成成功,,
run_162909_issue_ori_data.json,1,API Misuse,生成失败,,"Traceback (most recent call last):
  File ""/home/ubuntu/SYAN/GRADUATE/TeRL/Step5-Evaluate/baseline/CrossProbe-master/results/162909_issue_ori_data.py"", line 7, in <module>
    gpus = tf.config.list_physical_devices('GPU')
  File ""/home/ubuntu/miniconda3/envs/TeRL-Running/lib/python3.7/site-packages/tensorflow_core/python/util/module_wrapper.py"", line 193, in __getattr__
    attr = getattr(self._tfmw_wrapped_module, name)
AttributeError: module 'tensorflow._api.v1.config' has no attribute 'list_p"
run_163026_issue_ori_data.json,0,Success,生成成功,,
run_163061_issue_ori_data.json,1,API Misuse,生成失败,,"2026-06-26 08:49:25.103346: I tensorflow/stream_executor/platform/default/dso_loader.cc:44] Successfully opened dynamic library libcuda.so.1
2026-06-26 08:49:25.172524: I tensorflow/stream_executor/cuda/cuda_gpu_executor.cc:983] successful NUMA node read from SysFS had negative value (-1), but there must be at least one NUMA node, so returning NUMA node zero
2026-06-26 08:49:25.174188: I tensorflow/core/common_runtime/gpu/gpu_device.cc:1618] Found device 0 with properties: 
name: NVIDIA GeForce "
run_163076_issue_ori_data.json,1,Unknown Failure,生成失败,,"Traceback (most recent call last):
  File ""/home/ubuntu/miniconda3/envs/TeRL-Running/lib/python3.7/site-packages/transformers/configuration_utils.py"", line 609, in _get_config_dict
    user_agent=user_agent,
  File ""/home/ubuntu/miniconda3/envs/TeRL-Running/lib/python3.7/site-packages/transformers/utils/hub.py"", line 292, in cached_path
    local_files_only=local_files_only,
  File ""/home/ubuntu/miniconda3/envs/TeRL-Running/lib/python3.7/site-packages/transformers/utils/hub.py"", line 479, in get"
run_163082_issue_ori_data.json,1,API Misuse,生成失败,,"Traceback (most recent call last):
  File ""/home/ubuntu/SYAN/GRADUATE/TeRL/Step5-Evaluate/baseline/CrossProbe-master/results/163082_issue_ori_data.py"", line 5, in <module>
    tf.random.set_seed(1337)
  File ""/home/ubuntu/miniconda3/envs/TeRL-Running/lib/python3.7/site-packages/tensorflow_core/python/util/module_wrapper.py"", line 193, in __getattr__
    attr = getattr(self._tfmw_wrapped_module, name)
AttributeError: module 'tensorflow._api.v1.random' has no attribute 'set_seed'
"
run_163093_issue_ori_data.json,1,API Misuse,生成失败,,"Traceback (most recent call last):
  File ""/home/ubuntu/miniconda3/envs/TeRL-Running/lib/python3.7/site-packages/tensorflow_core/python/framework/tensor_util.py"", line 324, in _AssertCompatible
    fn(values)
  File ""/home/ubuntu/miniconda3/envs/TeRL-Running/lib/python3.7/site-packages/tensorflow_core/python/framework/tensor_util.py"", line 276, in _check_not_tensor
    _ = [_check_failed(v) for v in nest.flatten(values)
  File ""/home/ubuntu/miniconda3/envs/TeRL-Running/lib/python3.7/site-package"
run_163103_issue_ori_data.json,1,Unknown Failure,生成失败,,"Traceback (most recent call last):
  File ""/home/ubuntu/SYAN/GRADUATE/TeRL/Step5-Evaluate/baseline/CrossProbe-master/results/163103_issue_ori_data.py"", line 7, in <module>
    self._last_lr: list[float] = [tf.keras.backend.get_value(self.optimizer.learning_rate)]
NameError: name 'self' is not defined
"
run_163153_issue_ori_data.json,1,Missing Dependency,执行失败,,"Traceback (most recent call last):
  File ""/home/ubuntu/SYAN/GRADUATE/TeRL/Step5-Evaluate/baseline/CrossProbe-master/results/163153_issue_ori_data.py"", line 7, in <module>
    from checkpoint import Checkpointer
ModuleNotFoundError: No module named 'checkpoint'
"
run_163243_issue_ori_data.json,1,API Misuse,生成失败,,"2026-06-26 08:49:08.554744: I tensorflow/stream_executor/platform/default/dso_loader.cc:44] Successfully opened dynamic library libcuda.so.1
2026-06-26 08:49:08.623252: I tensorflow/stream_executor/cuda/cuda_gpu_executor.cc:983] successful NUMA node read from SysFS had negative value (-1), but there must be at least one NUMA node, so returning NUMA node zero
2026-06-26 08:49:08.624921: I tensorflow/core/common_runtime/gpu/gpu_device.cc:1618] Found device 0 with properties: 
name: NVIDIA GeForce "
run_163275_issue_ori_data.json,1,API Misuse,生成失败,,"2026-06-26 08:52:47.155662: I tensorflow/stream_executor/platform/default/dso_loader.cc:44] Successfully opened dynamic library libcuda.so.1
2026-06-26 08:52:47.222800: I tensorflow/stream_executor/cuda/cuda_gpu_executor.cc:983] successful NUMA node read from SysFS had negative value (-1), but there must be at least one NUMA node, so returning NUMA node zero
2026-06-26 08:52:47.224465: I tensorflow/core/common_runtime/gpu/gpu_device.cc:1618] Found device 0 with properties: 
name: NVIDIA GeForce "
run_163294_issue_ori_data.json,1,API Misuse,生成失败,,"Traceback (most recent call last):
  File ""/home/ubuntu/SYAN/GRADUATE/TeRL/Step5-Evaluate/baseline/CrossProbe-master/results/163294_issue_ori_data.py"", line 27, in <module>
    signature=signature
TypeError: func_graph_from_py_func() missing 1 required positional argument: 'kwargs'
"
run_163300_issue_ori_data.json,1,Unknown Failure,生成失败,,"Traceback (most recent call last):
  File ""/home/ubuntu/SYAN/GRADUATE/TeRL/Step5-Evaluate/baseline/CrossProbe-master/results/163300_issue_ori_data.py"", line 178, in <module>
    main()
  File ""/home/ubuntu/SYAN/GRADUATE/TeRL/Step5-Evaluate/baseline/CrossProbe-master/results/163300_issue_ori_data.py"", line 143, in main
    mod = FlexAttentionCPB(N, R, H)
  File ""/home/ubuntu/SYAN/GRADUATE/TeRL/Step5-Evaluate/baseline/CrossProbe-master/results/163300_issue_ori_data.py"", line 13, in __init__
    tf"
run_163329_issue_ori_data.json,1,Missing Dependency,执行失败,,"Traceback (most recent call last):
  File ""/home/ubuntu/SYAN/GRADUATE/TeRL/Step5-Evaluate/baseline/CrossProbe-master/results/163329_issue_ori_data.py"", line 9, in <module>
    from diffusers import FluxPipeline
ModuleNotFoundError: No module named 'diffusers'
"
run_163330_issue_ori_data.json,1,Missing Dependency,执行失败,,"Traceback (most recent call last):
  File ""/home/ubuntu/SYAN/GRADUATE/TeRL/Step5-Evaluate/baseline/CrossProbe-master/results/163330_issue_ori_data.py"", line 7, in <module>
    from tensorflow.python.distribute.cross_device_ops_test import make_collective
ModuleNotFoundError: No module named 'tensorflow.python.distribute.cross_device_ops_test'
"
run_163372_issue_ori_data.json,1,Missing Dependency,执行失败,,"Traceback (most recent call last):
  File ""/home/ubuntu/SYAN/GRADUATE/TeRL/Step5-Evaluate/baseline/CrossProbe-master/results/163372_issue_ori_data.py"", line 2, in <module>
    import tensorflow_addons as tfa
ModuleNotFoundError: No module named 'tensorflow_addons'
"
run_163374_issue_ori_data.json,1,Missing Dependency,执行失败,,"Traceback (most recent call last):
  File ""/home/ubuntu/SYAN/GRADUATE/TeRL/Step5-Evaluate/baseline/CrossProbe-master/results/163374_issue_ori_data.py"", line 2, in <module>
    from tensorflow.experimental import dtensor
ImportError: cannot import name 'dtensor' from 'tensorflow.experimental' (/home/ubuntu/miniconda3/envs/TeRL-Running/lib/python3.7/site-packages/tensorflow_core/_api/v1/experimental/__init__.py)
"
run_163420_issue_ori_data.json,1,API Misuse,生成失败,,"Traceback (most recent call last):
  File ""/home/ubuntu/SYAN/GRADUATE/TeRL/Step5-Evaluate/baseline/CrossProbe-master/results/163420_issue_ori_data.py"", line 19, in <module>
    arg0 = tf.Variable(initial_value=tf.empty([1, 1], dtype=tf.float32)) # size=(1, 1), stride=(1, 1), dtype=float32, device=cuda
  File ""/home/ubuntu/miniconda3/envs/TeRL-Running/lib/python3.7/site-packages/tensorflow_core/python/util/module_wrapper.py"", line 193, in __getattr__
    attr = getattr(self._tfmw_wrapped_module, "
run_163449_issue_ori_data.json,1,API Misuse,生成失败,,"Traceback (most recent call last):
  File ""/home/ubuntu/SYAN/GRADUATE/TeRL/Step5-Evaluate/baseline/CrossProbe-master/results/163449_issue_ori_data.py"", line 5, in <module>
    gpus = tf.config.list_physical_devices('GPU')
  File ""/home/ubuntu/miniconda3/envs/TeRL-Running/lib/python3.7/site-packages/tensorflow_core/python/util/module_wrapper.py"", line 193, in __getattr__
    attr = getattr(self._tfmw_wrapped_module, name)
AttributeError: module 'tensorflow._api.v1.config' has no attribute 'list_p"
run_163457_issue_ori_data.json,1,API Misuse,生成失败,,"Traceback (most recent call last):
  File ""/home/ubuntu/SYAN/GRADUATE/TeRL/Step5-Evaluate/baseline/CrossProbe-master/results/163457_issue_ori_data.py"", line 50, in <module>
    out_eager = foo(arg0, arg1, arg2)
  File ""/home/ubuntu/SYAN/GRADUATE/TeRL/Step5-Evaluate/baseline/CrossProbe-master/results/163457_issue_ori_data.py"", line 16, in foo
    t3 = tf.nn.group_normalization(
  File ""/home/ubuntu/miniconda3/envs/TeRL-Running/lib/python3.7/site-packages/tensorflow_core/python/util/module_wrapper"
run_163483_issue_ori_data.json,1,Missing Dependency,执行失败,,"Traceback (most recent call last):
  File ""/home/ubuntu/SYAN/GRADUATE/TeRL/Step5-Evaluate/baseline/CrossProbe-master/results/163483_issue_ori_data.py"", line 3, in <module>
    from tensorflow.python.distribute.cross_device_ops_test import make_collective
ModuleNotFoundError: No module named 'tensorflow.python.distribute.cross_device_ops_test'
"
run_163528_issue_ori_data.json,1,API Misuse,生成失败,,"Traceback (most recent call last):
  File ""/home/ubuntu/SYAN/GRADUATE/TeRL/Step5-Evaluate/baseline/CrossProbe-master/results/163528_issue_ori_data.py"", line 84, in <module>
    main()
  File ""/home/ubuntu/SYAN/GRADUATE/TeRL/Step5-Evaluate/baseline/CrossProbe-master/results/163528_issue_ori_data.py"", line 67, in main
    tf.random.set_seed(42)
  File ""/home/ubuntu/miniconda3/envs/TeRL-Running/lib/python3.7/site-packages/tensorflow_core/python/util/module_wrapper.py"", line 193, in __getattr__
    "
run_163548_issue_ori_data.json,1,API Misuse,生成失败,,"Traceback (most recent call last):
  File ""/home/ubuntu/SYAN/GRADUATE/TeRL/Step5-Evaluate/baseline/CrossProbe-master/results/163548_issue_ori_data.py"", line 20, in <module>
    strategy = tf.distribute.MultiWorkerMirroredStrategy()
  File ""/home/ubuntu/miniconda3/envs/TeRL-Running/lib/python3.7/site-packages/tensorflow_core/python/util/module_wrapper.py"", line 193, in __getattr__
    attr = getattr(self._tfmw_wrapped_module, name)
AttributeError: module 'tensorflow._api.v1.distribute' has no att"
run_163563_issue_ori_data.json,1,API Misuse,生成失败,,"Traceback (most recent call last):
  File ""/home/ubuntu/SYAN/GRADUATE/TeRL/Step5-Evaluate/baseline/CrossProbe-master/results/163563_issue_ori_data.py"", line 37, in <module>
    grads = tape.gradient(loss, [arg0, arg1, arg2])
  File ""/home/ubuntu/miniconda3/envs/TeRL-Running/lib/python3.7/site-packages/tensorflow_core/python/eager/backprop.py"", line 1015, in gradient
    unconnected_gradients=unconnected_gradients)
  File ""/home/ubuntu/miniconda3/envs/TeRL-Running/lib/python3.7/site-packages/tens"
run_163569_issue_ori_data.json,1,API Misuse,生成失败,,"Traceback (most recent call last):
  File ""/home/ubuntu/SYAN/GRADUATE/TeRL/Step5-Evaluate/baseline/CrossProbe-master/results/163569_issue_ori_data.py"", line 58, in <module>
    device_name = '/GPU:0' if tf.config.list_physical_devices('GPU') else '/CPU:0'
  File ""/home/ubuntu/miniconda3/envs/TeRL-Running/lib/python3.7/site-packages/tensorflow_core/python/util/module_wrapper.py"", line 193, in __getattr__
    attr = getattr(self._tfmw_wrapped_module, name)
AttributeError: module 'tensorflow._api.v"
run_163597_issue_ori_data.json,1,API Misuse,生成失败,,"Traceback (most recent call last):
  File ""/home/ubuntu/SYAN/GRADUATE/TeRL/Step5-Evaluate/baseline/CrossProbe-master/results/163597_issue_ori_data.py"", line 119, in <module>
    out_gpu_builtin = tf_builtin_scaled_dot_product_attention(q, k, v)
  File ""/home/ubuntu/SYAN/GRADUATE/TeRL/Step5-Evaluate/baseline/CrossProbe-master/results/163597_issue_ori_data.py"", line 72, in tf_builtin_scaled_dot_product_attention
    scale_factor = 1.0 / math.sqrt(tf.cast(tf.shape(query)[-1], tf.float32))
TypeError"
run_163604_issue_ori_data.json,1,API Misuse,生成失败,"Eager Success! ✅
","2026-06-26 08:56:04.186580: I tensorflow/stream_executor/platform/default/dso_loader.cc:44] Successfully opened dynamic library libcuda.so.1
2026-06-26 08:56:04.250413: I tensorflow/stream_executor/cuda/cuda_gpu_executor.cc:983] successful NUMA node read from SysFS had negative value (-1), but there must be at least one NUMA node, so returning NUMA node zero
2026-06-26 08:56:04.252081: I tensorflow/core/common_runtime/gpu/gpu_device.cc:1618] Found device 0 with properties: 
name: NVIDIA GeForce "
run_163640_issue_ori_data.json,1,API Misuse,生成失败,,"Traceback (most recent call last):
  File ""/home/ubuntu/SYAN/GRADUATE/TeRL/Step5-Evaluate/baseline/CrossProbe-master/results/163640_issue_ori_data.py"", line 57, in <module>
    main()
  File ""/home/ubuntu/SYAN/GRADUATE/TeRL/Step5-Evaluate/baseline/CrossProbe-master/results/163640_issue_ori_data.py"", line 27, in main
    tf.random.set_seed(0)
  File ""/home/ubuntu/miniconda3/envs/TeRL-Running/lib/python3.7/site-packages/tensorflow_core/python/util/module_wrapper.py"", line 193, in __getattr__
    a"
run_163668_issue_ori_data.json,0,Success,生成成功,"Tensor(""StatefulPartitionedCall:0"", shape=(3,), dtype=float32)
","2026-06-26 08:48:31.231206: I tensorflow/stream_executor/platform/default/dso_loader.cc:44] Successfully opened dynamic library libcuda.so.1
2026-06-26 08:48:31.291639: I tensorflow/stream_executor/cuda/cuda_gpu_executor.cc:983] successful NUMA node read from SysFS had negative value (-1), but there must be at least one NUMA node, so returning NUMA node zero
2026-06-26 08:48:31.293398: I tensorflow/core/common_runtime/gpu/gpu_device.cc:1618] Found device 0 with properties: 
name: NVIDIA GeForce "
run_163687_issue_ori_data.json,1,API Misuse,生成失败,,"Traceback (most recent call last):
  File ""/home/ubuntu/SYAN/GRADUATE/TeRL/Step5-Evaluate/baseline/CrossProbe-master/results/163687_issue_ori_data.py"", line 77, in <module>
    grads = tape.gradient(loss, [arg0, arg1, arg2, arg3, arg4, arg5, arg6, arg7, arg8, arg9, arg10])
  File ""/home/ubuntu/miniconda3/envs/TeRL-Running/lib/python3.7/site-packages/tensorflow_core/python/eager/backprop.py"", line 1015, in gradient
    unconnected_gradients=unconnected_gradients)
  File ""/home/ubuntu/miniconda3/e"
run_163721_issue_ori_data.json,1,Assertion Mismatch,生成成功，并且找到错误,,"Traceback (most recent call last):
  File ""/home/ubuntu/SYAN/GRADUATE/TeRL/Step5-Evaluate/baseline/CrossProbe-master/results/163721_issue_ori_data.py"", line 14, in <module>
    assert len(tf.config.list_physical_devices('GPU')) > 0
  File ""/home/ubuntu/miniconda3/envs/TeRL-Running/lib/python3.7/site-packages/tensorflow_core/python/util/module_wrapper.py"", line 193, in __getattr__
    attr = getattr(self._tfmw_wrapped_module, name)
AttributeError: module 'tensorflow._api.v1.config' has no attribu"
run_163741_issue_ori_data.json,1,API Misuse,生成失败,,"Traceback (most recent call last):
  File ""/home/ubuntu/SYAN/GRADUATE/TeRL/Step5-Evaluate/baseline/CrossProbe-master/results/163741_issue_ori_data.py"", line 64, in <module>
    test_nccl()
  File ""/home/ubuntu/SYAN/GRADUATE/TeRL/Step5-Evaluate/baseline/CrossProbe-master/results/163741_issue_ori_data.py"", line 48, in test_nccl
    gpus = tf.config.list_physical_devices('GPU')
  File ""/home/ubuntu/miniconda3/envs/TeRL-Running/lib/python3.7/site-packages/tensorflow_core/python/util/module_wrapper.p"
run_163753_issue_ori_data.json,1,API Misuse,生成失败,,"Traceback (most recent call last):
  File ""/home/ubuntu/SYAN/GRADUATE/TeRL/Step5-Evaluate/baseline/CrossProbe-master/results/163753_issue_ori_data.py"", line 64, in <module>
    main()
  File ""/home/ubuntu/SYAN/GRADUATE/TeRL/Step5-Evaluate/baseline/CrossProbe-master/results/163753_issue_ori_data.py"", line 12, in main
    gpus = tf.config.list_physical_devices('GPU')
  File ""/home/ubuntu/miniconda3/envs/TeRL-Running/lib/python3.7/site-packages/tensorflow_core/python/util/module_wrapper.py"", line 1"
run_163798_issue_ori_data.json,1,API Misuse,生成失败,,"Traceback (most recent call last):
  File ""/home/ubuntu/SYAN/GRADUATE/TeRL/Step5-Evaluate/baseline/CrossProbe-master/results/163798_issue_ori_data.py"", line 10, in <module>
    func(tf.constant([1, 2]))
  File ""/home/ubuntu/SYAN/GRADUATE/TeRL/Step5-Evaluate/baseline/CrossProbe-master/results/163798_issue_ori_data.py"", line 7, in func
    u0, u1 = a.numpy().tolist()
AttributeError: 'Tensor' object has no attribute 'numpy'
"
run_163851_issue_ori_data.json,1,API Misuse,生成失败,,"Traceback (most recent call last):
  File ""/home/ubuntu/SYAN/GRADUATE/TeRL/Step5-Evaluate/baseline/CrossProbe-master/results/163851_issue_ori_data.py"", line 12, in <module>
    out_cpu = tf.raw_ops.GridSampler3D(input=input, grid=grid_nan, interpolation_mode='bilinear', padding_mode='zeros', align_corners=True)
  File ""/home/ubuntu/miniconda3/envs/TeRL-Running/lib/python3.7/site-packages/tensorflow_core/python/util/module_wrapper.py"", line 193, in __getattr__
    attr = getattr(self._tfmw_wrappe"
run_163894_issue_ori_data.json,1,API Misuse,生成失败,,"Traceback (most recent call last):
  File ""/home/ubuntu/SYAN/GRADUATE/TeRL/Step5-Evaluate/baseline/CrossProbe-master/results/163894_issue_ori_data.py"", line 11, in <module>
    generator = stateful_random_ops.from_seed(seed=9)
AttributeError: module 'tensorflow.python.ops.stateful_random_ops' has no attribute 'from_seed'
"
run_163918_issue_ori_data.json,0,Success,生成成功,,
run_163929_issue_ori_data.json,1,API Misuse,生成失败,,"Traceback (most recent call last):
  File ""/home/ubuntu/SYAN/GRADUATE/TeRL/Step5-Evaluate/baseline/CrossProbe-master/results/163929_issue_ori_data.py"", line 12, in <module>
    tf.random.set_seed(0)
  File ""/home/ubuntu/miniconda3/envs/TeRL-Running/lib/python3.7/site-packages/tensorflow_core/python/util/module_wrapper.py"", line 193, in __getattr__
    attr = getattr(self._tfmw_wrapped_module, name)
AttributeError: module 'tensorflow._api.v1.random' has no attribute 'set_seed'
"
run_163962_issue_ori_data.json,1,Missing Dependency,执行失败,,"Traceback (most recent call last):
  File ""/home/ubuntu/SYAN/GRADUATE/TeRL/Step5-Evaluate/baseline/CrossProbe-master/results/163962_issue_ori_data.py"", line 1, in <module>
    import tensorly as tl
ModuleNotFoundError: No module named 'tensorly'
"
run_163971_issue_ori_data.json,1,Execution Failure,生成失败,,"Traceback (most recent call last):
  File ""/home/ubuntu/SYAN/GRADUATE/TeRL/Step5-Evaluate/baseline/CrossProbe-master/results/163971_issue_ori_data.py"", line 28, in <module>
    out_eager = foo(arg0)
  File ""/home/ubuntu/SYAN/GRADUATE/TeRL/Step5-Evaluate/baseline/CrossProbe-master/results/163971_issue_ori_data.py"", line 11, in foo
    t1 = tf.nn.softmax(t0, axis=0) # size=(), stride=(), dtype=bfloat16, device=cuda
  File ""/home/ubuntu/miniconda3/envs/TeRL-Running/lib/python3.7/site-packages/tenso"
run_164030_issue_ori_data.json,1,Unknown Failure,生成失败,,"Traceback (most recent call last):
  File ""/home/ubuntu/SYAN/GRADUATE/TeRL/Step5-Evaluate/baseline/CrossProbe-master/results/164030_issue_ori_data.py"", line 5, in <module>
    batch_size = tf.shape(topk_ids)[0]
NameError: name 'topk_ids' is not defined
"
run_164048_issue_ori_data.json,0,Success,生成成功,,"WARNING:tensorflow:From /home/ubuntu/miniconda3/envs/TeRL-Running/lib/python3.7/site-packages/tensorflow_core/python/ops/array_ops.py:1475: where (from tensorflow.python.ops.array_ops) is deprecated and will be removed in a future version.
Instructions for updating:
Use tf.where in 2.0, which has the same broadcast rule as np.where
"
run_164063_issue_ori_data.json,1,API Misuse,生成失败,,"Traceback (most recent call last):
  File ""/home/ubuntu/miniconda3/envs/TeRL-Running/lib/python3.7/site-packages/tensorflow_core/python/framework/op_def_library.py"", line 528, in _apply_op_helper
    preferred_dtype=default_dtype)
  File ""/home/ubuntu/miniconda3/envs/TeRL-Running/lib/python3.7/site-packages/tensorflow_core/python/framework/ops.py"", line 1273, in internal_convert_to_tensor
    (dtype.name, value.dtype.name, value))
ValueError: Tensor conversion requested dtype int64 for Tensor wi"
run_164086_issue_ori_data.json,1,API Misuse,生成失败,,"Traceback (most recent call last):
  File ""/home/ubuntu/miniconda3/envs/TeRL-Running/lib/python3.7/site-packages/tensorflow_core/python/framework/op_def_library.py"", line 528, in _apply_op_helper
    preferred_dtype=default_dtype)
  File ""/home/ubuntu/miniconda3/envs/TeRL-Running/lib/python3.7/site-packages/tensorflow_core/python/framework/ops.py"", line 1273, in internal_convert_to_tensor
    (dtype.name, value.dtype.name, value))
ValueError: Tensor conversion requested dtype float16 for Tensor "
run_164094_issue_ori_data.json,0,Success,生成成功,,
run_164102_issue_ori_data.json,1,API Misuse,生成失败,,"Traceback (most recent call last):
  File ""/home/ubuntu/SYAN/GRADUATE/TeRL/Step5-Evaluate/baseline/CrossProbe-master/results/164102_issue_ori_data.py"", line 64, in <module>
    out_eager = foo(arg0, arg1, arg2, arg3, arg4, arg5, arg6, arg7, sentinel)
  File ""/home/ubuntu/SYAN/GRADUATE/TeRL/Step5-Evaluate/baseline/CrossProbe-master/results/164102_issue_ori_data.py"", line 35, in foo
    t13_reshaped = tf.image.resize(t12_reshaped, size=[127, 1], method='nearest')
  File ""/home/ubuntu/miniconda3/en"
run_164157_issue_ori_data.json,1,API Misuse,生成失败,,"Traceback (most recent call last):
  File ""/home/ubuntu/SYAN/GRADUATE/TeRL/Step5-Evaluate/baseline/CrossProbe-master/results/164157_issue_ori_data.py"", line 54, in <module>
    grads = tape.gradient(loss, [arg3, arg4, arg5, sentinel])
  File ""/home/ubuntu/miniconda3/envs/TeRL-Running/lib/python3.7/site-packages/tensorflow_core/python/eager/backprop.py"", line 1015, in gradient
    unconnected_gradients=unconnected_gradients)
  File ""/home/ubuntu/miniconda3/envs/TeRL-Running/lib/python3.7/site-pac"
run_164247_issue_ori_data.json,1,Environment Failure,生成失败,,"2026-06-26 08:56:59.525120: I tensorflow/stream_executor/platform/default/dso_loader.cc:44] Successfully opened dynamic library libcuda.so.1
2026-06-26 08:56:59.592511: I tensorflow/stream_executor/cuda/cuda_gpu_executor.cc:983] successful NUMA node read from SysFS had negative value (-1), but there must be at least one NUMA node, so returning NUMA node zero
2026-06-26 08:56:59.594113: I tensorflow/core/common_runtime/gpu/gpu_device.cc:1618] Found device 0 with properties: 
name: NVIDIA GeForce "
run_164286_issue_ori_data.json,0,Success,生成成功,"Tensor(""SparseTensorDenseMatMul/SparseTensorDenseMatMul:0"", shape=(3, 1), dtype=float32)
",
run_164300_issue_ori_data.json,0,Success,生成成功,,"2026-06-26 08:52:27.457060: I tensorflow/stream_executor/platform/default/dso_loader.cc:44] Successfully opened dynamic library libcuda.so.1
2026-06-26 08:52:27.515975: I tensorflow/stream_executor/cuda/cuda_gpu_executor.cc:983] successful NUMA node read from SysFS had negative value (-1), but there must be at least one NUMA node, so returning NUMA node zero
2026-06-26 08:52:27.517289: I tensorflow/core/common_runtime/gpu/gpu_device.cc:1618] Found device 0 with properties: 
name: NVIDIA GeForce "
run_164385_issue_ori_data.json,0,Success,生成成功,"Testing FloorDiv with complex symbolic expression...
Numerator: Tensor(""add_1:0"", shape=(), dtype=int32)
Denominator: 22
FloorDiv result: Tensor(""floordiv_1:0"", shape=(), dtype=int32)
FloorDiv result: Tensor(""floordiv_1:0"", shape=(), dtype=int32)
",
run_164465_issue_ori_data.json,0,Success,生成成功,,"2026-06-26 08:55:12.825566: I tensorflow/stream_executor/platform/default/dso_loader.cc:44] Successfully opened dynamic library libcuda.so.1
2026-06-26 08:55:12.887692: I tensorflow/stream_executor/cuda/cuda_gpu_executor.cc:983] successful NUMA node read from SysFS had negative value (-1), but there must be at least one NUMA node, so returning NUMA node zero
2026-06-26 08:55:12.889001: I tensorflow/core/common_runtime/gpu/gpu_device.cc:1618] Found device 0 with properties: 
name: NVIDIA GeForce "
run_164486_issue_ori_data.json,1,API Misuse,生成失败,,"Traceback (most recent call last):
  File ""/home/ubuntu/SYAN/GRADUATE/TeRL/Step5-Evaluate/baseline/CrossProbe-master/results/164486_issue_ori_data.py"", line 8, in <module>
    tf.random.set_seed(238)
  File ""/home/ubuntu/miniconda3/envs/TeRL-Running/lib/python3.7/site-packages/tensorflow_core/python/util/module_wrapper.py"", line 193, in __getattr__
    attr = getattr(self._tfmw_wrapped_module, name)
AttributeError: module 'tensorflow._api.v1.random' has no attribute 'set_seed'
"
run_164608_issue_ori_data.json,1,API Misuse,生成失败,"Block Mask Batch Size Issue Repro
","Traceback (most recent call last):
  File ""/home/ubuntu/SYAN/GRADUATE/TeRL/Step5-Evaluate/baseline/CrossProbe-master/results/164608_issue_ori_data.py"", line 150, in <module>
    test_parametrization_issue()
  File ""/home/ubuntu/SYAN/GRADUATE/TeRL/Step5-Evaluate/baseline/CrossProbe-master/results/164608_issue_ori_data.py"", line 74, in test_parametrization_issue
    tf.keras.mixed_precision.set_global_policy('mixed_bfloat16')
  File ""/home/ubuntu/miniconda3/envs/TeRL-Running/lib/python3.7/site-pac"
run_164663_issue_ori_data.json,1,API Misuse,生成失败,,"Traceback (most recent call last):
  File ""/home/ubuntu/SYAN/GRADUATE/TeRL/Step5-Evaluate/baseline/CrossProbe-master/results/164663_issue_ori_data.py"", line 78, in <module>
    main()
  File ""/home/ubuntu/SYAN/GRADUATE/TeRL/Step5-Evaluate/baseline/CrossProbe-master/results/164663_issue_ori_data.py"", line 31, in main
    strategy = tf.distribute.MultiWorkerMirroredStrategy()
  File ""/home/ubuntu/miniconda3/envs/TeRL-Running/lib/python3.7/site-packages/tensorflow_core/python/util/module_wrapper.py"
run_164683_issue_ori_data.json,1,API Misuse,生成失败,,"Traceback (most recent call last):
  File ""/home/ubuntu/SYAN/GRADUATE/TeRL/Step5-Evaluate/baseline/CrossProbe-master/results/164683_issue_ori_data.py"", line 46, in <module>
    out_eager = foo(arg0, arg1, arg2, sentinel)
  File ""/home/ubuntu/SYAN/GRADUATE/TeRL/Step5-Evaluate/baseline/CrossProbe-master/results/164683_issue_ori_data.py"", line 23, in foo
    t7 = tf.nn.silu(t6) # size=(5000, 4), stride=(5000, 1), dtype=bfloat16, device=cuda
  File ""/home/ubuntu/miniconda3/envs/TeRL-Running/lib/pyth"
run_164684_issue_ori_data.json,1,API Misuse,生成失败,,"Traceback (most recent call last):
  File ""/home/ubuntu/SYAN/GRADUATE/TeRL/Step5-Evaluate/baseline/CrossProbe-master/results/164684_issue_ori_data.py"", line 9, in <module>
    tf.random.set_seed(19990)
  File ""/home/ubuntu/miniconda3/envs/TeRL-Running/lib/python3.7/site-packages/tensorflow_core/python/util/module_wrapper.py"", line 193, in __getattr__
    attr = getattr(self._tfmw_wrapped_module, name)
AttributeError: module 'tensorflow._api.v1.random' has no attribute 'set_seed'
"
run_164685_issue_ori_data.json,1,API Misuse,生成失败,,"Traceback (most recent call last):
  File ""/home/ubuntu/SYAN/GRADUATE/TeRL/Step5-Evaluate/baseline/CrossProbe-master/results/164685_issue_ori_data.py"", line 7, in <module>
    tf.random.set_seed(19989)
  File ""/home/ubuntu/miniconda3/envs/TeRL-Running/lib/python3.7/site-packages/tensorflow_core/python/util/module_wrapper.py"", line 193, in __getattr__
    attr = getattr(self._tfmw_wrapped_module, name)
AttributeError: module 'tensorflow._api.v1.random' has no attribute 'set_seed'
"
run_164686_issue_ori_data.json,1,API Misuse,生成失败,,"Traceback (most recent call last):
  File ""/home/ubuntu/SYAN/GRADUATE/TeRL/Step5-Evaluate/baseline/CrossProbe-master/results/164686_issue_ori_data.py"", line 8, in <module>
    tf.random.set_seed(13653)
  File ""/home/ubuntu/miniconda3/envs/TeRL-Running/lib/python3.7/site-packages/tensorflow_core/python/util/module_wrapper.py"", line 193, in __getattr__
    attr = getattr(self._tfmw_wrapped_module, name)
AttributeError: module 'tensorflow._api.v1.random' has no attribute 'set_seed'
"
run_164700_issue_ori_data.json,1,Unknown Failure,生成失败,,"Traceback (most recent call last):
  File ""/home/ubuntu/SYAN/GRADUATE/TeRL/Step5-Evaluate/baseline/CrossProbe-master/results/164700_issue_ori_data.py"", line 34, in <module>
    display(
NameError: name 'display' is not defined
"
run_164701_issue_ori_data.json,1,API Misuse,生成失败,,"Traceback (most recent call last):
  File ""/home/ubuntu/SYAN/GRADUATE/TeRL/Step5-Evaluate/baseline/CrossProbe-master/results/164701_issue_ori_data.py"", line 9, in <module>
    device = '/GPU:0' if tf.config.list_physical_devices('GPU') else '/CPU:0'
  File ""/home/ubuntu/miniconda3/envs/TeRL-Running/lib/python3.7/site-packages/tensorflow_core/python/util/module_wrapper.py"", line 193, in __getattr__
    attr = getattr(self._tfmw_wrapped_module, name)
AttributeError: module 'tensorflow._api.v1.conf"
run_164704_issue_ori_data.json,1,API Misuse,生成失败,,"Traceback (most recent call last):
  File ""/home/ubuntu/SYAN/GRADUATE/TeRL/Step5-Evaluate/baseline/CrossProbe-master/results/164704_issue_ori_data.py"", line 8, in <module>
    tf.random.set_seed(114503)
  File ""/home/ubuntu/miniconda3/envs/TeRL-Running/lib/python3.7/site-packages/tensorflow_core/python/util/module_wrapper.py"", line 193, in __getattr__
    attr = getattr(self._tfmw_wrapped_module, name)
AttributeError: module 'tensorflow._api.v1.random' has no attribute 'set_seed'
"
run_164725_issue_ori_data.json,1,API Misuse,生成失败,,"Traceback (most recent call last):
  File ""/home/ubuntu/SYAN/GRADUATE/TeRL/Step5-Evaluate/baseline/CrossProbe-master/results/164725_issue_ori_data.py"", line 9, in <module>
    tf.random.set_seed(1000030)
  File ""/home/ubuntu/miniconda3/envs/TeRL-Running/lib/python3.7/site-packages/tensorflow_core/python/util/module_wrapper.py"", line 193, in __getattr__
    attr = getattr(self._tfmw_wrapped_module, name)
AttributeError: module 'tensorflow._api.v1.random' has no attribute 'set_seed'
"
run_164814_issue_ori_data.json,1,API Misuse,生成失败,,"Traceback (most recent call last):
  File ""/home/ubuntu/SYAN/GRADUATE/TeRL/Step5-Evaluate/baseline/CrossProbe-master/results/164814_issue_ori_data.py"", line 9, in <module>
    tf.random.set_seed(1000560)
  File ""/home/ubuntu/miniconda3/envs/TeRL-Running/lib/python3.7/site-packages/tensorflow_core/python/util/module_wrapper.py"", line 193, in __getattr__
    attr = getattr(self._tfmw_wrapped_module, name)
AttributeError: module 'tensorflow._api.v1.random' has no attribute 'set_seed'
"
run_164823_issue_ori_data.json,0,Success,生成成功,"Eager output: Tensor(""test_model/SparseToDense:0"", shape=(10, 10), dtype=float32)
Compiled output: Tensor(""PartitionedCall:0"", shape=(10, 10), dtype=float32)
","2026-06-26 08:57:47.089454: I tensorflow/stream_executor/platform/default/dso_loader.cc:44] Successfully opened dynamic library libcuda.so.1
2026-06-26 08:57:47.153323: I tensorflow/stream_executor/cuda/cuda_gpu_executor.cc:983] successful NUMA node read from SysFS had negative value (-1), but there must be at least one NUMA node, so returning NUMA node zero
2026-06-26 08:57:47.154618: I tensorflow/core/common_runtime/gpu/gpu_device.cc:1618] Found device 0 with properties: 
name: NVIDIA GeForce "
run_164875_issue_ori_data.json,1,API Misuse,生成失败,,"Traceback (most recent call last):
  File ""/home/ubuntu/SYAN/GRADUATE/TeRL/Step5-Evaluate/baseline/CrossProbe-master/results/164875_issue_ori_data.py"", line 7, in <module>
    tf.random.set_seed(1014698)
  File ""/home/ubuntu/miniconda3/envs/TeRL-Running/lib/python3.7/site-packages/tensorflow_core/python/util/module_wrapper.py"", line 193, in __getattr__
    attr = getattr(self._tfmw_wrapped_module, name)
AttributeError: module 'tensorflow._api.v1.random' has no attribute 'set_seed'
"
run_164876_issue_ori_data.json,1,API Misuse,生成失败,,"Traceback (most recent call last):
  File ""/home/ubuntu/SYAN/GRADUATE/TeRL/Step5-Evaluate/baseline/CrossProbe-master/results/164876_issue_ori_data.py"", line 8, in <module>
    tf.random.set_seed(1012969)
  File ""/home/ubuntu/miniconda3/envs/TeRL-Running/lib/python3.7/site-packages/tensorflow_core/python/util/module_wrapper.py"", line 193, in __getattr__
    attr = getattr(self._tfmw_wrapped_module, name)
AttributeError: module 'tensorflow._api.v1.random' has no attribute 'set_seed'
"
run_164924_issue_ori_data.json,1,API Misuse,生成失败,,"Traceback (most recent call last):
  File ""/home/ubuntu/SYAN/GRADUATE/TeRL/Step5-Evaluate/baseline/CrossProbe-master/results/164924_issue_ori_data.py"", line 30, in <module>
    model = Isin('/GPU:0')
  File ""/home/ubuntu/SYAN/GRADUATE/TeRL/Step5-Evaluate/baseline/CrossProbe-master/results/164924_issue_ori_data.py"", line 7, in __init__
    tf.random.set_seed(777)
  File ""/home/ubuntu/miniconda3/envs/TeRL-Running/lib/python3.7/site-packages/tensorflow_core/python/util/module_wrapper.py"", line 193,"
run_164943_issue_ori_data.json,0,Success,生成成功,,
run_165081_issue_ori_data.json,1,API Misuse,生成失败,,"Traceback (most recent call last):
  File ""/home/ubuntu/SYAN/GRADUATE/TeRL/Step5-Evaluate/baseline/CrossProbe-master/results/165081_issue_ori_data.py"", line 8, in <module>
    tf.random.set_seed(52676)
  File ""/home/ubuntu/miniconda3/envs/TeRL-Running/lib/python3.7/site-packages/tensorflow_core/python/util/module_wrapper.py"", line 193, in __getattr__
    attr = getattr(self._tfmw_wrapped_module, name)
AttributeError: module 'tensorflow._api.v1.random' has no attribute 'set_seed'
"
run_165105_issue_ori_data.json,1,API Misuse,生成失败,,"Traceback (most recent call last):
  File ""/home/ubuntu/SYAN/GRADUATE/TeRL/Step5-Evaluate/baseline/CrossProbe-master/results/165105_issue_ori_data.py"", line 4, in <module>
    tf.random.set_seed(70609)
  File ""/home/ubuntu/miniconda3/envs/TeRL-Running/lib/python3.7/site-packages/tensorflow_core/python/util/module_wrapper.py"", line 193, in __getattr__
    attr = getattr(self._tfmw_wrapped_module, name)
AttributeError: module 'tensorflow._api.v1.random' has no attribute 'set_seed'
"
run_165257_issue_ori_data.json,1,API Misuse,生成失败,"Operation            CPU Max      GPU Max      Status
------------------------------------------------------------
","Traceback (most recent call last):
  File ""/home/ubuntu/SYAN/GRADUATE/TeRL/Step5-Evaluate/baseline/CrossProbe-master/results/165257_issue_ori_data.py"", line 23, in <module>
    gpu_available = len(tf.config.list_physical_devices('GPU')) > 0
  File ""/home/ubuntu/miniconda3/envs/TeRL-Running/lib/python3.7/site-packages/tensorflow_core/python/util/module_wrapper.py"", line 193, in __getattr__
    attr = getattr(self._tfmw_wrapped_module, name)
AttributeError: module 'tensorflow._api.v1.config' has n"
run_165259_issue_ori_data.json,1,Unknown Failure,生成失败,,"Traceback (most recent call last):
  File ""/home/ubuntu/SYAN/GRADUATE/TeRL/Step5-Evaluate/baseline/CrossProbe-master/results/165259_issue_ori_data.py"", line 18, in <module>
    model = PoseWrapper(original_model)
NameError: name 'original_model' is not defined
"
run_165286_issue_ori_data.json,1,API Misuse,生成失败,,"Traceback (most recent call last):
  File ""/home/ubuntu/SYAN/GRADUATE/TeRL/Step5-Evaluate/baseline/CrossProbe-master/results/165286_issue_ori_data.py"", line 5, in <module>
    tf.keras.mixed_precision.set_global_policy('mixed_float16')
  File ""/home/ubuntu/miniconda3/envs/TeRL-Running/lib/python3.7/site-packages/tensorflow_core/python/util/module_wrapper.py"", line 193, in __getattr__
    attr = getattr(self._tfmw_wrapped_module, name)
AttributeError: module 'tensorflow.python.keras.api._v1.keras"
run_165297_issue_ori_data.json,1,Unknown Failure,生成失败,"Input tensor shape: (84, 512, 960, 64)
Output contains NaN? Tensor(""Any:0"", shape=(), dtype=bool, device=/device:GPU:0)
Output contains Inf? Tensor(""Any_1:0"", shape=(), dtype=bool, device=/device:GPU:0)
Stats: min=Tensor(""Min:0"", shape=(), dtype=bfloat16, device=/device:GPU:0), max=Tensor(""Max:0"", shape=(), dtype=bfloat16, device=/device:GPU:0)
","2026-06-26 08:51:46.062360: I tensorflow/core/platform/cpu_feature_guard.cc:142] Your CPU supports instructions that this TensorFlow binary was not compiled to use: SSE4.1 SSE4.2 AVX AVX2 AVX512F FMA
2026-06-26 08:51:46.076937: I tensorflow/core/platform/profile_utils/cpu_utils.cc:94] CPU Frequency: 2199995000 Hz
2026-06-26 08:51:46.078852: I tensorflow/compiler/xla/service/service.cc:168] XLA service 0x55699b663210 initialized for platform Host (this does not guarantee that XLA will be used). D"
run_165503_issue_ori_data.json,1,Unknown Failure,生成失败,,"Traceback (most recent call last):
  File ""/home/ubuntu/SYAN/GRADUATE/TeRL/Step5-Evaluate/baseline/CrossProbe-master/results/165503_issue_ori_data.py"", line 34, in <module>
    tf.range(C), tf.range(P), r_indices, indexing='ij'
  File ""/home/ubuntu/miniconda3/envs/TeRL-Running/lib/python3.7/site-packages/tensorflow_core/python/ops/array_ops.py"", line 2943, in meshgrid
    mult_fact = ones(shapes, output_dtype)
  File ""/home/ubuntu/miniconda3/envs/TeRL-Running/lib/python3.7/site-packages/tensorfl"
run_165517_issue_ori_data.json,1,Missing Dependency,执行失败,,"Traceback (most recent call last):
  File ""/home/ubuntu/SYAN/GRADUATE/TeRL/Step5-Evaluate/baseline/CrossProbe-master/results/165517_issue_ori_data.py"", line 2, in <module>
    from einops import rearrange
ModuleNotFoundError: No module named 'einops'
"
run_165549_issue_ori_data.json,0,Success,生成成功,,
run_165624_issue_ori_data.json,1,Unknown Failure,生成失败,,"Traceback (most recent call last):
  File ""/home/ubuntu/SYAN/GRADUATE/TeRL/Step5-Evaluate/baseline/CrossProbe-master/results/165624_issue_ori_data.py"", line 7, in <module>
    if config.joint_custom_pre_pass is not None:
NameError: name 'config' is not defined
"
run_165649_issue_ori_data.json,1,API Misuse,生成失败,"Dividend tensor: Tensor(""Fill:0"", shape=(2, 3), dtype=int64)
Divisor tensor: Tensor(""Fill_1:0"", shape=(3,), dtype=int64)
","Traceback (most recent call last):
  File ""/home/ubuntu/SYAN/GRADUATE/TeRL/Step5-Evaluate/baseline/CrossProbe-master/results/165649_issue_ori_data.py"", line 14, in <module>
    result = tf.math.truncatemod(dividend, divisor)
  File ""/home/ubuntu/miniconda3/envs/TeRL-Running/lib/python3.7/site-packages/tensorflow_core/python/util/module_wrapper.py"", line 193, in __getattr__
    attr = getattr(self._tfmw_wrapped_module, name)
AttributeError: module 'tensorflow._api.v1.math' has no attribute 'trunc"
run_165718_issue_ori_data.json,1,API Misuse,生成失败,,"Traceback (most recent call last):
  File ""/home/ubuntu/SYAN/GRADUATE/TeRL/Step5-Evaluate/baseline/CrossProbe-master/results/165718_issue_ori_data.py"", line 7, in <module>
    tf.random.set_seed(740242120)
  File ""/home/ubuntu/miniconda3/envs/TeRL-Running/lib/python3.7/site-packages/tensorflow_core/python/util/module_wrapper.py"", line 193, in __getattr__
    attr = getattr(self._tfmw_wrapped_module, name)
AttributeError: module 'tensorflow._api.v1.random' has no attribute 'set_seed'
"
run_165738_issue_ori_data.json,1,Unknown Failure,生成失败,,"2026-06-26 08:57:54.955949: I tensorflow/stream_executor/platform/default/dso_loader.cc:44] Successfully opened dynamic library libcuda.so.1
2026-06-26 08:57:55.018020: I tensorflow/stream_executor/cuda/cuda_gpu_executor.cc:983] successful NUMA node read from SysFS had negative value (-1), but there must be at least one NUMA node, so returning NUMA node zero
2026-06-26 08:57:55.019413: I tensorflow/core/common_runtime/gpu/gpu_device.cc:1618] Found device 0 with properties: 
name: NVIDIA GeForce "
run_165748_issue_ori_data.json,1,Missing Dependency,执行失败,,"Traceback (most recent call last):
  File ""/home/ubuntu/SYAN/GRADUATE/TeRL/Step5-Evaluate/baseline/CrossProbe-master/results/165748_issue_ori_data.py"", line 2, in <module>
    import onnx
ModuleNotFoundError: No module named 'onnx'
"
run_165749_issue_ori_data.json,1,Missing Dependency,执行失败,,"Traceback (most recent call last):
  File ""/home/ubuntu/SYAN/GRADUATE/TeRL/Step5-Evaluate/baseline/CrossProbe-master/results/165749_issue_ori_data.py"", line 2, in <module>
    from tensorflow.keras.layers import Conv2D, WeightNormalization
ImportError: cannot import name 'WeightNormalization' from 'tensorflow.keras.layers' (/home/ubuntu/miniconda3/envs/TeRL-Running/lib/python3.7/site-packages/tensorflow_core/python/keras/api/_v1/keras/layers/__init__.py)
"
run_165810_issue_ori_data.json,1,Missing Dependency,执行失败,,"Traceback (most recent call last):
  File ""/home/ubuntu/SYAN/GRADUATE/TeRL/Step5-Evaluate/baseline/CrossProbe-master/results/165810_issue_ori_data.py"", line 2, in <module>
    import jax.tree_util as pytree
ModuleNotFoundError: No module named 'jax'
"
run_165838_issue_ori_data.json,1,API Misuse,生成失败,,"Traceback (most recent call last):
  File ""/home/ubuntu/SYAN/GRADUATE/TeRL/Step5-Evaluate/baseline/CrossProbe-master/results/165838_issue_ori_data.py"", line 8, in <module>
    @tf.function(jit_compile=True)
TypeError: function() got an unexpected keyword argument 'jit_compile'
"
run_165854_issue_ori_data.json,1,API Misuse,生成失败,,"Traceback (most recent call last):
  File ""/home/ubuntu/SYAN/GRADUATE/TeRL/Step5-Evaluate/baseline/CrossProbe-master/results/165854_issue_ori_data.py"", line 104, in <module>
    main()
  File ""/home/ubuntu/SYAN/GRADUATE/TeRL/Step5-Evaluate/baseline/CrossProbe-master/results/165854_issue_ori_data.py"", line 83, in main
    tf.random.set_seed(0)
  File ""/home/ubuntu/miniconda3/envs/TeRL-Running/lib/python3.7/site-packages/tensorflow_core/python/util/module_wrapper.py"", line 193, in __getattr__
    "
run_165861_issue_ori_data.json,1,API Misuse,生成失败,,"Traceback (most recent call last):
  File ""/home/ubuntu/SYAN/GRADUATE/TeRL/Step5-Evaluate/baseline/CrossProbe-master/results/165861_issue_ori_data.py"", line 4, in <module>
    gpus = tf.config.list_physical_devices('GPU')
  File ""/home/ubuntu/miniconda3/envs/TeRL-Running/lib/python3.7/site-packages/tensorflow_core/python/util/module_wrapper.py"", line 193, in __getattr__
    attr = getattr(self._tfmw_wrapped_module, name)
AttributeError: module 'tensorflow._api.v1.config' has no attribute 'list_p"
run_165870_issue_ori_data.json,0,Success,生成成功,,
run_165873_issue_ori_data.json,1,Assertion Mismatch,生成成功，并且找到错误,,"Traceback (most recent call last):
  File ""/home/ubuntu/SYAN/GRADUATE/TeRL/Step5-Evaluate/baseline/CrossProbe-master/results/165873_issue_ori_data.py"", line 32, in <module>
    assert module.threshold.numpy().item() == state_dict['threshold'][0].numpy().item()
AttributeError: 'RefVariable' object has no attribute 'numpy'
"
run_165892_issue_ori_data.json,1,API Misuse,生成失败,,"2026-06-26 08:57:30.817633: I tensorflow/stream_executor/platform/default/dso_loader.cc:44] Successfully opened dynamic library libcuda.so.1
2026-06-26 08:57:30.855386: I tensorflow/stream_executor/cuda/cuda_gpu_executor.cc:983] successful NUMA node read from SysFS had negative value (-1), but there must be at least one NUMA node, so returning NUMA node zero
2026-06-26 08:57:30.856476: I tensorflow/core/common_runtime/gpu/gpu_device.cc:1618] Found device 0 with properties: 
name: NVIDIA GeForce "
run_165911_issue_ori_data.json,1,API Misuse,生成失败,,"Traceback (most recent call last):
  File ""/home/ubuntu/SYAN/GRADUATE/TeRL/Step5-Evaluate/baseline/CrossProbe-master/results/165911_issue_ori_data.py"", line 38, in <module>
    tf.debugging.assert_all_equal(compute(x, w), chunked_compute(x, w))
  File ""/home/ubuntu/miniconda3/envs/TeRL-Running/lib/python3.7/site-packages/tensorflow_core/python/util/module_wrapper.py"", line 193, in __getattr__
    attr = getattr(self._tfmw_wrapped_module, name)
AttributeError: module 'tensorflow._api.v1.debugging"
run_165948_issue_ori_data.json,0,Success,生成成功,,"2026-06-26 08:57:06.668406: I tensorflow/stream_executor/platform/default/dso_loader.cc:44] Successfully opened dynamic library libcuda.so.1
2026-06-26 08:57:06.731620: I tensorflow/stream_executor/cuda/cuda_gpu_executor.cc:983] successful NUMA node read from SysFS had negative value (-1), but there must be at least one NUMA node, so returning NUMA node zero
2026-06-26 08:57:06.733119: I tensorflow/core/common_runtime/gpu/gpu_device.cc:1618] Found device 0 with properties: 
name: NVIDIA GeForce "
run_165951_issue_ori_data.json,1,Missing Dependency,执行失败,,"Traceback (most recent call last):
  File ""/home/ubuntu/SYAN/GRADUATE/TeRL/Step5-Evaluate/baseline/CrossProbe-master/results/165951_issue_ori_data.py"", line 3, in <module>
    from tensorflow.python.tools.saved_model_aot_compile import freeze_model
ModuleNotFoundError: No module named 'tensorflow.python.tools.saved_model_aot_compile'
"
run_165964_issue_ori_data.json,1,API Misuse,生成失败,,"Traceback (most recent call last):
  File ""/home/ubuntu/SYAN/GRADUATE/TeRL/Step5-Evaluate/baseline/CrossProbe-master/results/165964_issue_ori_data.py"", line 6, in <module>
    print(tf.ones(1).numpy().item())
AttributeError: 'Tensor' object has no attribute 'numpy'
"
run_166034_issue_ori_data.json,1,API Misuse,生成失败,,"Traceback (most recent call last):
  File ""/home/ubuntu/SYAN/GRADUATE/TeRL/Step5-Evaluate/baseline/CrossProbe-master/results/166034_issue_ori_data.py"", line 39, in <module>
    args=inputs
TypeError: func_graph_from_py_func() missing 1 required positional argument: 'kwargs'
"
run_166042_issue_ori_data.json,1,API Misuse,生成失败,,"Traceback (most recent call last):
  File ""/home/ubuntu/SYAN/GRADUATE/TeRL/Step5-Evaluate/baseline/CrossProbe-master/results/166042_issue_ori_data.py"", line 5, in <module>
    tf.random.set_seed(1352030645)
  File ""/home/ubuntu/miniconda3/envs/TeRL-Running/lib/python3.7/site-packages/tensorflow_core/python/util/module_wrapper.py"", line 193, in __getattr__
    attr = getattr(self._tfmw_wrapped_module, name)
AttributeError: module 'tensorflow._api.v1.random' has no attribute 'set_seed'
"
run_166068_issue_ori_data.json,1,API Misuse,生成失败,,"Traceback (most recent call last):
  File ""/home/ubuntu/SYAN/GRADUATE/TeRL/Step5-Evaluate/baseline/CrossProbe-master/results/166068_issue_ori_data.py"", line 7, in <module>
    print(version.parse(tf.sysconfig.get_build_info().get('rocm_version', 'None')))
  File ""/home/ubuntu/miniconda3/envs/TeRL-Running/lib/python3.7/site-packages/tensorflow_core/python/util/module_wrapper.py"", line 193, in __getattr__
    attr = getattr(self._tfmw_wrapped_module, name)
AttributeError: module 'tensorflow._api.v"
run_166104_issue_ori_data.json,0,Success,生成成功,"
",
run_166110_issue_ori_data.json,1,Missing Dependency,执行失败,,"Traceback (most recent call last):
  File ""/home/ubuntu/SYAN/GRADUATE/TeRL/Step5-Evaluate/baseline/CrossProbe-master/results/166110_issue_ori_data.py"", line 6, in <module>
    from hyperpyyaml import load_hyperpyyaml
ModuleNotFoundError: No module named 'hyperpyyaml'
"
run_166176_issue_ori_data.json,0,Success,生成成功,,"2026-06-26 08:57:51.574697: I tensorflow/stream_executor/platform/default/dso_loader.cc:44] Successfully opened dynamic library libcuda.so.1
2026-06-26 08:57:51.630810: I tensorflow/stream_executor/cuda/cuda_gpu_executor.cc:983] successful NUMA node read from SysFS had negative value (-1), but there must be at least one NUMA node, so returning NUMA node zero
2026-06-26 08:57:51.632043: I tensorflow/core/common_runtime/gpu/gpu_device.cc:1618] Found device 0 with properties: 
name: NVIDIA GeForce "
run_166237_issue_ori_data.json,0,Success,生成成功,,"WARNING:tensorflow:From /home/ubuntu/SYAN/GRADUATE/TeRL/Step5-Evaluate/baseline/CrossProbe-master/results/166237_issue_ori_data.py:37: The name tf.debugging.assert_near is deprecated. Please use tf.compat.v1.debugging.assert_near instead.

ERROR:tensorflow:==================================
Object was never used (type <class 'tensorflow.python.framework.ops.Operation'>):
<tf.Operation 'assert_near/Assert/AssertGuard/Merge' type=Merge>
If you want to mark it as used call its ""mark_used()"" method."
run_166245_issue_ori_data.json,1,API Misuse,生成失败,,"Traceback (most recent call last):
  File ""/home/ubuntu/SYAN/GRADUATE/TeRL/Step5-Evaluate/baseline/CrossProbe-master/results/166245_issue_ori_data.py"", line 5, in <module>
    tf.random.set_seed(751735337)
  File ""/home/ubuntu/miniconda3/envs/TeRL-Running/lib/python3.7/site-packages/tensorflow_core/python/util/module_wrapper.py"", line 193, in __getattr__
    attr = getattr(self._tfmw_wrapped_module, name)
AttributeError: module 'tensorflow._api.v1.random' has no attribute 'set_seed'
"
run_166253_issue_ori_data.json,0,Success,生成成功,"Tensor(""Fill:0"", shape=(2,), dtype=float64)
Tensor(""Fill_1:0"", shape=(2,), dtype=float64)
Tensor(""PartitionedCall:0"", shape=(2,), dtype=float64)
Tensor(""PartitionedCall_1:0"", shape=(2,), dtype=float64)
","2026-06-26 08:49:11.201992: I tensorflow/stream_executor/platform/default/dso_loader.cc:44] Successfully opened dynamic library libcuda.so.1
2026-06-26 08:49:11.259105: I tensorflow/stream_executor/cuda/cuda_gpu_executor.cc:983] successful NUMA node read from SysFS had negative value (-1), but there must be at least one NUMA node, so returning NUMA node zero
2026-06-26 08:49:11.260098: I tensorflow/core/common_runtime/gpu/gpu_device.cc:1618] Found device 0 with properties: 
name: NVIDIA GeForce "
run_166270_issue_ori_data.json,1,API Misuse,生成失败,,"Traceback (most recent call last):
  File ""/home/ubuntu/SYAN/GRADUATE/TeRL/Step5-Evaluate/baseline/CrossProbe-master/results/166270_issue_ori_data.py"", line 8, in <module>
    tf.random.set_seed(1061983224)
  File ""/home/ubuntu/miniconda3/envs/TeRL-Running/lib/python3.7/site-packages/tensorflow_core/python/util/module_wrapper.py"", line 193, in __getattr__
    attr = getattr(self._tfmw_wrapped_module, name)
AttributeError: module 'tensorflow._api.v1.random' has no attribute 'set_seed'
"
run_166279_issue_ori_data.json,1,API Misuse,生成失败,,"Traceback (most recent call last):
  File ""/home/ubuntu/SYAN/GRADUATE/TeRL/Step5-Evaluate/baseline/CrossProbe-master/results/166279_issue_ori_data.py"", line 7, in <module>
    tf.random.set_seed(1166094474)
  File ""/home/ubuntu/miniconda3/envs/TeRL-Running/lib/python3.7/site-packages/tensorflow_core/python/util/module_wrapper.py"", line 193, in __getattr__
    attr = getattr(self._tfmw_wrapped_module, name)
AttributeError: module 'tensorflow._api.v1.random' has no attribute 'set_seed'
"
run_166290_issue_ori_data.json,1,API Misuse,生成失败,,"Traceback (most recent call last):
  File ""/home/ubuntu/SYAN/GRADUATE/TeRL/Step5-Evaluate/baseline/CrossProbe-master/results/166290_issue_ori_data.py"", line 7, in <module>
    tf.random.set_seed(974450504)
  File ""/home/ubuntu/miniconda3/envs/TeRL-Running/lib/python3.7/site-packages/tensorflow_core/python/util/module_wrapper.py"", line 193, in __getattr__
    attr = getattr(self._tfmw_wrapped_module, name)
AttributeError: module 'tensorflow._api.v1.random' has no attribute 'set_seed'
"
run_166305_issue_ori_data.json,1,API Misuse,生成失败,,"Traceback (most recent call last):
  File ""/home/ubuntu/SYAN/GRADUATE/TeRL/Step5-Evaluate/baseline/CrossProbe-master/results/166305_issue_ori_data.py"", line 14, in <module>
    gpus = tf.config.list_physical_devices('GPU')
  File ""/home/ubuntu/miniconda3/envs/TeRL-Running/lib/python3.7/site-packages/tensorflow_core/python/util/module_wrapper.py"", line 193, in __getattr__
    attr = getattr(self._tfmw_wrapped_module, name)
AttributeError: module 'tensorflow._api.v1.config' has no attribute 'list_"
run_166319_issue_ori_data.json,1,API Misuse,生成失败,,"Traceback (most recent call last):
  File ""/home/ubuntu/SYAN/GRADUATE/TeRL/Step5-Evaluate/baseline/CrossProbe-master/results/166319_issue_ori_data.py"", line 6, in <module>
    tf.random.set_seed(1215252001)
  File ""/home/ubuntu/miniconda3/envs/TeRL-Running/lib/python3.7/site-packages/tensorflow_core/python/util/module_wrapper.py"", line 193, in __getattr__
    attr = getattr(self._tfmw_wrapped_module, name)
AttributeError: module 'tensorflow._api.v1.random' has no attribute 'set_seed'
"
run_166360_issue_ori_data.json,0,Success,生成成功,"tensor1: Tensor(""random_uniform:0"", shape=(2,), dtype=float32, device=/device:GPU:0), tensor2: Tensor(""random_uniform_1:0"", shape=(2,), dtype=float32, device=/device:GPU:1)
combined tensor - Cuda: Tensor(""concat:0"", shape=(4,), dtype=float32, device=/device:GPU:0)
combined tensor - CPU: Tensor(""concat_1:0"", shape=(4,), dtype=float32, device=/device:CPU:0)
",
run_166413_issue_ori_data.json,1,Unknown Failure,生成失败,,"Traceback (most recent call last):
  File ""/home/ubuntu/SYAN/GRADUATE/TeRL/Step5-Evaluate/baseline/CrossProbe-master/results/166413_issue_ori_data.py"", line 12, in <module>
    reveal_type(double)
NameError: name 'reveal_type' is not defined
"
run_166415_issue_ori_data.json,1,API Misuse,生成失败,,"Traceback (most recent call last):
  File ""/home/ubuntu/SYAN/GRADUATE/TeRL/Step5-Evaluate/baseline/CrossProbe-master/results/166415_issue_ori_data.py"", line 5, in <module>
    gpus = tf.config.list_physical_devices('GPU')
  File ""/home/ubuntu/miniconda3/envs/TeRL-Running/lib/python3.7/site-packages/tensorflow_core/python/util/module_wrapper.py"", line 193, in __getattr__
    attr = getattr(self._tfmw_wrapped_module, name)
AttributeError: module 'tensorflow._api.v1.config' has no attribute 'list_p"
run_166513_issue_ori_data.json,1,Missing Dependency,执行失败,,"Traceback (most recent call last):
  File ""/home/ubuntu/SYAN/GRADUATE/TeRL/Step5-Evaluate/baseline/CrossProbe-master/results/166513_issue_ori_data.py"", line 2, in <module>
    import cv2
ModuleNotFoundError: No module named 'cv2'
"
run_166582_issue_ori_data.json,1,Missing Dependency,执行失败,,"Traceback (most recent call last):
  File ""/home/ubuntu/SYAN/GRADUATE/TeRL/Step5-Evaluate/baseline/CrossProbe-master/results/166582_issue_ori_data.py"", line 6, in <module>
    from test_tpu import matmul
ModuleNotFoundError: No module named 'test_tpu'
"
run_166589_issue_ori_data.json,0,Success,生成成功,,
run_166630_issue_ori_data.json,1,Unknown Failure,生成失败,,"Traceback (most recent call last):
  File ""/home/ubuntu/SYAN/GRADUATE/TeRL/Step5-Evaluate/baseline/CrossProbe-master/results/166630_issue_ori_data.py"", line 25, in <module>
    ""entrypoint"": entrypoint_name,
NameError: name 'entrypoint_name' is not defined
"
run_166719_issue_ori_data.json,0,Success,生成成功,,
run_166797_issue_ori_data.json,1,Missing Dependency,执行失败,,"Traceback (most recent call last):
  File ""/home/ubuntu/SYAN/GRADUATE/TeRL/Step5-Evaluate/baseline/CrossProbe-master/results/166797_issue_ori_data.py"", line 9, in <module>
    import tf2onnx
ModuleNotFoundError: No module named 'tf2onnx'
"
run_166841_issue_ori_data.json,1,Unknown Failure,生成失败,"Exporting model...
","Traceback (most recent call last):
  File ""/home/ubuntu/SYAN/GRADUATE/TeRL/Step5-Evaluate/baseline/CrossProbe-master/results/166841_issue_ori_data.py"", line 59, in <module>
    concrete_func = model.__call__.get_concrete_function(*example_args)
  File ""/home/ubuntu/miniconda3/envs/TeRL-Running/lib/python3.7/site-packages/tensorflow_core/python/eager/def_function.py"", line 715, in get_concrete_function
    self._initialize(args, kwargs, add_initializers_to=initializer_map)
  File ""/home/ubuntu/mi"
run_166888_issue_ori_data.json,0,Success,生成成功,,"2026-06-26 08:55:09.755617: I tensorflow/stream_executor/platform/default/dso_loader.cc:44] Successfully opened dynamic library libcuda.so.1
2026-06-26 08:55:09.799376: I tensorflow/stream_executor/cuda/cuda_gpu_executor.cc:983] successful NUMA node read from SysFS had negative value (-1), but there must be at least one NUMA node, so returning NUMA node zero
2026-06-26 08:55:09.800452: I tensorflow/core/common_runtime/gpu/gpu_device.cc:1618] Found device 0 with properties: 
name: NVIDIA GeForce "
run_166900_issue_ori_data.json,0,Success,生成成功,,"2026-06-26 08:50:57.855979: I tensorflow/stream_executor/platform/default/dso_loader.cc:44] Successfully opened dynamic library libcuda.so.1
2026-06-26 08:50:57.920390: I tensorflow/stream_executor/cuda/cuda_gpu_executor.cc:983] successful NUMA node read from SysFS had negative value (-1), but there must be at least one NUMA node, so returning NUMA node zero
2026-06-26 08:50:57.922038: I tensorflow/core/common_runtime/gpu/gpu_device.cc:1618] Found device 0 with properties: 
name: NVIDIA GeForce "
run_166906_issue_ori_data.json,1,Missing Dependency,执行失败,,"Traceback (most recent call last):
  File ""/home/ubuntu/SYAN/GRADUATE/TeRL/Step5-Evaluate/baseline/CrossProbe-master/results/166906_issue_ori_data.py"", line 3, in <module>
    from tensorflow.python.debug.lib.debug_data import node_traceback
ImportError: cannot import name 'node_traceback' from 'tensorflow.python.debug.lib.debug_data' (/home/ubuntu/miniconda3/envs/TeRL-Running/lib/python3.7/site-packages/tensorflow_core/python/debug/lib/debug_data.py)
"
run_166918_issue_ori_data.json,1,API Misuse,生成失败,,"Traceback (most recent call last):
  File ""/home/ubuntu/SYAN/GRADUATE/TeRL/Step5-Evaluate/baseline/CrossProbe-master/results/166918_issue_ori_data.py"", line 70, in <module>
    init_process()
  File ""/home/ubuntu/SYAN/GRADUATE/TeRL/Step5-Evaluate/baseline/CrossProbe-master/results/166918_issue_ori_data.py"", line 31, in init_process
    strategy = tf.distribute.MultiWorkerMirroredStrategy()
  File ""/home/ubuntu/miniconda3/envs/TeRL-Running/lib/python3.7/site-packages/tensorflow_core/python/util/m"
run_166941_issue_ori_data.json,,Unknown Failure,生成失败,"Validating 1024 tensors with 1024 shards each...

Progress: 100/1024 tensors, avg=373.9ms/tensor, estimated total=382.9s
Progress: 200/1024 tensors, avg=375.4ms/tensor, estimated total=384.4s
Progress: 300/1024 tensors, avg=377.3ms/tensor, estimated total=386.4s
","
[Timeout after 120s]"
run_167064_issue_ori_data.json,1,Missing Dependency,执行失败,,"Traceback (most recent call last):
  File ""/home/ubuntu/SYAN/GRADUATE/TeRL/Step5-Evaluate/baseline/CrossProbe-master/results/167064_issue_ori_data.py"", line 1, in <module>
    import tensorflow_probability as tfp
ModuleNotFoundError: No module named 'tensorflow_probability'
"
run_167154_issue_ori_data.json,0,Success,生成成功,,
run_167263_issue_ori_data.json,0,Success,生成成功,"forward shape (20, 4, 128)
values_view hook - shape: (20, 4, 128)
","WARNING:tensorflow:From /home/ubuntu/miniconda3/envs/TeRL-Running/lib/python3.7/site-packages/tensorflow_core/python/ops/resource_variable_ops.py:1630: calling BaseResourceVariable.__init__ (from tensorflow.python.ops.resource_variable_ops) with constraint is deprecated and will be removed in a future version.
Instructions for updating:
If using Keras pass *_constraint arguments to layers.
2026-06-26 08:58:36.978264: I tensorflow/stream_executor/platform/default/dso_loader.cc:44] Successfully op"
run_167319_issue_ori_data.json,1,Missing Dependency,执行失败,,"Traceback (most recent call last):
  File ""/home/ubuntu/SYAN/GRADUATE/TeRL/Step5-Evaluate/baseline/CrossProbe-master/results/167319_issue_ori_data.py"", line 2, in <module>
    from omegaconf import OmegaConf
ModuleNotFoundError: No module named 'omegaconf'
"
run_167369_issue_ori_data.json,0,Success,生成成功,,
run_167393_issue_ori_data.json,0,Success,生成成功,,"2026-06-26 08:58:24.594935: I tensorflow/stream_executor/platform/default/dso_loader.cc:44] Successfully opened dynamic library libcuda.so.1
2026-06-26 08:58:24.663604: I tensorflow/stream_executor/cuda/cuda_gpu_executor.cc:983] successful NUMA node read from SysFS had negative value (-1), but there must be at least one NUMA node, so returning NUMA node zero
2026-06-26 08:58:24.665263: I tensorflow/core/common_runtime/gpu/gpu_device.cc:1618] Found device 0 with properties: 
name: NVIDIA GeForce "
run_167462_issue_ori_data.json,1,API Misuse,生成失败,,"Traceback (most recent call last):
  File ""/home/ubuntu/SYAN/GRADUATE/TeRL/Step5-Evaluate/baseline/CrossProbe-master/results/167462_issue_ori_data.py"", line 21, in <module>
    tf.config.experimental.get_memory_info('GPU:0')
  File ""/home/ubuntu/miniconda3/envs/TeRL-Running/lib/python3.7/site-packages/tensorflow_core/python/util/module_wrapper.py"", line 193, in __getattr__
    attr = getattr(self._tfmw_wrapped_module, name)
AttributeError: module 'tensorflow._api.v1.config.experimental' has no a"
run_167499_issue_ori_data.json,0,Success,生成成功,"Compiler: /usr/bin/g++
Detected as GCC: False
",
run_167515_issue_ori_data.json,0,Success,生成成功,,
run_167602_issue_ori_data.json,1,Missing Dependency,执行失败,,"Traceback (most recent call last):
  File ""/home/ubuntu/SYAN/GRADUATE/TeRL/Step5-Evaluate/baseline/CrossProbe-master/results/167602_issue_ori_data.py"", line 3, in <module>
    from diffusers import TFSstableDiffusionPipeline, TFDPMSolverMultistepScheduler
ModuleNotFoundError: No module named 'diffusers'
"
run_167639_issue_ori_data.json,1,API Misuse,生成失败,,"Traceback (most recent call last):
  File ""/home/ubuntu/SYAN/GRADUATE/TeRL/Step5-Evaluate/baseline/CrossProbe-master/results/167639_issue_ori_data.py"", line 71, in <module>
    main()
  File ""/home/ubuntu/SYAN/GRADUATE/TeRL/Step5-Evaluate/baseline/CrossProbe-master/results/167639_issue_ori_data.py"", line 36, in main
    inputs = get_sample_inputs()
  File ""/home/ubuntu/SYAN/GRADUATE/TeRL/Step5-Evaluate/baseline/CrossProbe-master/results/167639_issue_ori_data.py"", line 24, in get_sample_inputs
  "
run_167644_issue_ori_data.json,1,API Misuse,生成失败,,"Traceback (most recent call last):
  File ""/home/ubuntu/SYAN/GRADUATE/TeRL/Step5-Evaluate/baseline/CrossProbe-master/results/167644_issue_ori_data.py"", line 10, in <module>
    cli_main()
  File ""/home/ubuntu/SYAN/GRADUATE/TeRL/Step5-Evaluate/baseline/CrossProbe-master/results/167644_issue_ori_data.py"", line 7, in cli_main
    tf.config.experimental.enable_tensor_float_32_execution(True)
  File ""/home/ubuntu/miniconda3/envs/TeRL-Running/lib/python3.7/site-packages/tensorflow_core/python/util/mod"
run_167699_issue_ori_data.json,0,Success,生成成功,,"2026-06-26 08:50:49.984735: I tensorflow/stream_executor/platform/default/dso_loader.cc:44] Successfully opened dynamic library libcuda.so.1
2026-06-26 08:50:50.051066: I tensorflow/stream_executor/cuda/cuda_gpu_executor.cc:983] successful NUMA node read from SysFS had negative value (-1), but there must be at least one NUMA node, so returning NUMA node zero
2026-06-26 08:50:50.052724: I tensorflow/core/common_runtime/gpu/gpu_device.cc:1618] Found device 0 with properties: 
name: NVIDIA GeForce "
run_167706_issue_ori_data.json,0,Success,生成成功,,
run_167707_issue_ori_data.json,1,API Misuse,生成失败,,"Traceback (most recent call last):
  File ""/home/ubuntu/SYAN/GRADUATE/TeRL/Step5-Evaluate/baseline/CrossProbe-master/results/167707_issue_ori_data.py"", line 9, in <module>
    tf.profiler.experimental.start(""."")
  File ""/home/ubuntu/miniconda3/envs/TeRL-Running/lib/python3.7/site-packages/tensorflow_core/python/util/module_wrapper.py"", line 193, in __getattr__
    attr = getattr(self._tfmw_wrapped_module, name)
AttributeError: module 'tensorflow._api.v1.profiler' has no attribute 'experimental'
"
run_167716_issue_ori_data.json,0,Success,生成成功,,
run_167727_issue_ori_data.json,1,API Misuse,生成失败,,"Traceback (most recent call last):
  File ""/home/ubuntu/SYAN/GRADUATE/TeRL/Step5-Evaluate/baseline/CrossProbe-master/results/167727_issue_ori_data.py"", line 17, in <module>
    device_acc = '/GPU:0' if tf.config.list_physical_devices('GPU') else '/CPU:0'
  File ""/home/ubuntu/miniconda3/envs/TeRL-Running/lib/python3.7/site-packages/tensorflow_core/python/util/module_wrapper.py"", line 193, in __getattr__
    attr = getattr(self._tfmw_wrapped_module, name)
AttributeError: module 'tensorflow._api.v1"
run_167745_issue_ori_data.json,0,Success,生成成功,"Pool 1 ctx start
Pool 1 ctx end
",
run_167767_issue_ori_data.json,1,API Misuse,生成失败,"Tensor(""zeros_1:0"", shape=(1,), dtype=float32)
Tensor(""Maximum_1:0"", shape=(1,), dtype=float32)
Tensor(""zeros_2:0"", shape=(1,), dtype=float32)
Tensor(""Maximum_2:0"", shape=(1,), dtype=float32)
Tensor(""zeros_3:0"", shape=(1,), dtype=float32)
","Traceback (most recent call last):
  File ""/home/ubuntu/SYAN/GRADUATE/TeRL/Step5-Evaluate/baseline/CrossProbe-master/results/167767_issue_ori_data.py"", line 26, in <module>
    c = tf.clip_by_value(b, 1e-7, tf.inf)
  File ""/home/ubuntu/miniconda3/envs/TeRL-Running/lib/python3.7/site-packages/tensorflow_core/python/util/module_wrapper.py"", line 193, in __getattr__
    attr = getattr(self._tfmw_wrapped_module, name)
AttributeError: module 'tensorflow' has no attribute 'inf'
"
run_167776_issue_ori_data.json,1,API Misuse,生成失败,,"Traceback (most recent call last):
  File ""/home/ubuntu/SYAN/GRADUATE/TeRL/Step5-Evaluate/baseline/CrossProbe-master/results/167776_issue_ori_data.py"", line 25, in <module>
    gpus = tf.config.list_physical_devices('GPU')
  File ""/home/ubuntu/miniconda3/envs/TeRL-Running/lib/python3.7/site-packages/tensorflow_core/python/util/module_wrapper.py"", line 193, in __getattr__
    attr = getattr(self._tfmw_wrapped_module, name)
AttributeError: module 'tensorflow._api.v1.config' has no attribute 'list_"
run_167789_issue_ori_data.json,0,Success,生成成功,,"2026-06-26 08:48:39.181235: I tensorflow/stream_executor/platform/default/dso_loader.cc:44] Successfully opened dynamic library libcuda.so.1
2026-06-26 08:48:39.243291: I tensorflow/stream_executor/cuda/cuda_gpu_executor.cc:983] successful NUMA node read from SysFS had negative value (-1), but there must be at least one NUMA node, so returning NUMA node zero
2026-06-26 08:48:39.245062: I tensorflow/core/common_runtime/gpu/gpu_device.cc:1618] Found device 0 with properties: 
name: NVIDIA GeForce "
run_167904_issue_ori_data.json,1,Unknown Failure,生成失败,,"Traceback (most recent call last):
  File ""/home/ubuntu/SYAN/GRADUATE/TeRL/Step5-Evaluate/baseline/CrossProbe-master/results/167904_issue_ori_data.py"", line 31, in <module>
    signature=None
  File ""/home/ubuntu/miniconda3/envs/TeRL-Running/lib/python3.7/site-packages/tensorflow_core/python/framework/func_graph.py"", line 839, in func_graph_from_py_func
    kwargs, flat_shapes=kwarg_shapes)
  File ""/home/ubuntu/miniconda3/envs/TeRL-Running/lib/python3.7/site-packages/tensorflow_core/python/frame"
run_167910_issue_ori_data.json,0,Success,生成成功,,
run_167924_issue_ori_data.json,0,Success,生成成功,,"WARNING:tensorflow:From /home/ubuntu/miniconda3/envs/TeRL-Running/lib/python3.7/site-packages/tensorflow_core/python/ops/array_ops.py:1475: where (from tensorflow.python.ops.array_ops) is deprecated and will be removed in a future version.
Instructions for updating:
Use tf.where in 2.0, which has the same broadcast rule as np.where
"
run_167974_issue_ori_data.json,0,Success,生成成功,,"WARNING:tensorflow:From /home/ubuntu/miniconda3/envs/TeRL-Running/lib/python3.7/site-packages/tensorflow_core/python/keras/initializers.py:119: calling RandomUniform.__init__ (from tensorflow.python.ops.init_ops) with dtype is deprecated and will be removed in a future version.
Instructions for updating:
Call initializer instance with the dtype argument instead of passing it to the constructor
WARNING:tensorflow:From /home/ubuntu/miniconda3/envs/TeRL-Running/lib/python3.7/site-packages/tensorflo"
run_167977_issue_ori_data.json,1,Missing Dependency,执行失败,,"Traceback (most recent call last):
  File ""/home/ubuntu/SYAN/GRADUATE/TeRL/Step5-Evaluate/baseline/CrossProbe-master/results/167977_issue_ori_data.py"", line 2, in <module>
    from tensorflow.experimental import dtensor
ImportError: cannot import name 'dtensor' from 'tensorflow.experimental' (/home/ubuntu/miniconda3/envs/TeRL-Running/lib/python3.7/site-packages/tensorflow_core/_api/v1/experimental/__init__.py)
"
run_168071_issue_ori_data.json,0,Success,生成成功,"(30, 0)
",
run_168075_issue_ori_data.json,0,Success,生成成功,"Original model:
9
Scripted model:
9
","2026-06-26 08:51:08.762875: I tensorflow/stream_executor/platform/default/dso_loader.cc:44] Successfully opened dynamic library libcuda.so.1
2026-06-26 08:51:08.831816: I tensorflow/stream_executor/cuda/cuda_gpu_executor.cc:983] successful NUMA node read from SysFS had negative value (-1), but there must be at least one NUMA node, so returning NUMA node zero
2026-06-26 08:51:08.833334: I tensorflow/core/common_runtime/gpu/gpu_device.cc:1618] Found device 0 with properties: 
name: NVIDIA GeForce "
run_168134_issue_ori_data.json,1,Missing Dependency,执行失败,,"Traceback (most recent call last):
  File ""/home/ubuntu/SYAN/GRADUATE/TeRL/Step5-Evaluate/baseline/CrossProbe-master/results/168134_issue_ori_data.py"", line 2, in <module>
    from tensorflow.experimental import dtensor
ImportError: cannot import name 'dtensor' from 'tensorflow.experimental' (/home/ubuntu/miniconda3/envs/TeRL-Running/lib/python3.7/site-packages/tensorflow_core/_api/v1/experimental/__init__.py)
"
run_168210_issue_ori_data.json,1,Unknown Failure,生成失败,,"Traceback (most recent call last):
  File ""/home/ubuntu/miniconda3/envs/TeRL-Running/lib/python3.7/site-packages/transformers/configuration_utils.py"", line 609, in _get_config_dict
    user_agent=user_agent,
  File ""/home/ubuntu/miniconda3/envs/TeRL-Running/lib/python3.7/site-packages/transformers/utils/hub.py"", line 292, in cached_path
    local_files_only=local_files_only,
  File ""/home/ubuntu/miniconda3/envs/TeRL-Running/lib/python3.7/site-packages/transformers/utils/hub.py"", line 479, in get"
run_168240_issue_ori_data.json,1,Environment Failure,生成失败,,"WARNING:tensorflow:From /home/ubuntu/miniconda3/envs/TeRL-Running/lib/python3.7/site-packages/tensorflow_core/python/ops/resource_variable_ops.py:1630: calling BaseResourceVariable.__init__ (from tensorflow.python.ops.resource_variable_ops) with constraint is deprecated and will be removed in a future version.
Instructions for updating:
If using Keras pass *_constraint arguments to layers.
2026-06-26 08:56:20.127717: I tensorflow/stream_executor/platform/default/dso_loader.cc:44] Successfully op"
run_168251_issue_ori_data.json,0,Success,生成成功,"Model executed successfully!
Input shape: (32, 784)
Reconstruction shape: 784
Mu shape: (32, 20)
Log_var shape: (32, 20)
Model parameters: 973624
Compile  shape: (32, 784)
","WARNING:tensorflow:From /home/ubuntu/miniconda3/envs/TeRL-Running/lib/python3.7/site-packages/tensorflow_core/python/ops/resource_variable_ops.py:1630: calling BaseResourceVariable.__init__ (from tensorflow.python.ops.resource_variable_ops) with constraint is deprecated and will be removed in a future version.
Instructions for updating:
If using Keras pass *_constraint arguments to layers.
2026-06-26 08:51:18.310314: I tensorflow/stream_executor/platform/default/dso_loader.cc:44] Successfully op"
run_168373_issue_ori_data.json,1,API Misuse,生成失败,,"Traceback (most recent call last):
  File ""/home/ubuntu/SYAN/GRADUATE/TeRL/Step5-Evaluate/baseline/CrossProbe-master/results/168373_issue_ori_data.py"", line 44, in <module>
    mod(x)
TypeError: 'Mod' object is not callable
"
