issue_id,api_count,apis
159974,28,"tf.compat.v1,tf.compat.v1.FIFOQueue,tf.compat.v1.Session,tf.compat.v1.disable_eager_execution,tf.compat.v1.enable_eager_execution,tf.compat.v1.global_variables_initializer,tf.compat.v1.local_variables_initializer,tf.compat.v1.name_scope,tf.compat.v1.tpu.batch_parallel,tf.compat.v1.train,tf.compat.v1.train.Coordinator,tf.compat.v1.train.QueueRunner,tf.compat.v1.train.add_queue_runner,tf.compat.v1.train.range_input_producer,tf.compat.v1.train.start_queue_runners,tf.compat.v1.train.string_input_producer,tf.config.list_physical_devices,tf.constant,tf.device,tf.errors.NotFoundError,tf.executing_eagerly,tf.experimental,tf.float32,tf.function,tf.keras.backend.name_scope,tf.keras.name_scope,tf.name_scope,tf.random.normal"
159995,9,"tf.compiler.tests.xla_call_module_test,tf.cond,tf.constant,tf.keras,tf.keras.dtype_policies.serialize,tf.keras.metrics.deserialize,tf.keras.metrics.serialize,tf.less,tf.stack"
160034,33,"tf.GradientTape,tf.Tensor,tf.compat.v1.GraphKeys.LOCAL_VARIABLES,tf.compat.v1.Session,tf.compat.v1.disable_eager_execution,tf.compat.v1.get_variable,tf.compat.v1.global_variables_initializer,tf.compat.v1.local_variables_initializer,tf.compat.v1.math.exp,tf.complex,tf.complex64,tf.constant,tf.equal,tf.expand_dims,tf.experimental.numpy.exp,tf.float32,tf.gather_nd,tf.keras.backend.cast_to_floatx,tf.keras.backend.floatx,tf.keras.backend.set_floatx,tf.keras.constraints.NonNeg,tf.keras.ops.custom_gradient,tf.keras.ops.exp,tf.math.exp,tf.math.imag,tf.math.real,tf.ones,tf.ones_initializer,tf.reduce_all,tf.reduce_sum,tf.tensor_scatter_nd_add,tf.tensor_scatter_nd_update,tf.zeros"
160053,4,"tf.compat.v1.ragged.RaggedTensorValue,tf.compat.v1.train.SessionRunArgs,tf.keras.backend.set_floatx,tf.raw_ops.ExtractVolumePatches"
160059,10,"tf.Module,tf.clip_by_value,tf.compat.v1.Session,tf.compat.v1.disable_v2_behavior,tf.compat.v1.global_variables_initializer,tf.constant,tf.experimental.async_scope,tf.function,tf.keras.backend.set_value,tf.math.log"
160074,9,"tf.GradientTape,tf.autograph.trace,tf.compat.v1.tpu.PaddingSpec,tf.errors.OperatorNotAllowedInGraphError,tf.experimental.numpy.trace,tf.function,tf.random.normal,tf.reduce_sum,tf.tile"
160077,8,"tf.device,tf.float32,tf.function,tf.keras.initializers.HeNormal,tf.keras.initializers.LecunNormal,tf.keras.initializers.LecunUniform,tf.math.is_nan,tf.math.reduce_any"
160084,16,"tf.Module,tf.Variable,tf.VariableSynchronization,tf.compat.dimension_value,tf.compat.v1.train.SessionRunValues,tf.config.list_physical_devices,tf.device,tf.float32,tf.function,tf.keras.activations.linear,tf.print,tf.random.normal,tf.sysconfig,tf.sysconfig.get_build_info,tf.test.is_built_with_cuda,tf.test.is_built_with_rocm"
160197,21,"tf.GradientTape,tf.Variable,tf.compat.v1.Session,tf.compat.v1.enable_eager_execution,tf.compat.v1.train.get_global_step,tf.compat.v1.train.global_step,tf.compat.v1.variables_initializer,tf.config.run_functions_eagerly,tf.constant,tf.debugging.Assert,tf.float32,tf.grad_pass_through,tf.int32,tf.keras.backend.eval,tf.keras.optimizers.Adam,tf.math.is_finite,tf.random.uniform,tf.raw_ops.Assert,tf.reduce_all,tf.reduce_mean,tf.square"
160332,7,"tf.compat.v1.enable_v2_behavior,tf.constant,tf.ensure_shape,tf.errors,tf.errors.InvalidArgumentError,tf.executing_eagerly,tf.function"
160437,44,"tf.TensorSpec,tf.compat.v1,tf.compat.v1.FIFOQueue,tf.compat.v1.Graph,tf.compat.v1.GraphKeys.QUEUE_RUNNERS,tf.compat.v1.Session,tf.compat.v1.disable_eager_execution,tf.compat.v1.enable_eager_execution,tf.compat.v1.get_collection,tf.compat.v1.global_variables_initializer,tf.compat.v1.local_variables_initializer,tf.compat.v1.name_scope,tf.compat.v1.placeholder,tf.compat.v1.tpu.batch_parallel,tf.compat.v1.train.Coordinator,tf.compat.v1.train.QueueRunner,tf.compat.v1.train.add_queue_runner,tf.compat.v1.train.range_input_producer,tf.compat.v1.train.start_queue_runners,tf.compat.v1.train.string_input_producer,tf.cond,tf.config.LogicalDeviceConfiguration,tf.config.experimental_connect_to_cluster,tf.config.list_logical_devices,tf.config.list_physical_devices,tf.config.set_logical_device_configuration,tf.constant,tf.distribute.TPUStrategy,tf.distribute.cluster_resolver.TPUClusterResolver,tf.equal,tf.errors.NotFoundError,tf.errors.OutOfRangeError,tf.executing_eagerly,tf.experimental.dtensor,tf.float32,tf.function,tf.int32,tf.keras.backend.name_scope,tf.keras.name_scope,tf.name_scope,tf.random.normal,tf.reduce_all,tf.tpu.experimental.initialize_tpu_system,tf.train.Coordinator"
160495,18,"tf.SparseTensor,tf.compat.v1.no_regularizer,tf.complex,tf.complex64,tf.concat,tf.constant,tf.empty,tf.function,tf.int64,tf.io.write_file,tf.keras.initializers.HeNormal,tf.keras.initializers.HeUniform,tf.keras.initializers.LecunNormal,tf.keras.initializers.lecun_uniform,tf.random.normal,tf.sparse.concat,tf.string,tf.zeros"
160520,56,"tf.TensorSpec,tf.compat.v1.AUTO_REUSE,tf.compat.v1.FIFOQueue,tf.compat.v1.Session,tf.compat.v1.disable_eager_execution,tf.compat.v1.enable_eager_execution,tf.compat.v1.get_variable,tf.compat.v1.global_variables_initializer,tf.compat.v1.local_variables_initializer,tf.compat.v1.name_scope,tf.compat.v1.tpu.batch_parallel,tf.compat.v1.train.Coordinator,tf.compat.v1.train.QueueRunner,tf.compat.v1.train.add_queue_runner,tf.compat.v1.train.range_input_producer,tf.compat.v1.train.start_queue_runners,tf.compat.v1.train.string_input_producer,tf.compat.v1.variable_scope,tf.config.experimental.set_memory_growth,tf.config.experimental_connect_to_cluster,tf.config.list_physical_devices,tf.constant,tf.debugging.set_log_device_placement,tf.device,tf.distribute.TPUStrategy,tf.distribute.cluster_resolver.TPUClusterResolver,tf.errors.NotFoundError,tf.errors.OutOfRangeError,tf.experimental,tf.experimental.dtensor.copy_to_mesh,tf.float32,tf.function,tf.int32,tf.keras,tf.keras.Model,tf.keras.backend.name_scope,tf.keras.layers.Dense,tf.keras.name_scope,tf.matmul,tf.name_scope,tf.nn.relu,tf.profiler,tf.profiler.experimental.Trace,tf.profiler.experimental.start,tf.profiler.experimental.stop,tf.random.normal,tf.random_normal_initializer,tf.reduce_sum,tf.reshape,tf.shape,tf.test.is_gpu_available,tf.tpu.experimental.initialize_tpu_system,tf.train.Coordinator,tf.train.start_queue_runners,tf.zeros,tf.zeros_initializer"
160547,32,"tf.TensorSpec,tf.abs,tf.compat.v1.distributions.Bernoulli,tf.compat.v1.distributions.Empirical,tf.compat.v1.distributions.FULLY_REPARAMETERIZED,tf.compat.v1.distributions.NOT_REPARAMETERIZED,tf.compat.v1.distributions.Normal,tf.compat.v1.distributions.ReparameterizationType,tf.compat.v1.enable_eager_execution,tf.compat.v1.tpu.rewrite,tf.compat.v1.train.QueueRunner,tf.constant,tf.data.Dataset.from_generator,tf.data.experimental.snapshot,tf.debugging,tf.debugging.enable_check_numerics,tf.errors.InvalidArgumentError,tf.float32,tf.function,tf.keras.Input,tf.keras.Model,tf.keras.layers.Add,tf.keras.layers.RNN,tf.keras.layers.SimpleRNNCell,tf.keras.layers.SpatialDropout1D,tf.keras.models.clone_model,tf.ones,tf.placeholder,tf.queue.FIFOQueue,tf.reduce_all,tf.xla.experimental.compile,tf.zeros"
160612,29,"tf.Graph,tf.Session,tf.Variable,tf.compat.v1,tf.compat.v1.Session,tf.compat.v1.disable_eager_execution,tf.compat.v1.enable_eager_execution,tf.compat.v1.get_session_handle,tf.compat.v1.lite.experimental.convert_op_hints_to_stubs,tf.compat.v1.placeholder,tf.compat.v1.saved_model.build_signature_def,tf.compat.v1.string_to_hash_bucket,tf.compat.v1.train.checkpoint_exists,tf.constant,tf.core.protobuf,tf.data,tf.data.Dataset.range,tf.data.experimental.scan,tf.errors.OutOfRangeError,tf.experimental.numpy,tf.experimental.numpy.compress,tf.float.as_datatype_enum,tf.float32,tf.int64,tf.reduce_all,tf.string,tf.tpu.experimental.DeviceAssignment,tf.tpu.experimental.Topology,tf.train.Checkpoint"
160630,17,"tf.cast,tf.compat.v1.nn.dropout,tf.constant,tf.experimental.numpy,tf.experimental.numpy.broadcast_arrays,tf.experimental.numpy.vdot,tf.float32,tf.keras.backend.dropout,tf.keras.ops.tril,tf.keras.ops.triu,tf.keras.ops.vdot,tf.keras.random.dropout,tf.linalg.tril,tf.nn.dropout,tf.qint8,tf.quantization.quantize,tf.quint8"
160646,0,
160730,43,"tf.add,tf.broadcast_to,tf.compat.v1,tf.compat.v1.FIFOQueue,tf.compat.v1.Session,tf.compat.v1.disable_eager_execution,tf.compat.v1.enable_eager_execution,tf.compat.v1.global_variables_initializer,tf.compat.v1.local_variables_initializer,tf.compat.v1.name_scope,tf.compat.v1.placeholder,tf.compat.v1.reset_default_graph,tf.compat.v1.tpu.batch_parallel,tf.compat.v1.train.Coordinator,tf.compat.v1.train.QueueRunner,tf.compat.v1.train.add_queue_runner,tf.compat.v1.train.range_input_producer,tf.compat.v1.train.start_queue_runners,tf.compat.v1.train.string_input_producer,tf.cond,tf.config.experimental_connect_to_cluster,tf.constant,tf.distribute.cluster_resolver.TPUClusterResolver,tf.errors.NotFoundError,tf.errors.OutOfRangeError,tf.experimental.dtensor,tf.float16,tf.float32,tf.function,tf.keras.backend.name_scope,tf.keras.name_scope,tf.math.sin,tf.math.tan,tf.name_scope,tf.print,tf.random.uniform,tf.reduce_mean,tf.sin,tf.strings.regex_replace,tf.subtract,tf.tan,tf.tpu.experimental.initialize_tpu_system,tf.train.Coordinator"
160737,28,"tf.GradientTape,tf.Variable,tf.compat.v1.Graph,tf.compat.v1.GraphKeys.LOCAL_VARIABLES,tf.compat.v1.Session,tf.compat.v1.Variable,tf.compat.v1.add_to_collection,tf.compat.v1.global_variables_initializer,tf.compat.v1.local_variable,tf.compat.v1.local_variables_initializer,tf.compat.v1.math.exp,tf.constant,tf.control_dependencies,tf.custom_gradient,tf.exp,tf.expand_dims,tf.experimental.numpy,tf.float32,tf.function,tf.gather,tf.keras.backend.exp,tf.keras.ops.custom_gradient,tf.keras.ops.exp,tf.math.exp,tf.math.is_nan,tf.math.log,tf.ones,tf.zeros_like"
160738,9,"tf.config.list_physical_devices,tf.constant,tf.device,tf.equal,tf.keras.activations.linear,tf.keras.backend.epsilon,tf.keras.backend.floatx,tf.math.reduce_variance,tf.sysconfig.get_build_info"
160743,20,"tf.Variable,tf.VariableAggregation.MEAN,tf.VariableSynchronization,tf.VariableSynchronization.ON_READ,tf.abs,tf.compat.v1.Session,tf.compat.v1.disable_eager_execution,tf.compat.v1.placeholder,tf.compat.v1.resource_variables_enabled,tf.compat.v1.tpu.PaddingSpec,tf.compat.v1.train.SessionRunValues,tf.distribute.MirroredStrategy,tf.float32,tf.nn.avg_pool2d,tf.python.tpu.tpu_embedding,tf.random.normal,tf.random.set_seed,tf.reduce_all,tf.sysconfig.get_build_info,tf.zeros"
160751,0,
160752,20,"tf.GradientTape,tf.Variable,tf.compat.v1.Session,tf.compat.v1.global_variables_initializer,tf.compat.v1.local_variables_initializer,tf.compat.v1.train.global_step,tf.constant,tf.executing_eagerly,tf.float64,tf.function,tf.int64,tf.keras,tf.keras.ops.custom_gradient,tf.keras.ops.vectorized_map,tf.math.is_finite,tf.one_hot,tf.random.uniform,tf.reduce_all,tf.square,tf.vectorized_map"
160761,24,"tf.Module,tf.TensorSpec,tf.cast,tf.compat.v1.enable_v2_behavior,tf.compat.v1.executing_eagerly_outside_functions,tf.compat.v1.experimental.output_all_intermediates,tf.constant,tf.errors.OutOfRangeError,tf.expand_dims,tf.experimental.async_clear_error,tf.experimental.async_scope,tf.float32,tf.function,tf.int32,tf.keras.Model,tf.keras.layers.Dense,tf.keras.layers.Embedding,tf.linalg.lu,tf.linalg.lu_solve,tf.newaxis,tf.ones,tf.random.uniform,tf.saved_model.load,tf.saved_model.save"
160840,26,"tf.argmin,tf.compat.v1.extract_image_patches,tf.compat.v1.image.extract_image_patches,tf.constant,tf.convert_to_tensor,tf.debugging.assert_equal,tf.errors.InvalidArgumentError,tf.experimental.dtensor.DTensor,tf.experimental.dtensor.Layout,tf.experimental.dtensor.Mesh,tf.experimental.dtensor.UNSHARDED,tf.experimental.dtensor.create_tpu_mesh,tf.float64,tf.function,tf.int64,tf.keras.quantizers.quantize_and_dequantize,tf.nn.avg_pool2d,tf.nn.avg_pool3d,tf.quantization.quantize_and_dequantize,tf.ragged.cross_hashed,tf.random.set_seed,tf.random.uniform,tf.reduce_sum,tf.set_random_seed,tf.sparse.cross_hashed,tf.squeeze"
160841,31,"tf.RaggedTensor.from_row_lengths,tf.Tensor,tf.add,tf.bfloat16,tf.cast,tf.compat.v1,tf.compat.v1.enable_eager_execution,tf.compat.v1.linalg.tensor_diag_part,tf.compat.v1.math.abs,tf.complex64,tf.constant,tf.core.function.transform.transform_test.Model,tf.debugging.assert_near,tf.equal,tf.experimental,tf.experimental.DynamicRaggedShape,tf.experimental.numpy,tf.experimental.numpy.abs,tf.float16,tf.float32,tf.float64,tf.function,tf.keras.Model,tf.keras.backend.abs,tf.linalg.tensor_diag_part,tf.math.is_inf,tf.math.is_nan,tf.python.ops.ragged,tf.python.ops.ragged.dynamic_ragged_shape,tf.reduce_all,tf.reduce_any"
160845,39,"tf.RaggedTensor.from_row_splits,tf.abs,tf.batch_to_space,tf.compat.v1.Session,tf.compat.v1.enable_eager_execution,tf.compat.v1.nn.ctc_beam_search_decoder,tf.complex,tf.complex64,tf.constant,tf.experimental.DynamicRaggedShape,tf.experimental.DynamicRaggedShape.from_tensor,tf.float32,tf.imag,tf.int64,tf.linalg.LinearOperatorAdjoint,tf.linalg.LinearOperatorBlockDiag,tf.linalg.LinearOperatorBlockLowerTriangular,tf.linalg.LinearOperatorDiag,tf.linalg.LinearOperatorFullMatrix,tf.linalg.LinearOperatorIdentity,tf.linalg.LinearOperatorLowRankUpdate,tf.linalg.adjoint,tf.linalg.block_diag,tf.math.abs,tf.math.conj,tf.math.imag,tf.math.real,tf.math.reduce_sum,tf.matmul,tf.nn.ctc_beam_search_decoder,tf.pad,tf.random.normal,tf.random.set_seed,tf.reduce_max,tf.reduce_sum,tf.set_random_seed,tf.space_to_batch,tf.zeros,tf.zeros_like"
160868,29,"tf.GradientTape,tf.Module,tf.Tensor,tf.compat.v1.disable_eager_execution,tf.compat.v1.enable_eager_execution,tf.compat.v1.nn.nce_loss,tf.config.list_physical_devices,tf.constant,tf.distribute.MirroredStrategy,tf.distribute.NcclAllReduce,tf.distribute.experimental,tf.distribute.experimental.partitioners.Partitioner,tf.equal,tf.float32,tf.function,tf.grad_pass_through,tf.int64,tf.keras.metrics.LogCoshError,tf.keras.metrics.Sum,tf.math.reciprocal,tf.random.fold_in,tf.random.normal,tf.raw_ops.NcclAllReduce,tf.raw_ops.Sum,tf.reduce_sum,tf.shape,tf.size,tf.strided_slice,tf.zeros"
160882,13,"tf.function,tf.keras.initializers.serialize,tf.keras.layers,tf.keras.layers.Layer,tf.keras.layers.serialize,tf.keras.losses.Hinge,tf.keras.losses.MeanSquaredError,tf.keras.losses.serialize,tf.keras.optimizers.Adam,tf.keras.optimizers.SGD,tf.keras.optimizers.serialize,tf.keras.quantizers.MinMax,tf.keras.quantizers.serialize"
160901,0,
161010,28,"tf.compiler.tests.xla_call_module_test,tf.config.experimental.tensor_float_32_execution_enabled,tf.constant,tf.distribute.MirroredStrategy,tf.equal,tf.float32,tf.function,tf.identity,tf.int32,tf.keras.initializers.GlorotUniform,tf.keras.initializers.serialize,tf.keras.layers.Dense,tf.keras.layers.deserialize,tf.keras.layers.serialize,tf.keras.losses.serialize,tf.keras.metrics.Mean,tf.keras.metrics.serialize,tf.linalg.matmul,tf.linalg.qr,tf.linalg.triangular_solve,tf.math.is_finite,tf.matmul,tf.ones,tf.random.uniform,tf.reduce_all,tf.shape,tf.types.experimental.distributed.Mirrored,tf.zeros"
161116,43,"tf.Variable,tf.compat.v1,tf.compat.v1.ConfigProto,tf.compat.v1.Session,tf.compat.v1.assign_add,tf.compat.v1.decode_csv,tf.compat.v1.device,tf.compat.v1.disable_eager_execution,tf.compat.v1.distribute.MirroredStrategy,tf.compat.v1.enable_eager_execution,tf.compat.v1.global_variables_initializer,tf.compat.v1.local_variables_initializer,tf.compat.v1.losses.hinge_loss,tf.compat.v1.nn.bidirectional_dynamic_rnn,tf.compat.v1.nn.rnn_cell.LSTMCell,tf.compat.v1.placeholder,tf.compat.v1.summary.scalar,tf.compat.v1.train.MonitoredTrainingSession,tf.compat.v1.train.SummarySaverHook,tf.compat.v1.train.get_or_create_global_step,tf.compat.v1.train.start_queue_runners,tf.compat.v1.train.string_input_producer,tf.config.experimental_connect_to_cluster,tf.constant,tf.device,tf.distribute.MirroredStrategy,tf.distribute.cluster_resolver.TPUClusterResolver,tf.distribute.cluster_resolver.TPUClusterResolver.return_value,tf.distribute.experimental.MultiWorkerMirroredStrategy,tf.executing_eagerly,tf.experimental.dtensor,tf.float32,tf.function,tf.image.random_hue,tf.int32,tf.io.decode_csv,tf.math.is_finite,tf.math.is_nan,tf.random.uniform,tf.reduce_all,tf.string,tf.tpu.experimental.initialize_tpu_system,tf.train.Coordinator"
161186,20,"tf.GradientTape,tf.Variable,tf.VariableAggregation,tf.VariableAggregation.MEAN,tf.compat.v1.VariableAggregation,tf.compat.v1.VariableAggregation.SUM,tf.compat.v1.no_regularizer,tf.config.experimental.set_memory_growth,tf.config.list_physical_devices,tf.custom_gradient,tf.device,tf.distribute.MirroredStrategy,tf.experimental.enable_strict_mode,tf.float32,tf.function,tf.random.normal,tf.recompute_grad,tf.reduce_sum,tf.zeros,tf.zeros_like"
161256,24,"tf.compat.dimension_value,tf.compat.v1.tpu.PaddingSpec,tf.config.experimental.set_memory_growth,tf.config.list_physical_devices,tf.constant,tf.device,tf.equal,tf.float64,tf.int64,tf.keras.activations.linear,tf.linalg.matmul,tf.lookup.StaticHashTable,tf.lookup.TextFileIndex,tf.lookup.TextFileIndex.LINE_NUMBER,tf.lookup.TextFileIndex.WHOLE_LINE,tf.lookup.TextFileInitializer,tf.math.is_finite,tf.matmul,tf.random.normal,tf.reduce_all,tf.string,tf.summary.experimental.set_step,tf.sysconfig.get_build_info,tf.test.is_built_with_cuda"
161265,30,"tf.compat.v1.tpu,tf.compat.v1.tpu.PaddingSpec,tf.compat.v1.tpu.PaddingSpec.AUTO,tf.compat.v1.tpu.PaddingSpec.POWER_OF_TWO,tf.config.list_physical_devices,tf.constant,tf.device,tf.errors.ResourceExhaustedError,tf.fill,tf.int64,tf.int8,tf.io.VarLenFeature,tf.io.decode_raw,tf.io.parse_single_example,tf.keras.backend,tf.keras.backend.backend,tf.keras.backend.epsilon,tf.keras.backend.ones,tf.numpy_function,tf.ones,tf.range,tf.raw_ops.HashTable,tf.raw_ops.InitializeTable,tf.raw_ops.LookupTableFind,tf.reduce_all,tf.string,tf.train.BytesList,tf.train.Example,tf.train.Feature,tf.train.Features"
161318,43,"tf.TensorShape,tf.bool,tf.cast,tf.compat.v1,tf.compat.v1.GraphKeys.QUEUE_RUNNERS,tf.compat.v1.IdentityReader,tf.compat.v1.Session,tf.compat.v1.disable_eager_execution,tf.compat.v1.enable_eager_execution,tf.compat.v1.get_collection,tf.compat.v1.global_variables_initializer,tf.compat.v1.local_variables_initializer,tf.compat.v1.name_scope,tf.compat.v1.placeholder,tf.compat.v1.tpu.batch_parallel,tf.compat.v1.train.Coordinator,tf.compat.v1.train.QueueRunner,tf.compat.v1.train.add_queue_runner,tf.compat.v1.train.range_input_producer,tf.compat.v1.train.start_queue_runners,tf.compat.v1.train.string_input_producer,tf.constant,tf.errors.OutOfRangeError,tf.expand_dims,tf.experimental,tf.experimental.dtensor.copy_to_mesh,tf.float32,tf.function,tf.int32,tf.keras.backend.name_scope,tf.keras.name_scope,tf.name_scope,tf.print,tf.queue.FIFOQueue,tf.random.normal,tf.range,tf.reduce_sum,tf.reshape,tf.shape,tf.slice,tf.strings.to_number,tf.train.Coordinator,tf.zeros"
161391,21,"tf.GradientTape,tf.Tensor,tf.Variable,tf.concat,tf.config,tf.config.list_physical_devices,tf.device,tf.experimental.numpy,tf.experimental.numpy.broadcast_arrays,tf.experimental.numpy.gcd,tf.experimental.numpy.geomspace,tf.experimental.numpy.tril,tf.experimental.numpy.vdot,tf.float32,tf.keras.ops.full_like,tf.keras.ops.tril,tf.keras.ops.triu,tf.keras.ops.vdot,tf.random.normal,tf.reduce_max,tf.reduce_sum"
161393,18,"tf.DeviceSpec,tf.TensorSpec,tf.config.experimental_connect_to_cluster,tf.constant,tf.distribute.TPUStrategy,tf.distribute.cluster_resolver.TPUClusterResolver,tf.distribute.get_strategy,tf.errors.NotFoundError,tf.experimental,tf.experimental.dtensor,tf.experimental.dtensor.local_devices,tf.float32,tf.function,tf.keras.backend.bias_add,tf.nn.bias_add,tf.random.normal,tf.tpu.experimental.initialize_tpu_system,tf.where"
161415,28,"tf.SparseTensor,tf.add,tf.compat.v1.math.add,tf.constant,tf.equal,tf.experimental.numpy,tf.experimental.numpy.add,tf.experimental.numpy.strides,tf.float32,tf.int64,tf.keras,tf.keras.activations.relu,tf.keras.layers.add,tf.keras.ops,tf.keras.ops.add,tf.keras.ops.relu,tf.maximum,tf.nn.relu,tf.ones,tf.ones_like,tf.random.normal,tf.random.uniform,tf.range,tf.reduce_all,tf.sort,tf.sparse.add,tf.transpose,tf.zeros"
161457,40,"tf.abs,tf.bfloat16,tf.compat.v1,tf.compat.v1.Session,tf.compat.v1.disable_eager_execution,tf.compat.v1.enable_eager_execution,tf.compat.v1.get_variable,tf.compat.v1.global_variables_initializer,tf.compat.v1.local_variables_initializer,tf.compat.v1.name_scope,tf.compat.v1.queue.FIFOQueue,tf.compat.v1.tpu.batch_parallel,tf.compat.v1.train.Coordinator,tf.compat.v1.train.QueueRunner,tf.compat.v1.train.add_queue_runner,tf.compat.v1.train.range_input_producer,tf.compat.v1.train.start_queue_runners,tf.compat.v1.train.string_input_producer,tf.config.list_physical_devices,tf.constant,tf.errors.OutOfRangeError,tf.experimental.dtensor,tf.experimental.dtensor.copy_to_mesh,tf.function,tf.int32,tf.int64,tf.keras.backend.name_scope,tf.keras.mixed_precision.Policy,tf.keras.mixed_precision.set_global_policy,tf.keras.name_scope,tf.math.abs,tf.matmul,tf.name_scope,tf.nn.embedding_lookup,tf.random.uniform,tf.reduce_all,tf.reduce_max,tf.reduce_mean,tf.reshape,tf.xla.experimental.compile"
161518,37,"tf.Variable,tf.bfloat16,tf.compat.v1.enable_eager_execution,tf.concat,tf.config.experimental.set_memory_growth,tf.config.list_physical_devices,tf.constant,tf.device,tf.dtypes,tf.dtypes.as_dtype,tf.dtypes.dtype,tf.dtypes.float8_e4m3fn,tf.equal,tf.executing_eagerly,tf.experimental.numpy,tf.experimental.numpy.arange,tf.experimental.numpy.exp,tf.float16,tf.float32,tf.float8_e4m3fn,tf.function,tf.int32,tf.keras.backend.arange,tf.keras.backend.batch_flatten,tf.keras.backend.exp,tf.keras.backend.moving_average_update,tf.keras.ops.arange,tf.keras.ops.exp,tf.linalg.LinearOperatorIdentity,tf.linalg.diag_part,tf.math.exp,tf.reduce_all,tf.reshape,tf.test.gpu_device_name,tf.test.is_built_with_cuda,tf.test.is_gpu_available,tf.zeros"
161542,16,"tf.Variable,tf.VariableAggregation,tf.VariableAggregation.MEAN,tf.compat.v1.VariableAggregation,tf.compat.v1.VariableAggregation.MEAN,tf.compat.v1.VariableAggregation.NONE,tf.compat.v1.VariableAggregation.SUM,tf.compat.v1.flags.DEFINE_string,tf.compat.v1.flags.FLAGS,tf.compat.v1.flags.FLAGS.test_flag,tf.compat.v1.flags.set_default,tf.compat.v1.tpu.core,tf.experimental.enable_strict_mode,tf.function,tf.ones,tf.reduce_all"
161563,22,"tf.Module,tf.TensorSpec,tf.abs,tf.compat.v1.nn.depthwise_conv2d,tf.compat.v1.nn.pool,tf.complex64,tf.constant,tf.data.Dataset.from_generator,tf.data.experimental.bucket_by_sequence_length,tf.float32,tf.function,tf.keras.layers.Dense,tf.linalg,tf.linalg.LinearOperatorAdjoint,tf.linalg.adjoint,tf.linalg.matmul,tf.linalg.tensor_diag_part,tf.nn.with_space_to_batch,tf.random.normal,tf.reduce_all,tf.saved_model.save,tf.shape"
161610,28,"tf.Module,tf.SparseTensor,tf.Tensor,tf.TensorSpec,tf.Variable,tf.compat.v1.enable_eager_execution,tf.constant,tf.data.Dataset.from_tensors,tf.data.TFRecordDataset,tf.data.experimental.TFRecordWriter,tf.data.experimental.pad_to_cardinality,tf.feature_column.make_parse_example_spec,tf.float32,tf.function,tf.io.FixedLenFeature,tf.io.TFRecordWriter,tf.io.parse_single_example,tf.io.parse_tensor,tf.io.serialize_tensor,tf.keras.backend.batch_set_value,tf.nn.safe_embedding_lookup_sparse,tf.saved_model.load,tf.saved_model.save,tf.string,tf.train.BytesList,tf.train.Example,tf.train.Feature,tf.train.Features"
161611,22,"tf.bool,tf.cast,tf.compat.v1.Session,tf.compat.v1.resource_loader.readahead_file_path,tf.compat.v1.tables_initializer,tf.constant,tf.equal,tf.float32,tf.int64,tf.io.VarLenFeature,tf.keras.initializers,tf.keras.initializers.HeNormal,tf.keras.initializers.LecunNormal,tf.keras.initializers.LecunUniform,tf.keras.layers.Wrapper,tf.ones,tf.raw_ops.HashTable,tf.raw_ops.Lookup,tf.reduce_all,tf.where,tf.zeros,tf.zeros_like"
161618,22,"tf.GradientTape,tf.Variable,tf.add,tf.compat.v1,tf.compat.v1.Session,tf.compat.v1.disable_eager_execution,tf.compat.v1.global_variables_initializer,tf.compat.v1.logging.error,tf.compat.v1.placeholder,tf.constant,tf.distribute.DistributedValues,tf.distribute.MirroredStrategy,tf.float32,tf.function,tf.initializers.TruncatedNormal,tf.keras.optimizers.Adam,tf.matmul,tf.random.normal,tf.reduce_sum,tf.tpu.experimental.embedding.Adam,tf.tpu.experimental.embedding.FeatureConfig,tf.tpu.experimental.embedding.TableConfig"
161729,20,"tf.Tensor,tf.argsort,tf.compat.v1.Session,tf.config.list_physical_devices,tf.constant,tf.device,tf.einsum,tf.executing_eagerly,tf.experimental.numpy,tf.experimental.numpy.asanyarray,tf.experimental.numpy.asarray,tf.experimental.numpy.ascontiguousarray,tf.experimental.numpy.einsum,tf.experimental.numpy.enable_numpy_behavior,tf.experimental.numpy.isrealobj,tf.experimental.numpy.ix_,tf.float32,tf.keras.ops.hstack,tf.linalg.matmul,tf.random.normal"
161763,16,"tf.Session,tf.cast,tf.compat.v1,tf.compat.v1.train.SessionCreator,tf.constant,tf.disable_v2_behavior,tf.float32,tf.int32,tf.io.VarLenFeature,tf.keras.initializers.HeUniform,tf.keras.initializers.LecunUniform,tf.keras.layers.Wrapper,tf.negative,tf.placeholder,tf.train.SessionCreator,tf.uint8"
161812,25,"tf.RaggedTensor,tf.RaggedTensor.from_row_splits,tf.RaggedTensor.from_tensor,tf.compat.v1.nn.sparse_softmax_cross_entropy_with_logits,tf.compiler.tf2xla.python.xla,tf.concat,tf.constant,tf.enable_eager_execution,tf.equal,tf.executing_eagerly,tf.float32,tf.gather,tf.int64,tf.keras,tf.keras.activations.relu,tf.keras.backend.gather,tf.keras.backend.relu,tf.keras.ops,tf.keras.ops.scatter,tf.ones,tf.ragged.constant,tf.ragged.map_flat_values,tf.reduce_all,tf.xla.experimental,tf.zeros"
161818,25,"tf.GradientTape,tf.RaggedTensor,tf.RaggedTensor.from_row_splits,tf.RaggedTensor.from_tensor,tf.Variable,tf.compat.v1.enable_eager_execution,tf.compat.v1.math.log1p,tf.constant,tf.debugging.enable_check_numerics,tf.distribute.MirroredStrategy,tf.experimental.numpy.log1p,tf.float32,tf.int64,tf.io.decode_proto,tf.keras.layers.Dense,tf.keras.ops.log1p,tf.math.is_finite,tf.math.is_inf,tf.math.is_nan,tf.math.log1p,tf.random.uniform,tf.reduce_all,tf.reduce_any,tf.reduce_sum,tf.types.experimental.distributed.Mirrored"
161822,30,"tf.Variable,tf.bfloat16,tf.compat.forward_compatibility_horizon,tf.compat.v1.GraphKeys.LOCAL_VARIABLES,tf.compat.v1.disable_eager_execution,tf.compat.v1.enable_eager_execution,tf.compat.v1.executing_eagerly,tf.compat.v1.global_variables_initializer,tf.compat.v1.local_variables_initializer,tf.config.list_physical_devices,tf.constant,tf.control_dependencies,tf.device,tf.distribute.MirroredStrategy,tf.distribute.get_strategy,tf.executing_eagerly,tf.feature_column.categorical_column_with_identity,tf.feature_column.crossed_column,tf.feature_column.indicator_column,tf.float16,tf.function,tf.keras.backend.get_uid,tf.keras.layers.DenseFeatures,tf.linalg.matmul,tf.matmul,tf.random.normal,tf.test.TestCase,tf.test.is_gpu_available,tf.test.main,tf.zeros"
161871,10,"tf.errors.OperatorNotAllowedInGraphError,tf.keras.activations.linear,tf.keras.activations.relu,tf.keras.activations.serialize,tf.keras.activations.sigmoid,tf.keras.activations.softmax,tf.keras.activations.tanh,tf.test.is_built_with_cuda,tf.test.is_built_with_rocm,tf.test.is_built_with_xla"
161875,22,"tf.SparseTensor,tf.Tensor,tf.compat.v1.serialize_sparse,tf.compat.v1.tpu.shard,tf.config.list_physical_devices,tf.constant,tf.device,tf.errors.InvalidArgumentError,tf.errors.ResourceExhaustedError,tf.experimental.dtensor,tf.experimental.dtensor.create_distributed_mesh,tf.experimental.dtensor.create_tpu_mesh,tf.experimental.dtensor.is_dtensor,tf.experimental.dtensor.relayout_like,tf.float32,tf.io.serialize_sparse,tf.shape,tf.signal.hamming_window,tf.signal.hann_window,tf.string,tf.test.create_local_cluster,tf.zeros"
161877,23,"tf.TensorSpec,tf.constant,tf.errors.InvalidArgumentError,tf.errors.ResourceExhaustedError,tf.experimental,tf.experimental.numpy,tf.experimental.numpy.arctan2,tf.experimental.numpy.array,tf.experimental.numpy.array_equal,tf.experimental.numpy.gcd,tf.experimental.numpy.geomspace,tf.experimental.numpy.nextafter,tf.float32,tf.float64,tf.keras.ops.arctan2,tf.keras.random.categorical,tf.math.log,tf.python.distribute.input_lib,tf.quantization.dequantize,tf.quint8,tf.random.categorical,tf.random.normal,tf.zeros"
161888,16,"tf.bool,tf.cast,tf.compat.v1.distributions.Laplace,tf.compat.v1.losses.sparse_softmax_cross_entropy,tf.compat.v1.nn.ctc_beam_search_decoder,tf.constant,tf.int16,tf.int32,tf.keras.metrics.Recall,tf.keras.metrics.SensitivityAtSpecificity,tf.keras.metrics.SpecificityAtSensitivity,tf.linalg.experimental.conjugate_gradient,tf.math.approx_max_k,tf.nn.ctc_beam_search_decoder,tf.random.uniform,tf.strided_slice"
161904,18,"tf.GradientTape,tf.compat.v1.io.TFRecordCompressionType,tf.compat.v1.train.SessionRunArgs,tf.config.list_physical_devices,tf.distribute.MirroredStrategy,tf.distribute.NcclAllReduce,tf.float32,tf.function,tf.int32,tf.io.decode_proto,tf.keras.Model,tf.keras.backend.set_floatx,tf.keras.layers.Dense,tf.keras.layers.Embedding,tf.keras.losses.MeanSquaredError,tf.keras.optimizers.Adam,tf.math.is_nan,tf.random.uniform"
161905,7,"tf.compat.v1.global_variables_initializer,tf.compat.v1.summary.all_v2_summary_ops,tf.compat.v1.train.global_step,tf.distribute.experimental_set_strategy,tf.distribute.get_replica_context,tf.distribute.in_cross_replica_context,tf.lookup.StaticVocabularyTable"
161906,30,"tf.Module,tf.Tensor,tf.Variable,tf.abs,tf.cast,tf.compat.v1.math.add,tf.complex,tf.complex64,tf.config.run_functions_eagerly,tf.device,tf.equal,tf.experimental.numpy,tf.experimental.numpy.add,tf.float32,tf.function,tf.keras.Model,tf.keras.backend.relu,tf.keras.layers.Add,tf.keras.layers.add,tf.keras.ops.add,tf.keras.ops.relu,tf.math.add,tf.math.imag,tf.math.real,tf.random.normal,tf.random.set_seed,tf.reduce_all,tf.set_random_seed,tf.signal.hann_window,tf.signal.stft"
161944,21,"tf.abs,tf.cast,tf.config.list_physical_devices,tf.device,tf.exp,tf.float64,tf.function,tf.keras.activations.exponential,tf.keras.activations.serialize,tf.keras.constraints.MaxNorm,tf.keras.constraints.serialize,tf.keras.initializers.RandomNormal,tf.keras.initializers.deserialize,tf.keras.initializers.serialize,tf.math.exp,tf.math.is_finite,tf.random.normal,tf.random.set_seed,tf.reduce_max,tf.test.is_built_with_cuda,tf.test.is_built_with_xla"
161948,31,"tf.Variable,tf.compat.v1.ConfigProto,tf.compat.v1.Session,tf.compat.v1.disable_eager_execution,tf.compat.v1.global_variables_initializer,tf.compat.v1.gradients,tf.compat.v1.logging.ERROR,tf.compat.v1.logging.INFO,tf.compat.v1.logging.WARN,tf.compat.v1.logging.get_verbosity,tf.compat.v1.logging.info,tf.compat.v1.logging.set_verbosity,tf.compat.v1.nn.sparse_softmax_cross_entropy_with_logits,tf.config.threading,tf.config.threading.set_inter_op_parallelism_threads,tf.config.threading.set_intra_op_parallelism_threads,tf.float32,tf.gather,tf.gradients,tf.int32,tf.keras.backend.gather,tf.keras.ops.svd,tf.linalg.svd,tf.matmul,tf.nn.sparse_softmax_cross_entropy_with_logits,tf.random.normal,tf.random.uniform,tf.range,tf.reduce_sum,tf.tensor_scatter_nd_update,tf.zeros"
161969,22,"tf.GradientTape,tf.constant,tf.equal,tf.float32,tf.function,tf.keras.backend.moving_average_update,tf.linalg.diag,tf.linalg.lu,tf.linalg.lu_matrix_inverse,tf.linalg.lu_solve,tf.linalg.matvec,tf.math.is_nan,tf.newaxis,tf.print,tf.reduce_all,tf.reduce_any,tf.reduce_sum,tf.strided_slice,tf.test.is_built_with_cuda,tf.test.is_built_with_rocm,tf.vectorized_map,tf.zeros"
162049,7,"tf.bfloat16,tf.compat.v1.to_bfloat16,tf.constant,tf.equal,tf.feature_column.crossed_column,tf.int32,tf.reduce_all"
162061,10,"tf.float32,tf.keras.backend.zeros,tf.keras.ops.categorical_crossentropy,tf.ones,tf.raw_ops.ExtractImagePatches,tf.raw_ops.ExtractVolumePatches,tf.test.TestCase,tf.test.main,tf.transpose,tf.zeros"
162110,6,"tf.compat.v1.executing_eagerly,tf.compat.v1.train.global_step,tf.executing_eagerly,tf.function,tf.keras.backend.batch_get_value,tf.linalg.lu_matrix_inverse"
162129,9,"tf.compat.v1.nn.separable_conv2d,tf.constant,tf.equal,tf.experimental.dtensor.client_id,tf.float32,tf.keras,tf.keras.backend.depthwise_conv2d,tf.keras.backend.separable_conv2d,tf.reduce_all"
162146,1,tf.compat.v1.flags
162147,51,"tf.GradientTape,tf.Variable,tf.compat.v1.nn.dropout,tf.complex,tf.concat,tf.constant,tf.constant_initializer,tf.einsum,tf.equal,tf.errors.InvalidArgumentError,tf.expand_dims,tf.experimental.numpy,tf.experimental.numpy.tril,tf.experimental.numpy.vdot,tf.float32,tf.function,tf.gather,tf.keras.Model,tf.keras.activations.gelu,tf.keras.backend.dropout,tf.keras.layers.Dense,tf.keras.layers.Layer,tf.keras.losses.MeanSquaredError,tf.keras.ops.tril,tf.keras.ops.triu,tf.keras.optimizers.Adam,tf.keras.optimizers.RMSprop,tf.keras.random.dropout,tf.linalg.band_part,tf.linalg.l2_normalize,tf.math.is_nan,tf.math.top_k,tf.matmul,tf.nn.dropout,tf.nn.gelu,tf.nn.l2_normalize,tf.nn.softmax,tf.nn.top_k,tf.norm,tf.ones,tf.ones_like,tf.random.normal,tf.random_normal_initializer,tf.reduce_all,tf.reduce_any,tf.reduce_mean,tf.reduce_sum,tf.shape,tf.split,tf.square,tf.where"
162228,57,"tf.DeviceSpec,tf.GradientTape,tf.Variable,tf.broadcast_to,tf.cast,tf.compat.v1,tf.compat.v1.FixedLengthRecordReader,tf.compat.v1.Session,tf.compat.v1.disable_eager_execution,tf.compat.v1.enable_eager_execution,tf.compat.v1.global_variables_initializer,tf.compat.v1.local_variables_initializer,tf.compat.v1.name_scope,tf.compat.v1.queue.FIFOQueue,tf.compat.v1.tpu.batch_parallel,tf.compat.v1.train.Coordinator,tf.compat.v1.train.GradientDescentOptimizer,tf.compat.v1.train.QueueRunner,tf.compat.v1.train.add_queue_runner,tf.compat.v1.train.range_input_producer,tf.compat.v1.train.start_queue_runners,tf.compat.v1.train.string_input_producer,tf.config.experimental_connect_to_cluster,tf.config.list_physical_devices,tf.constant,tf.device,tf.distribute.cluster_resolver.TPUClusterResolver,tf.einsum,tf.expand_dims,tf.experimental,tf.experimental.dtensor.copy_to_mesh,tf.float32,tf.function,tf.gather,tf.gather_nd,tf.gradients,tf.int32,tf.keras.backend.name_scope,tf.keras.name_scope,tf.linalg.norm,tf.matmul,tf.name_scope,tf.newaxis,tf.nn.softmax,tf.norm,tf.random.normal,tf.range,tf.reduce_mean,tf.repeat,tf.reshape,tf.shape,tf.stack,tf.strings.to_number,tf.tile,tf.tpu.experimental.initialize_tpu_system,tf.train.Coordinator,tf.transpose"
162242,27,"tf.GradientTape,tf.Variable,tf.compat.v1,tf.compat.v1.Session,tf.compat.v1.assert_rank,tf.compat.v1.disable_eager_execution,tf.config.list_physical_devices,tf.constant,tf.debugging.assert_rank,tf.device,tf.errors.InvalidArgumentError,tf.experimental.numpy.argsort,tf.experimental.numpy.atleast_3d,tf.experimental.numpy.swapaxes,tf.float32,tf.int64,tf.keras.ops,tf.keras.ops.argsort,tf.keras.ops.normalize,tf.keras.ops.swapaxes,tf.keras.utils.normalize,tf.linalg.normalize,tf.ones_like,tf.range,tf.reduce_sum,tf.reshape,tf.test.is_gpu_available"
162248,5,"tf.compat.v1.Summary.Value,tf.compat.v1.enable_eager_execution,tf.errors.OperatorNotAllowedInGraphError,tf.executing_eagerly,tf.experimental.enable_strict_mode"
162251,16,"tf.compat.v1.nn.ctc_beam_search_decoder,tf.compat.v1.train.SessionRunValues,tf.complex64,tf.constant,tf.control_dependencies,tf.errors.InvalidArgumentError,tf.errors.ResourceExhaustedError,tf.eye,tf.float32,tf.int32,tf.int64,tf.keras.tree.map_structure_up_to,tf.linalg.lu_solve,tf.nn.ctc_beam_search_decoder,tf.random.uniform,tf.zeros"
162271,13,"tf.TensorSpec,tf.broadcast_dynamic_shape,tf.compat.v1.train.SessionRunValues,tf.config.list_physical_devices,tf.constant,tf.distribute.MirroredStrategy,tf.distribute.NcclAllReduce,tf.distribute.ReduceOp.SUM,tf.float32,tf.function,tf.keras.config.enable_traceback_filtering,tf.raw_ops.NcclAllReduce,tf.test.is_built_with_xla"
162279,27,"tf.Module,tf.bool,tf.compat.v1,tf.compat.v1.FIFOQueue,tf.compat.v1.Session,tf.compat.v1.disable_eager_execution,tf.compat.v1.global_variables_initializer,tf.compat.v1.tpu.rewrite,tf.compat.v1.train.Coordinator,tf.compat.v1.train.QueueRunner,tf.constant,tf.data.Dataset.from_tensors,tf.debugging.enable_check_numerics,tf.float32,tf.function,tf.keras.Input,tf.keras.Model,tf.keras.layers.Lambda,tf.keras.layers.RNN,tf.keras.layers.SimpleRNNCell,tf.keras.layers.SpatialDropout1D,tf.keras.models.clone_model,tf.random.normal,tf.reduce_any,tf.saved_model.load,tf.saved_model.save,tf.xla.experimental.compile"
162313,25,"tf.compat.v1.losses,tf.compat.v1.losses.Reduction,tf.config.experimental.enable_tensor_float_32_execution,tf.config.experimental.tensor_float_32_execution_enabled,tf.constant,tf.control_dependencies,tf.debugging.disable_traceback_filtering,tf.debugging.enable_traceback_filtering,tf.debugging.is_traceback_filtering_enabled,tf.distribute.MirroredStrategy,tf.float32,tf.function,tf.keras.config.is_traceback_filtering_enabled,tf.keras.losses.MeanSquaredError,tf.keras.losses.Reduction,tf.losses.Reduction,tf.losses.Reduction.SUM,tf.losses.Reduction.SUM_OVER_BATCH_SIZE,tf.ones,tf.py_function,tf.python.framework,tf.reduce_all,tf.stop_gradient,tf.types.experimental.distributed.Mirrored,tf.zeros"
162327,14,"tf.constant,tf.data.Dataset.from_tensors,tf.data.experimental.save,tf.errors.InvalidArgumentError,tf.experimental.numpy,tf.experimental.numpy.diagonal,tf.float32,tf.int32,tf.int8,tf.keras.layers.Add,tf.keras.ops.diagonal,tf.raw_ops.Add,tf.raw_ops.ExtractImagePatches,tf.zeros"
162359,9,"tf.Variable,tf.compat.v1.enable_eager_execution,tf.constant,tf.distribute.get_strategy,tf.executing_eagerly,tf.int32,tf.lookup.KeyValueTensorInitializer,tf.reduce_all,tf.required_space_to_batch_paddings"
162410,41,"tf.Variable,tf.Variable.assign,tf.assign,tf.compat.v1,tf.compat.v1.Session,tf.compat.v1.disable_eager_execution,tf.compat.v1.disable_v2_behavior,tf.compat.v1.enable_eager_execution,tf.compat.v1.global_variables_initializer,tf.compat.v1.local_variables_initializer,tf.compat.v1.name_scope,tf.compat.v1.tpu.batch_parallel,tf.compat.v1.train.QueueRunner,tf.compat.v1.train.add_queue_runner,tf.compat.v1.train.range_input_producer,tf.compat.v1.train.string_input_producer,tf.config.experimental_connect_to_cluster,tf.config.list_physical_devices,tf.constant,tf.control_dependencies,tf.debugging.assert_near,tf.device,tf.disable_v2_behavior,tf.distribute.TPUStrategy,tf.distribute.cluster_resolver.TPUClusterResolver,tf.errors.OutOfRangeError,tf.experimental.dtensor,tf.float32,tf.function,tf.identity,tf.keras.backend.name_scope,tf.keras.name_scope,tf.name_scope,tf.queue.FIFOQueue,tf.random.normal,tf.reduce_sum,tf.reverse,tf.tpu.experimental.initialize_tpu_system,tf.train.Coordinator,tf.train.start_queue_runners,tf.zeros_like"
162486,31,"tf.GradientTape,tf.SparseTensor,tf.Tensor,tf.TensorShape,tf.Variable,tf.compat.v1.Session,tf.compat.v1.local_variables_initializer,tf.compat.v1.tpu.cross_replica_sum,tf.compat.v1.train.limit_epochs,tf.config.list_physical_devices,tf.constant,tf.data.Dataset.from_tensor_slices,tf.data.experimental.pad_to_cardinality,tf.device,tf.distribute.experimental.partitioners.FixedShardsPartitioner,tf.equal,tf.errors.OutOfRangeError,tf.experimental,tf.experimental.numpy,tf.experimental.numpy.diagonal,tf.float32,tf.keras.ops,tf.keras.ops.diagonal,tf.keras.ops.slice,tf.keras.optimizers,tf.random.normal,tf.reduce_all,tf.reduce_sum,tf.slice,tf.sparse.slice,tf.test.is_gpu_available"
162504,21,"tf.GradientTape,tf.compat.v1.Session,tf.compat.v1.disable_eager_execution,tf.compat.v1.global_variables_initializer,tf.compat.v1.placeholder,tf.compat.v1.reset_default_graph,tf.debugging.enable_traceback_filtering,tf.distribute.experimental_set_strategy,tf.float32,tf.float64,tf.function,tf.gradients,tf.keras.backend.floatx,tf.keras.backend.get_uid,tf.keras.backend.set_floatx,tf.keras.config.enable_traceback_filtering,tf.ones,tf.random.normal,tf.random.set_seed,tf.sigmoid,tf.test.is_built_with_xla"
162570,13,"tf.compiler.tests.xla_call_module_test.serialize,tf.constant,tf.equal,tf.keras,tf.keras.initializers.Constant,tf.keras.initializers.deserialize,tf.keras.initializers.serialize,tf.keras.layers.Layer,tf.keras.losses.Loss,tf.keras.losses.deserialize,tf.keras.losses.serialize,tf.math.atan2,tf.reduce_all"
162683,25,"tf.TensorShape,tf.Variable,tf.compat.v1.Graph,tf.compat.v1.disable_eager_execution,tf.compat.v1.executing_eagerly,tf.compat.v1.local_variables_initializer,tf.compat.v1.summary.all_v2_summary_ops,tf.compat.v1.summary.scalar,tf.compat.v1.train.global_step,tf.constant,tf.control_dependencies,tf.executing_eagerly,tf.feature_column.categorical_column_with_identity,tf.feature_column.crossed_column,tf.float16,tf.function,tf.int64,tf.keras.layers.DenseFeatures,tf.linalg.banded_triangular_solve,tf.linalg.lu,tf.linalg.lu_matrix_inverse,tf.matmul,tf.random.set_seed,tf.random.uniform,tf.set_random_seed"
162692,15,"tf.cast,tf.data.Dataset.from_tensor_slices,tf.distribute,tf.distribute.MirroredStrategy,tf.distribute.ReduceOp.SUM,tf.experimental.dtensor,tf.experimental.dtensor.get_default_mesh,tf.float32,tf.keras.initializers.LecunUniform,tf.math.reduce_mean,tf.range,tf.reduce_mean,tf.reduce_sum,tf.reshape,tf.size"
162722,71,"tf.Module,tf.abs,tf.bool,tf.cast,tf.compat.v1,tf.compat.v1.FIFOQueue,tf.compat.v1.Session,tf.compat.v1.disable_eager_execution,tf.compat.v1.enable_eager_execution,tf.compat.v1.get_variable,tf.compat.v1.global_variables_initializer,tf.compat.v1.layers.dense,tf.compat.v1.layers.layer_normalization,tf.compat.v1.local_variables_initializer,tf.compat.v1.name_scope,tf.compat.v1.placeholder,tf.compat.v1.tpu.batch_parallel,tf.compat.v1.train.Coordinator,tf.compat.v1.train.QueueRunner,tf.compat.v1.train.add_queue_runner,tf.compat.v1.train.range_input_producer,tf.compat.v1.train.start_queue_runners,tf.compat.v1.train.string_input_producer,tf.compat.v1.variable_scope,tf.config.experimental_connect_to_cluster,tf.constant,tf.distribute.cluster_resolver.TPUClusterResolver,tf.einsum,tf.equal,tf.errors.OutOfRangeError,tf.expand_dims,tf.experimental.dtensor,tf.experimental.dtensor.copy_to_mesh,tf.fill,tf.float32,tf.function,tf.int32,tf.keras.Model,tf.keras.Sequential,tf.keras.backend.name_scope,tf.keras.layers.Dense,tf.keras.layers.Dropout,tf.keras.layers.Embedding,tf.keras.layers.Layer,tf.keras.layers.LayerNormalization,tf.keras.layers.MultiHeadAttention,tf.keras.name_scope,tf.linalg.band_part,tf.math.is_inf,tf.math.is_nan,tf.math.sqrt,tf.name_scope,tf.newaxis,tf.nn.dropout,tf.nn.embedding_lookup,tf.nn.relu,tf.nn.softmax,tf.ones,tf.random.normal,tf.random.set_seed,tf.random.uniform,tf.range,tf.reduce_any,tf.reduce_max,tf.reshape,tf.shape,tf.sqrt,tf.tile,tf.tpu.experimental.initialize_tpu_system,tf.train.Coordinator,tf.where"
162725,25,"tf.TensorSpec,tf.compat.v1.nn.raw_rnn,tf.compat.v1.nn.rnn_cell.BasicLSTMCell,tf.compat.v1.nn.weighted_moments,tf.constant,tf.debugging.assert_all_close,tf.debugging.assert_near,tf.errors.InvalidArgumentError,tf.experimental.numpy.logaddexp,tf.float32,tf.function,tf.int32,tf.keras.ops.logaddexp,tf.math.multiply_no_nan,tf.math.segment_mean,tf.nn.weighted_moments,tf.quantization.quantize_and_dequantize_v2,tf.random.normal,tf.random.uniform,tf.raw_ops.If,tf.shape,tf.sort,tf.sparse.segment_mean,tf.where,tf.zeros"
162730,16,"tf.float16,tf.float32,tf.identity,tf.keras.backend.floatx,tf.keras.backend.get_value,tf.keras.backend.set_floatx,tf.keras.layers.Dense,tf.keras.losses.CategoricalHinge,tf.keras.losses.MeanAbsolutePercentageError,tf.keras.losses.MeanSquaredLogarithmicError,tf.keras.metrics.MeanSquaredLogarithmicError,tf.random.uniform,tf.raw_ops.NcclAllReduce,tf.reshape,tf.tpu.experimental.initialize_tpu_system,tf.transpose"
162756,2,"tf.config.experimental.tensor_float_32_execution_enabled,tf.experimental.enable_strict_mode"
162798,16,"tf.TensorShape,tf.compat.v1.flags.set_default,tf.compat.v1.math.add,tf.config.list_physical_devices,tf.constant,tf.device,tf.equal,tf.float32,tf.keras.activations.relu,tf.keras.backend.relu,tf.keras.ops.relu,tf.math.is_nan,tf.nn.relu,tf.reduce_all,tf.size,tf.test.is_gpu_available"
162858,36,"tf.Variable,tf.add,tf.compat.v1.RunMetadata,tf.compat.v1.RunOptions,tf.compat.v1.RunOptions.FULL_TRACE,tf.compat.v1.Session,tf.compat.v1.assert_integer,tf.compat.v1.disable_eager_execution,tf.compat.v1.enable_eager_execution,tf.compat.v1.get_default_graph,tf.compat.v1.placeholder,tf.compat.v1.profiler.Profiler,tf.compat.v1.train.global_step,tf.constant,tf.debugging.Assert,tf.debugging.assert_integer,tf.equal,tf.errors.InvalidArgumentError,tf.experimental,tf.experimental.dtensor.barrier,tf.float32,tf.function,tf.int32,tf.io.gfile.exists,tf.io.gfile.rmtree,tf.keras.backend.set_value,tf.ones,tf.profiler,tf.profiler.experimental,tf.profiler.experimental.server,tf.profiler.experimental.server.start,tf.profiler.experimental.start,tf.profiler.experimental.stop,tf.python.profiler,tf.raw_ops.Assert,tf.reduce_all"
162860,31,"tf.TensorShape,tf.TensorSpec,tf.compat.v1.Session,tf.compat.v1.disable_eager_execution,tf.compat.v1.enable_eager_execution,tf.compat.v1.executing_eagerly,tf.compat.v1.get_variable,tf.compat.v1.global_variables_initializer,tf.compat.v1.local_variables_initializer,tf.config.run_functions_eagerly,tf.constant,tf.enable_eager_execution,tf.ensure_shape,tf.equal,tf.executing_eagerly,tf.experimental,tf.experimental.DynamicRaggedShape,tf.experimental.DynamicRaggedShape.from_tensor,tf.float32,tf.function,tf.init_scope,tf.io.SparseFeature,tf.linalg,tf.linalg.LinearOperatorComposition,tf.linalg.LinearOperatorIdentityScaled,tf.linalg.LinearOperatorTridiag,tf.ones,tf.ones_initializer,tf.ragged.constant,tf.reduce_all,tf.zeros_initializer"
162876,16,"tf.Tensor,tf.compat.v1.math.multiply_no_nan,tf.constant,tf.equal,tf.experimental.numpy,tf.experimental.numpy.broadcast_arrays,tf.experimental.numpy.full_like,tf.experimental.numpy.geomspace,tf.experimental.numpy.tril,tf.experimental.numpy.vdot,tf.keras.ops,tf.keras.ops.full_like,tf.keras.ops.vdot,tf.linalg.tril,tf.linalg.triu,tf.reduce_all"
163061,28,"tf.Tensor,tf.Variable,tf.add,tf.compat.v1.Graph,tf.compat.v1.enable_eager_execution,tf.compat.v1.get_default_graph,tf.compat.v1.nn.leaky_relu,tf.compat.v1.placeholder,tf.compat.v1.train.ProximalGradientDescentOptimizer,tf.config.list_physical_devices,tf.constant,tf.data.Dataset.from_tensor_slices,tf.data.Options,tf.data.ThreadingOptions,tf.data.experimental.OptimizationOptions,tf.device,tf.float32,tf.function,tf.int32,tf.keras.activations.leaky_relu,tf.keras.ops.leaky_relu,tf.mlir.experimental.convert_graph_def,tf.nn.leaky_relu,tf.random.normal,tf.random.uniform,tf.range,tf.raw_ops.ResourceApplyGradientDescent,tf.sysconfig.get_compile_flags"
163082,22,"tf.abs,tf.config.list_physical_devices,tf.constant,tf.device,tf.equal,tf.float32,tf.function,tf.int32,tf.keras.backend.resize_volumes,tf.keras.losses.categorical_hinge,tf.keras.losses.hinge,tf.keras.losses.kl_divergence,tf.keras.metrics.sparse_categorical_accuracy,tf.linalg.lu,tf.linalg.lu_reconstruct,tf.math.is_inf,tf.math.is_nan,tf.math.zero_fraction,tf.random.set_seed,tf.reduce_all,tf.reduce_any,tf.reduce_max"
163093,16,"tf.Tensor,tf.compat.v1.report_uninitialized_variables,tf.constant,tf.distribute.MirroredStrategy,tf.distribute.Strategy,tf.distribute.StrategyBase,tf.distribute.get_strategy,tf.equal,tf.float32,tf.function,tf.int32,tf.lookup.KeyValueTensorInitializer,tf.lookup.StaticHashTable,tf.reduce_all,tf.required_space_to_batch_paddings,tf.string"
163153,47,"tf.GradientTape,tf.Tensor,tf.compat.v1.Session,tf.compat.v1.decode_csv,tf.compat.v1.global_variables_initializer,tf.compat.v1.local_variables_initializer,tf.compat.v1.losses.hinge_loss,tf.compat.v1.nn.bidirectional_dynamic_rnn,tf.compat.v1.nn.rnn_cell.BasicLSTMCell,tf.compat.v1.train.Coordinator,tf.compat.v1.train.start_queue_runners,tf.compat.v1.train.string_input_producer,tf.config.experimental_connect_to_cluster,tf.config.list_logical_devices,tf.config.list_physical_devices,tf.constant,tf.data,tf.data.AUTOTUNE,tf.data.Dataset.from_tensor_slices,tf.data.Dataset.prefetch,tf.device,tf.distribute.MirroredStrategy,tf.distribute.ReduceOp.SUM,tf.distribute.cluster_resolver.TPUClusterResolver,tf.enable_eager_execution,tf.errors.NotFoundError,tf.errors.OutOfRangeError,tf.experimental,tf.experimental.dtensor.create_tpu_mesh,tf.float32,tf.function,tf.image.random_hue,tf.int32,tf.io.decode_csv,tf.keras.Input,tf.keras.Model,tf.keras.Sequential,tf.keras.layers.Dense,tf.keras.losses.MeanSquaredError,tf.keras.optimizers.Adam,tf.maximum,tf.random.normal,tf.random.uniform,tf.reduce_mean,tf.string,tf.tpu.experimental.initialize_tpu_system,tf.zeros"
163243,22,"tf.GradientTape,tf.Variable,tf.abs,tf.broadcast_to,tf.compat.v1.gradients,tf.complex,tf.complex64,tf.expand_dims,tf.eye,tf.function,tf.gradients,tf.keras.backend.gradients,tf.linalg.adjoint,tf.linalg.cholesky,tf.linalg.matmul,tf.nest,tf.nest.is_nested,tf.newaxis,tf.random.normal,tf.reduce_sum,tf.shape,tf.tile"
163275,9,"tf.compat.v1.assert_less_equal,tf.compat.v1.assert_none_equal,tf.constant,tf.debugging.assert_less_equal,tf.debugging.assert_none_equal,tf.float32,tf.function,tf.keras.backend.set_value,tf.test.Benchmark"
163294,12,"tf.Module,tf.autograph.trace,tf.compat.v1.Session,tf.compat.v1.get_default_session,tf.compat.v1.global_variables_initializer,tf.compat.v1.linalg.trace,tf.constant,tf.experimental.numpy.trace,tf.function,tf.keras.ops.trace,tf.linalg.trace,tf.reduce_all"
163300,1,tf.keras.backend.epsilon
163329,39,"tf.DeviceSpec,tf.Module,tf.Variable,tf.compat.v1.RandomShuffleQueue,tf.compat.v1.Session,tf.compat.v1.disable_eager_execution,tf.compat.v1.enable_eager_execution,tf.compat.v1.global_variables_initializer,tf.compat.v1.local_variables_initializer,tf.compat.v1.logging.INFO,tf.compat.v1.logging.set_verbosity,tf.compat.v1.name_scope,tf.compat.v1.tpu.batch_parallel,tf.compat.v1.train.Coordinator,tf.compat.v1.train.QueueRunner,tf.compat.v1.train.add_queue_runner,tf.compat.v1.train.range_input_producer,tf.compat.v1.train.start_queue_runners,tf.compat.v1.train.string_input_producer,tf.config.list_physical_devices,tf.constant,tf.convert_to_tensor,tf.errors.OutOfRangeError,tf.executing_eagerly,tf.experimental.dtensor,tf.experimental.dtensor.copy_to_mesh,tf.float32,tf.function,tf.get_logger,tf.keras.backend.name_scope,tf.keras.layers.Dense,tf.keras.layers.Layer,tf.keras.name_scope,tf.matmul,tf.name_scope,tf.random.normal,tf.reduce_all,tf.string,tf.train.Coordinator"
163330,0,
163372,27,"tf.GradientTape,tf.Module,tf.Variable,tf.broadcast_to,tf.cast,tf.concat,tf.constant,tf.experimental.numpy,tf.experimental.numpy.around,tf.experimental.numpy.logspace,tf.float32,tf.function,tf.image.resize,tf.keras.Model,tf.keras.layers.Dense,tf.keras.ops.linspace,tf.keras.ops.logspace,tf.linspace,tf.matmul,tf.random.normal,tf.range,tf.reduce_sum,tf.reshape,tf.signal.kaiser_window,tf.stack,tf.transpose,tf.zeros"
163374,31,"tf.GradientTape,tf.Variable,tf.as_string,tf.compat.v1.variable_scope,tf.constant,tf.debugging.Assert,tf.distribute.MirroredStrategy,tf.equal,tf.errors.InvalidArgumentError,tf.experimental.dtensor,tf.experimental.dtensor.barrier,tf.float32,tf.function,tf.grad_pass_through,tf.int32,tf.keras.backend.eval,tf.keras.backend.get_value,tf.keras.backend.set_value,tf.keras.layers.Masking,tf.minimum,tf.not_equal,tf.ones,tf.profiler.experimental.server.start,tf.profiler.experimental.start,tf.random,tf.random.fold_in,tf.random.stateless_normal,tf.raw_ops.Assert,tf.reduce_all,tf.reduce_any,tf.strings.join"
163420,11,"tf.cast,tf.compat.v1.nn.dropout,tf.constant,tf.experimental.numpy.geomspace,tf.float32,tf.function,tf.keras.backend.dropout,tf.keras.random.dropout,tf.multiply,tf.nn.dropout,tf.ones"
163449,24,"tf.abs,tf.bfloat16,tf.cast,tf.compat.v1.nn.dropout,tf.config.run_functions_eagerly,tf.constant,tf.experimental.numpy.geomspace,tf.float32,tf.function,tf.keras.backend.dropout,tf.keras.mixed_precision.Policy,tf.keras.mixed_precision.set_global_policy,tf.keras.random.dropout,tf.math.multiply,tf.math.reduce_variance,tf.nn.dropout,tf.norm,tf.pow,tf.random.normal,tf.random.set_seed,tf.random.stateless_uniform,tf.random.uniform,tf.reduce_max,tf.shape"
163457,4,"tf.experimental.numpy.enable_numpy_behavior,tf.experimental.numpy.geomspace,tf.function,tf.reduce_sum"
163483,24,"tf.Variable,tf.VariableAggregation.SUM,tf.VariableSynchronization,tf.VariableSynchronization.ON_READ,tf.compat.v1.train.SessionRunValues,tf.constant,tf.distribute.MirroredStrategy,tf.equal,tf.float32,tf.function,tf.int64,tf.keras.activations.linear,tf.lookup.StaticHashTable,tf.lookup.TextFileIndex,tf.lookup.TextFileIndex.LINE_NUMBER,tf.lookup.TextFileIndex.WHOLE_LINE,tf.lookup.TextFileInitializer,tf.range,tf.reduce_all,tf.reshape,tf.string,tf.test.is_built_with_cuda,tf.test.is_built_with_rocm,tf.test.is_built_with_xla"
163528,21,"tf.Module,tf.Tensor,tf.Variable,tf.abs,tf.argmax,tf.cast,tf.compat.v1.metrics.mean_absolute_error,tf.config.list_physical_devices,tf.convert_to_tensor,tf.device,tf.experimental.numpy,tf.experimental.numpy.append,tf.float32,tf.function,tf.keras.backend.floatx,tf.keras.layers.Cropping1D,tf.keras.ops.append,tf.nn.in_top_k,tf.one_hot,tf.reduce_max,tf.saved_model.save"
163548,1,tf.errors.CancelledError
163563,41,"tf.GradientTape,tf.bfloat16,tf.compat.v1,tf.compat.v1.FIFOQueue,tf.compat.v1.Session,tf.compat.v1.disable_eager_execution,tf.compat.v1.enable_eager_execution,tf.compat.v1.global_variables_initializer,tf.compat.v1.local_variables_initializer,tf.compat.v1.name_scope,tf.compat.v1.placeholder,tf.compat.v1.tpu.batch_parallel,tf.compat.v1.train.Coordinator,tf.compat.v1.train.QueueRunner,tf.compat.v1.train.add_queue_runner,tf.compat.v1.train.start_queue_runners,tf.compat.v1.train.string_input_producer,tf.config.experimental.set_memory_growth,tf.config.experimental_connect_to_cluster,tf.config.list_physical_devices,tf.device,tf.distribute.TPUStrategy,tf.distribute.cluster_resolver.TPUClusterResolver,tf.errors.ResourceExhaustedError,tf.exp,tf.experimental.dtensor,tf.float32,tf.function,tf.identity,tf.keras.backend.name_scope,tf.keras.name_scope,tf.linalg.matmul,tf.math.exp,tf.matmul,tf.name_scope,tf.nn.sigmoid,tf.random.uniform,tf.reduce_sum,tf.reshape,tf.sigmoid,tf.tpu.experimental.initialize_tpu_system"
163569,27,"tf.bfloat16,tf.broadcast_to,tf.cast,tf.compat.v1.disable_eager_execution,tf.compat.v1.enable_eager_execution,tf.compat.v1.nn.conv3d,tf.compat.v1.nn.conv3d_transpose,tf.config.run_functions_eagerly,tf.constant,tf.equal,tf.exp,tf.expand_dims,tf.float32,tf.function,tf.identity,tf.keras.backend.conv3d,tf.keras.backend.pool3d,tf.nn.conv3d,tf.nn.conv3d_transpose,tf.random.normal,tf.random.uniform,tf.reduce_all,tf.reduce_max,tf.reshape,tf.squeeze,tf.transpose,tf.zeros_like"
163597,10,"tf.abs,tf.constant,tf.distribute.experimental.partitioners.MinSizePartitioner,tf.keras.layers.Cropping3D,tf.keras.layers.UpSampling3D,tf.keras.layers.ZeroPadding3D,tf.keras.metrics.sparse_top_k_categorical_accuracy,tf.lookup.KeyValueTensorInitializer,tf.reduce_max,tf.required_space_to_batch_paddings"
163604,21,"tf.GradientTape,tf.TensorSpec,tf.abs,tf.compat.v1.train.SessionRunArgs,tf.compat.v1.train.assert_global_step,tf.constant,tf.float32,tf.function,tf.io.decode_proto,tf.io.encode_proto,tf.keras,tf.mlir.experimental.convert_function_to_mlir,tf.mlir.experimental.run_pass_pipeline,tf.nn.conv1d,tf.nn.relu,tf.python.framework.test_util,tf.random.normal,tf.reduce_all,tf.reduce_mean,tf.reduce_sum,tf.transpose"
163640,3,"tf.compat.v1.user_ops.my_fact,tf.keras.backend.epsilon,tf.keras.backend.floatx"
163668,25,"tf.Tensor,tf.abs,tf.cond,tf.constant,tf.debugging.assert,tf.debugging.assert_not_equal,tf.distribute.MirroredStrategy,tf.distribute.experimental.ValueContext,tf.distribute.get_strategy,tf.equal,tf.exp,tf.experimental.ExtensionType,tf.experimental.dispatch_for_unary_elementwise_apis,tf.experimental.unregister_dispatch_for,tf.feature_column.categorical_column_with_identity,tf.feature_column.crossed_column,tf.function,tf.keras,tf.keras.Sequential,tf.keras.backend.get_uid,tf.keras.callbacks.LambdaCallback,tf.keras.layers.Dense,tf.python.compat,tf.reduce_all,tf.test.is_built_with_gpu_support"
163687,39,"tf.TensorShape,tf.cast,tf.compat.v1,tf.compat.v1.FIFOQueue,tf.compat.v1.GraphKeys.QUEUE_RUNNERS,tf.compat.v1.Session,tf.compat.v1.disable_eager_execution,tf.compat.v1.enable_eager_execution,tf.compat.v1.get_collection,tf.compat.v1.global_variables_initializer,tf.compat.v1.local_variables_initializer,tf.compat.v1.name_scope,tf.compat.v1.tpu.batch_parallel,tf.compat.v1.train.Coordinator,tf.compat.v1.train.QueueRunner,tf.compat.v1.train.add_queue_runner,tf.compat.v1.train.range_input_producer,tf.compat.v1.train.start_queue_runners,tf.compat.v1.train.string_input_producer,tf.constant,tf.errors.OutOfRangeError,tf.errors.ResourceExhaustedError,tf.experimental.dtensor,tf.experimental.dtensor.copy_to_mesh,tf.float32,tf.function,tf.identity,tf.keras.backend.name_scope,tf.keras.name_scope,tf.math.sqrt,tf.matmul,tf.name_scope,tf.nn.attention,tf.nn.softmax,tf.random.normal,tf.shape,tf.train.Coordinator,tf.transpose,tf.zeros_like"
163721,53,"tf.DType,tf.IndexedSlices,tf.Module,tf.TensorArray,tf.TensorSpec,tf.abs,tf.compat.v1.Session,tf.compat.v1.global_variables_initializer,tf.compat.v1.local_variable,tf.compat.v1.local_variables_initializer,tf.complex64,tf.config.list_physical_devices,tf.constant,tf.convert_to_tensor,tf.device,tf.equal,tf.executing_eagerly,tf.float32,tf.function,tf.gather,tf.io.decode_json_example,tf.io.parse_example,tf.io.serialize_tensor,tf.keras.Model,tf.keras.Sequential,tf.keras.layers.Dense,tf.keras.layers.Lambda,tf.keras.layers.Layer,tf.linalg.LinearOperator,tf.linalg.LinearOperatorAdjoint,tf.linalg.LinearOperatorComposition,tf.linalg.LinearOperatorFullMatrix,tf.linalg.LinearOperatorScaledIdentity,tf.linalg.adjoint,tf.linalg.matmul,tf.matmul,tf.random.normal,tf.raw_ops.TensorArray,tf.raw_ops.TensorArrayRead,tf.raw_ops.TensorArrayWrite,tf.reduce_all,tf.shape,tf.sign,tf.string,tf.test.is_gpu_available,tf.train.Example,tf.train.Feature,tf.train.Features,tf.train.FloatList,tf.train.Int64List,tf.where,tf.while_loop,tf.zeros_like"
163741,30,"tf.Module,tf.TensorSpec,tf.Variable,tf.compat.v1.Session,tf.compat.v1.disable_eager_execution,tf.compat.v1.get_session_handle,tf.compat.v1.get_session_tensor,tf.compat.v1.global_variables_initializer,tf.compat.v1.summary.FileWriter,tf.compat.v1.summary.histogram,tf.compat.v2,tf.config.experimental.get_memory_info,tf.config.experimental.list_physical_devices,tf.config.experimental.set_memory_growth,tf.config.list_physical_devices,tf.constant,tf.data.Dataset,tf.data.Dataset.from_variant,tf.distribute.MirroredStrategy,tf.distribute.NcclAllReduce,tf.distribute.ReduceOp.SUM,tf.distribute.get_replica_context,tf.experimental,tf.float32,tf.function,tf.keras.initializers.Identity,tf.random.normal,tf.raw_ops.MatchingFilesDataset,tf.string,tf.summary.histogram"
163798,35,"tf.RaggedTensorSpec,tf.Tensor,tf.TensorSpec,tf.constant,tf.control_dependencies,tf.debugging.assert_near,tf.equal,tf.experimental.ExtensionType,tf.experimental.dispatch_for_binary_elementwise_apis,tf.feature_column.indicator_column,tf.function,tf.image.stateless_random_jpeg_quality,tf.int32,tf.int64,tf.keras.Sequential,tf.keras.callbacks.LambdaCallback,tf.keras.layers.Dense,tf.keras.layers.DenseFeatures,tf.linalg.LinearOperatorFullMatrix,tf.linalg.LinearOperatorKronecker,tf.linalg.banded_triangular_solve,tf.linalg.inv,tf.linalg.lu,tf.linalg.lu_matrix_inverse,tf.multiply,tf.py_function,tf.python.feature_column,tf.python.framework,tf.python.platform,tf.ragged.constant,tf.reduce_all,tf.string,tf.type_spec_from_value,tf.uint8,tf.unstack"
163851,15,"tf.Variable,tf.VariableAggregation,tf.VariableAggregation.MEAN,tf.VariableAggregation.NONE,tf.VariableAggregation.SUM,tf.compat.v1.VariableAggregation,tf.compat.v1.VariableAggregation.MEAN,tf.compat.v1.VariableAggregation.NONE,tf.compat.v1.VariableAggregation.SUM,tf.compat.v1.enable_eager_execution,tf.compat.v1.tpu.core,tf.distribute.get_strategy,tf.executing_eagerly,tf.math.is_nan,tf.reduce_any"
163894,29,"tf.GradientTape,tf.Tensor,tf.Variable,tf.add,tf.cast,tf.compat.v1.enable_v2_behavior,tf.compat.v1.executing_eagerly_outside_functions,tf.compat.v1.experimental.output_all_intermediates,tf.config.optimizer.set_jit,tf.constant,tf.divide,tf.equal,tf.executing_eagerly,tf.experimental.BatchableExtensionType,tf.fill,tf.float32,tf.function,tf.inside_function,tf.int32,tf.int64,tf.linalg.lu,tf.linalg.lu_solve,tf.math.divide,tf.math.floordiv,tf.multiply,tf.random.set_seed,tf.random.uniform,tf.reduce_all,tf.where"
163929,36,"tf.Variable,tf.argmax,tf.argmin,tf.compat.v1.distributions.Categorical,tf.compat.v1.to_complex128,tf.constant,tf.control_dependencies,tf.cos,tf.custom_gradient,tf.debugging.assert_equal,tf.debugging.assert_near,tf.ensure_shape,tf.equal,tf.errors.InvalidArgumentError,tf.eye,tf.float32,tf.function,tf.identity,tf.int32,tf.int64,tf.keras.ops,tf.linalg.band_part,tf.linalg.diag,tf.linalg.diag_part,tf.linalg.lu,tf.linalg.lu_solve,tf.linalg.triangular_solve,tf.math.argmin,tf.math.tan,tf.matmul,tf.random.normal,tf.random.set_seed,tf.shape,tf.tan,tf.transpose,tf.zeros_like"
163962,20,"tf.autograph.trace,tf.compat.v1.linalg.trace,tf.config.list_physical_devices,tf.constant,tf.device,tf.equal,tf.experimental.numpy,tf.experimental.numpy.experimental_enable_numpy_behavior,tf.experimental.numpy.trace,tf.float32,tf.keras.ops,tf.keras.ops.trace,tf.linalg.trace,tf.ones,tf.profiler.experimental.client.trace,tf.reduce_all,tf.stop_gradient,tf.summary.experimental.get_step,tf.summary.experimental.set_step,tf.test.is_gpu_available"
164030,44,"tf.GradientTape,tf.cast,tf.compat.v1.enable_eager_execution,tf.compat.v1.math.add,tf.concat,tf.constant,tf.equal,tf.executing_eagerly,tf.expand_dims,tf.experimental.numpy,tf.experimental.numpy.add,tf.float32,tf.int32,tf.int64,tf.keras.activations.relu,tf.keras.backend.relu,tf.keras.layers.Add,tf.keras.layers.add,tf.keras.ops.add,tf.keras.ops.relu,tf.math.add,tf.name_scope,tf.newaxis,tf.nn.relu,tf.one_hot,tf.ones,tf.python.framework,tf.random.uniform,tf.range,tf.reduce_all,tf.reduce_sum,tf.repeat,tf.reshape,tf.sparse.SparseTensor,tf.sparse.add,tf.sparse.reduce_sum,tf.stack,tf.stop_gradient,tf.tensor_scatter_nd_add,tf.tensor_scatter_nd_update,tf.test.TestCase,tf.tile,tf.zeros,tf.zeros_like"
164048,39,"tf.GradientTape,tf.bool,tf.boolean_mask,tf.cast,tf.compat.v1.math.exp,tf.config.list_physical_devices,tf.constant,tf.custom_gradient,tf.device,tf.errors.InvalidArgumentError,tf.errors.ResourceExhaustedError,tf.exp,tf.experimental.numpy,tf.experimental.numpy.exp,tf.float32,tf.int32,tf.keras.backend.eval,tf.keras.backend.exp,tf.keras.constraints.NonNeg,tf.keras.ops,tf.keras.ops.custom_gradient,tf.keras.ops.exp,tf.linalg.lu,tf.linalg.lu_matrix_inverse,tf.linalg.lu_solve,tf.math.exp,tf.math.is_finite,tf.math.is_inf,tf.math.is_nan,tf.math.log,tf.random.normal,tf.random.shuffle,tf.random.uniform,tf.range,tf.reduce_all,tf.reduce_any,tf.stack,tf.test.is_gpu_available,tf.zeros_like"
164063,32,"tf.Module,tf.TensorSpec,tf.bfloat16,tf.cast,tf.clip_by_value,tf.compat.v1.argmax,tf.concat,tf.config.list_physical_devices,tf.constant,tf.data.experimental.save,tf.device,tf.einsum,tf.equal,tf.experimental.numpy.argmax,tf.float32,tf.function,tf.gather,tf.int32,tf.int64,tf.keras.backend.argmax,tf.keras.losses.categorical_hinge,tf.keras.ops.argmax,tf.math.argmax,tf.math.reduce_variance,tf.pad,tf.random.uniform,tf.reduce_all,tf.reduce_sum,tf.reshape,tf.saved_model.load,tf.saved_model.save,tf.shape"
164086,51,"tf.Module,tf.TensorSpec,tf.Variable,tf.abs,tf.cast,tf.clip_by_value,tf.compat.v1.argmax,tf.concat,tf.config.experimental.enable_op_determinism,tf.constant,tf.data.Dataset.from_tensor_slices,tf.data.experimental.load,tf.data.experimental.save,tf.equal,tf.errors.InvalidArgumentError,tf.expand_dims,tf.experimental.numpy.argmax,tf.float16,tf.float32,tf.float64,tf.function,tf.gather,tf.int32,tf.int64,tf.keras,tf.keras.backend.argmax,tf.keras.backend.set_floatx,tf.keras.losses.categorical_hinge,tf.keras.mixed_precision.Policy,tf.keras.mixed_precision.set_global_policy,tf.keras.ops.argmax,tf.linalg.matmul,tf.math.argmax,tf.math.is_nan,tf.math.pow,tf.matmul,tf.nn.embedding_lookup,tf.ones,tf.pow,tf.random.normal,tf.random.uniform,tf.reduce_all,tf.reduce_any,tf.reduce_max,tf.saved_model.load,tf.saved_model.save,tf.shape,tf.shape_n,tf.tanh,tf.tile,tf.zeros_like"
164094,23,"tf.GradientTape,tf.Module,tf.Tensor,tf.Variable,tf.compat.v1.enable_eager_execution,tf.compat.v1.local_variables_initializer,tf.compat.v1.math.exp,tf.constant,tf.control_dependencies,tf.custom_gradient,tf.device,tf.equal,tf.exp,tf.experimental.numpy.exp,tf.fill,tf.float32,tf.keras.backend.exp,tf.keras.ops.exp,tf.linalg,tf.linalg.LinearOperatorScaledIdentity,tf.math.exp,tf.reduce_all,tf.reduce_sum"
164102,37,"tf.autograph.trace,tf.bfloat16,tf.broadcast_to,tf.cast,tf.compat.v1.linalg.trace,tf.concat,tf.cond,tf.config.list_physical_devices,tf.constant,tf.device,tf.exp,tf.expand_dims,tf.float16,tf.float32,tf.function,tf.identity,tf.image.resize,tf.keras.backend.epsilon,tf.keras.ops.trace,tf.linalg.matmul,tf.linalg.trace,tf.math.is_finite,tf.math.is_nan,tf.math.rsqrt,tf.matmul,tf.profiler.experimental.client.trace,tf.random.normal,tf.random.uniform,tf.reduce_all,tf.reduce_any,tf.reduce_mean,tf.reduce_sum,tf.reshape,tf.shape,tf.square,tf.squeeze,tf.zeros_like"
164157,34,"tf.GradientTape,tf.Module,tf.cast,tf.clip_by_value,tf.compat.v1.argmax,tf.compat.v1.enable_eager_execution,tf.concat,tf.config.list_physical_devices,tf.constant,tf.data.Dataset.from_tensor_slices,tf.data.experimental.save,tf.debugging.assert_all_finite,tf.device,tf.equal,tf.experimental.numpy.argmax,tf.fill,tf.float16,tf.float32,tf.function,tf.int32,tf.int64,tf.keras.backend.argmax,tf.keras.losses.categorical_hinge,tf.keras.ops.argmax,tf.math.argmax,tf.math.reduce_std,tf.math.tanh,tf.nn.embedding_lookup,tf.random.normal,tf.random.uniform,tf.reduce_all,tf.saved_model.save,tf.shape,tf.shape_n"
164247,19,"tf.RaggedTensor,tf.cast,tf.compat.as_bytes,tf.compat.as_text,tf.compat.v1.depth_to_space,tf.compat.v1.nn.space_to_depth,tf.expand_dims,tf.feature_column.embedding_column,tf.feature_column.sequence_categorical_column_with_hash_bucket,tf.float32,tf.function,tf.int64,tf.keras,tf.keras.layers,tf.keras.layers.SequenceFeatures,tf.nn.space_to_depth,tf.python.feature_column,tf.ragged.constant,tf.reduce_sum"
164286,27,"tf.GradientTape,tf.compat.v1.Session,tf.compat.v1.SparseTensorValue,tf.compat.v1.disable_eager_execution,tf.compat.v1.placeholder,tf.compat.v1.sparse_placeholder,tf.constant,tf.experimental,tf.experimental.dtensor,tf.experimental.dtensor.jobs,tf.experimental.dtensor.num_clients,tf.experimental.numpy,tf.experimental.numpy.diff,tf.experimental.numpy.swapaxes,tf.experimental.numpy.take,tf.float32,tf.function,tf.gather,tf.gradients,tf.keras.ops,tf.keras.ops.diagonal,tf.keras.ops.diff,tf.keras.ops.swapaxes,tf.keras.ops.take,tf.reduce_sum,tf.sparse.SparseTensor,tf.sparse.sparse_dense_matmul"
164300,16,"tf.compat,tf.compat.v1.ConfigProto,tf.compat.v1.Session,tf.compat.v1.Summary.Value,tf.compat.v1.disable_eager_execution,tf.compat.v1.train.ChiefSessionCreator,tf.compat.v1.train.SessionCreator,tf.constant,tf.equal,tf.function,tf.io.VarLenFeature,tf.keras.backend,tf.keras.backend.backend,tf.keras.backend.in_train_phase,tf.keras.backend.square,tf.reduce_all"
164385,19,"tf.Tensor,tf.compat.v1.enable_eager_execution,tf.constant,tf.experimental,tf.experimental.numpy,tf.experimental.numpy.diagonal,tf.float32,tf.int32,tf.keras,tf.keras.backend.get_value,tf.keras.backend.repeat_elements,tf.keras.layers.Minimum,tf.keras.ops,tf.keras.ops.diagonal,tf.linalg.diag,tf.math.floordiv,tf.ones,tf.raw_ops.Minimum,tf.reduce_all"
164465,22,"tf.bool,tf.cast,tf.constant,tf.equal,tf.experimental.numpy,tf.experimental.numpy.around,tf.experimental.numpy.floor_divide,tf.experimental.numpy.inner,tf.experimental.numpy.lcm,tf.experimental.numpy.true_divide,tf.float32,tf.float64,tf.function,tf.int64,tf.int8,tf.keras.ops.floor_divide,tf.keras.ops.true_divide,tf.math.reduce_max,tf.random.stateless_truncated_normal,tf.range,tf.reduce_all,tf.reshape"
164486,30,"tf.GradientTape,tf.Variable,tf.abs,tf.add,tf.cast,tf.compat.v1.math.add,tf.compat.v1.no_regularizer,tf.compat.v1.resource_loader.readahead_file_path,tf.concat,tf.constant,tf.equal,tf.experimental.numpy.add,tf.float16,tf.float32,tf.function,tf.int16,tf.int32,tf.keras.initializers.HeNormal,tf.keras.initializers.HeUniform,tf.keras.initializers.LecunNormal,tf.keras.initializers.LecunUniform,tf.random.normal,tf.random.set_seed,tf.random.uniform,tf.reduce_all,tf.reduce_sum,tf.sparse.SparseTensor,tf.sparse.concat,tf.sparse.to_dense,tf.squeeze"
164608,1,tf.tpu.experimental.DeviceOrderMode
164663,22,"tf.GradientTape,tf.Module,tf.Tensor,tf.Variable,tf.compat.v1.train.GradientDescentOptimizer,tf.data.experimental.copy_to_device,tf.distribute.MirroredStrategy,tf.distribute.MultiWorkerMirroredStrategy,tf.distribute.experimental.MultiWorkerMirroredStrategy,tf.function,tf.keras.Model,tf.keras.layers.Dense,tf.keras.layers.Layer,tf.keras.optimizers.SGD,tf.math.rsqrt,tf.matmul,tf.ones,tf.random.normal,tf.reduce_mean,tf.reduce_sum,tf.square,tf.zeros"
164683,48,"tf.Variable,tf.VariableAggregation,tf.VariableAggregation.MEAN,tf.abs,tf.bfloat16,tf.cast,tf.clip_by_value,tf.compat.v1.VariableAggregation,tf.compat.v1.VariableAggregation.MEAN,tf.compat.v1.VariableAggregation.NONE,tf.compat.v1.VariableAggregation.SUM,tf.compat.v1.resource_loader.readahead_file_path,tf.constant,tf.equal,tf.errors.UnimplementedError,tf.fill,tf.float16,tf.float32,tf.function,tf.int32,tf.int64,tf.keras.activations.silu,tf.keras.initializers.HeNormal,tf.keras.initializers.HeUniform,tf.keras.initializers.LecunNormal,tf.keras.initializers.LecunUniform,tf.keras.mixed_precision.Policy,tf.keras.mixed_precision.set_global_policy,tf.lookup.HashTable,tf.lookup.KeyValueTensorInitializer,tf.lookup.StaticHashTable.initialize,tf.math.sigmoid,tf.math.tanh,tf.nn.embedding_lookup,tf.nn.relu,tf.nn.silu,tf.nn.swish,tf.random.set_seed,tf.random.uniform,tf.raw_ops.HashTable,tf.reduce_all,tf.reduce_min,tf.shape,tf.strings.as_string,tf.summary.experimental.get_step,tf.summary.experimental.set_step,tf.tanh,tf.test.is_gpu_available"
164684,25,"tf.Variable,tf.bool,tf.cond,tf.constant,tf.equal,tf.float32,tf.function,tf.keras,tf.keras.constraints.serialize,tf.keras.initializers.Constant,tf.keras.initializers.serialize,tf.keras.layers.Dense,tf.keras.layers.serialize,tf.keras.losses.MeanAbsoluteError,tf.keras.losses.MeanSquaredError,tf.keras.losses.serialize,tf.keras.metrics.serialize,tf.keras.optimizers.schedules.serialize,tf.keras.optimizers.serialize,tf.keras.regularizers.L2,tf.keras.regularizers.serialize,tf.py_function,tf.random.set_seed,tf.reduce_all,tf.squeeze"
164685,26,"tf.GradientTape,tf.Tensor,tf.Variable,tf.cast,tf.compat.v1.math.add,tf.constant,tf.equal,tf.errors,tf.errors.OpError,tf.experimental.numpy,tf.experimental.numpy.add,tf.fill,tf.float32,tf.float64,tf.function,tf.int32,tf.int64,tf.is_symbolic_tensor,tf.keras.initializers.RandomNormal,tf.keras.initializers.TruncatedNormal,tf.math.floordiv,tf.random.normal,tf.random.set_seed,tf.raw_ops.RandomUniform,tf.raw_ops.TruncatedNormal,tf.reduce_all"
164686,57,"tf.GradientTape,tf.Variable,tf.abs,tf.add,tf.cast,tf.compat.v1,tf.compat.v1.Graph,tf.compat.v1.GraphKeys.QUEUE_RUNNERS,tf.compat.v1.NullContext,tf.compat.v1.Session,tf.compat.v1.disable_eager_execution,tf.compat.v1.enable_eager_execution,tf.compat.v1.get_collection,tf.compat.v1.global_variables_initializer,tf.compat.v1.local_variables_initializer,tf.compat.v1.name_scope,tf.compat.v1.placeholder,tf.compat.v1.queue.FIFOQueue,tf.compat.v1.tpu.batch_parallel,tf.compat.v1.train.Coordinator,tf.compat.v1.train.QueueRunner,tf.compat.v1.train.add_queue_runner,tf.compat.v1.train.range_input_producer,tf.compat.v1.train.start_queue_runners,tf.compat.v1.train.string_input_producer,tf.complex128,tf.complex64,tf.config.experimental.enable_dtensor,tf.config.experimental_connect_to_cluster,tf.constant,tf.device,tf.distribute.cluster_resolver.TPUClusterResolver,tf.divide,tf.errors.NotFoundError,tf.errors.OutOfRangeError,tf.experimental.dtensor,tf.experimental.dtensor.copy_to_mesh,tf.float32,tf.float64,tf.floordiv,tf.function,tf.int32,tf.int64,tf.keras.backend.name_scope,tf.keras.name_scope,tf.math.floordiv,tf.math.is_complex,tf.math.real,tf.multiply,tf.name_scope,tf.random.normal,tf.random.set_seed,tf.random.uniform,tf.reduce_all,tf.tpu.experimental.initialize_tpu_system,tf.train.Coordinator,tf.train.start_queue_runners"
164700,13,"tf.cast,tf.concat,tf.distribute.MirroredStrategy,tf.equal,tf.expand_dims,tf.function,tf.int32,tf.range,tf.reduce_all,tf.reshape,tf.tile,tf.types.experimental.distributed.Mirrored,tf.zeros"
164701,49,"tf.TensorShape,tf.Variable,tf.broadcast_to,tf.compat.v1.FIFOQueue,tf.compat.v1.Session,tf.compat.v1.disable_eager_execution,tf.compat.v1.enable_eager_execution,tf.compat.v1.global_variables_initializer,tf.compat.v1.local_variables_initializer,tf.compat.v1.name_scope,tf.compat.v1.placeholder,tf.compat.v1.reset_default_graph,tf.compat.v1.tpu.batch_parallel,tf.compat.v1.train.Coordinator,tf.compat.v1.train.QueueRunner,tf.compat.v1.train.add_queue_runner,tf.compat.v1.train.range_input_producer,tf.compat.v1.train.start_queue_runners,tf.compat.v1.train.string_input_producer,tf.concat,tf.config.list_physical_devices,tf.constant,tf.device,tf.errors.OutOfRangeError,tf.errors.UnavailableError,tf.experimental,tf.experimental.dtensor.copy_to_mesh,tf.float32,tf.function,tf.gather,tf.gather_nd,tf.int32,tf.keras.backend.name_scope,tf.keras.name_scope,tf.name_scope,tf.newaxis,tf.not_equal,tf.ones_like,tf.range,tf.reduce_all,tf.reshape,tf.shape,tf.size,tf.stack,tf.tile,tf.tpu.TPUEstimator,tf.train.Coordinator,tf.where,tf.zeros"
164704,36,"tf.Variable,tf.add,tf.cast,tf.compat.v1.Session,tf.compat.v1.executing_eagerly,tf.compat.v1.global_variables_initializer,tf.compat.v1.math.exp,tf.constant,tf.control_dependencies,tf.div,tf.divide,tf.equal,tf.executing_eagerly,tf.exp,tf.experimental.numpy.exp,tf.fill,tf.float32,tf.function,tf.identity,tf.int16,tf.int32,tf.keras.backend.exp,tf.keras.ops.exp,tf.linalg.LinearOperatorComposition,tf.linalg.LinearOperatorDiag,tf.linalg.LinearOperatorScaledIdentity,tf.math.divide,tf.math.floordiv,tf.ones,tf.random.set_seed,tf.random.uniform,tf.reduce_all,tf.reshape,tf.squeeze,tf.subtract,tf.unique"
164725,37,"tf.GradientTape,tf.Tensor,tf.Variable,tf.abs,tf.assert_equal,tf.bool,tf.boolean_mask,tf.cast,tf.compat.v1.Graph,tf.compat.v1.enable_eager_execution,tf.compat.v1.executing_eagerly,tf.compat.v1.global_variables_initializer,tf.compat.v1.math.exp,tf.concat,tf.constant,tf.control_dependencies,tf.equal,tf.executing_eagerly,tf.exp,tf.experimental.numpy,tf.experimental.numpy.enable_numpy_behavior,tf.experimental.numpy.exp,tf.fill,tf.float32,tf.function,tf.keras.backend.exp,tf.keras.ops.exp,tf.linalg.LinearOperatorComposition,tf.linalg.LinearOperatorFullMatrix,tf.linalg.LinearOperatorScaledIdentity,tf.random.set_seed,tf.range,tf.reduce_all,tf.reshape,tf.squeeze,tf.tensor_scatter_nd_update,tf.zeros_like"
164814,35,"tf.Variable,tf.cast,tf.compat.v1.Session,tf.compat.v1.SparseTensorValue,tf.compat.v1.disable_eager_execution,tf.compat.v1.reset_default_graph,tf.compat.v1.sparse_placeholder,tf.constant,tf.data.Dataset.from_tensors,tf.data.experimental.pad_to_cardinality,tf.equal,tf.experimental,tf.experimental.dtensor.num_clients,tf.experimental.numpy,tf.experimental.numpy.diagonal,tf.fill,tf.float32,tf.function,tf.int32,tf.int64,tf.keras,tf.keras.backend.batch_set_value,tf.keras.ops,tf.keras.ops.diagonal,tf.linalg.diag_part,tf.math.real,tf.ones,tf.range,tf.reduce_all,tf.reshape,tf.sparse.to_dense,tf.squeeze,tf.summary.create_file_writer,tf.summary.graph,tf.unique"
164823,26,"tf.Module,tf.abs,tf.assert_near,tf.compat.v1.enable_v2_behavior,tf.compat.v1.train.global_step,tf.constant,tf.data.experimental.from_list,tf.equal,tf.eye,tf.float32,tf.function,tf.io.parse_tensor,tf.io.serialize_tensor,tf.linalg,tf.linalg.adjoint,tf.linalg.lu,tf.linalg.lu_matrix_inverse,tf.linalg.lu_solve,tf.matrix_inverse,tf.random.normal,tf.random.uniform,tf.reduce_all,tf.reduce_max,tf.sparse.from_dense,tf.sparse.multiply,tf.sparse.to_dense"
164875,20,"tf.add,tf.bool,tf.compat.v1.assert_none_equal,tf.compat.v1.reduce_all,tf.compat.v1.reduce_any,tf.constant,tf.control_dependencies,tf.debugging.Assert,tf.debugging.assert_none_equal,tf.equal,tf.errors.InvalidArgumentError,tf.function,tf.int64,tf.math.reduce_all,tf.math.reduce_any,tf.ones,tf.raw_ops.Assert,tf.reduce_all,tf.shape,tf.zeros"
164876,18,"tf.cast,tf.compat.v1.ConfigProto,tf.compat.v1.RewriterConfig.OFF,tf.compat.v1.Session,tf.compat.v1.global_variables_initializer,tf.constant,tf.expand_dims,tf.fill,tf.float64,tf.function,tf.int64,tf.matmul,tf.random.normal,tf.range,tf.reshape,tf.squeeze,tf.test.benchmark_config,tf.unique"
164924,22,"tf.Module,tf.TensorSpec,tf.compat.v1.Session,tf.compat.v1.disable_eager_execution,tf.compat.v1.sparse_placeholder,tf.constant,tf.equal,tf.errors.InvalidArgumentError,tf.experimental.dtensor.num_clients,tf.experimental.numpy.diagonal,tf.float32,tf.function,tf.int32,tf.int64,tf.keras.backend.batch_set_value,tf.keras.ops.diagonal,tf.random.set_seed,tf.random.uniform,tf.reduce_all,tf.sparse.reduce_sum,tf.summary.create_file_writer,tf.summary.graph"
164943,16,"tf.constant,tf.device,tf.distribute.MirroredStrategy,tf.distribute.Strategy,tf.distribute.experimental,tf.distribute.experimental.ValueContext,tf.distribute.get_strategy,tf.distribute.in_cross_replica_context,tf.feature_column.CategoricalColumn,tf.feature_column.crossed_column,tf.keras.backend.get_uid,tf.keras.layers.Cropping3D,tf.keras.layers.ZeroPadding3D,tf.python.feature_column,tf.test.is_built_with_gpu_support,tf.test.main"
165081,22,"tf.cast,tf.compiler.tests.xla_call_module_test.serialize,tf.fill,tf.float64,tf.function,tf.keras.Input,tf.keras.Model,tf.keras.activations.linear,tf.keras.initializers.serialize,tf.keras.layers.Dense,tf.keras.layers.serialize,tf.keras.losses.Loss,tf.keras.losses.deserialize,tf.keras.losses.serialize,tf.keras.utils.register_keras_serializable,tf.matmul,tf.random.normal,tf.random.set_seed,tf.random.uniform,tf.reduce_sum,tf.set_random_seed,tf.where"
165105,38,"tf.abs,tf.cast,tf.compat.v1.nn.conv2d_transpose,tf.config.experimental.list_physical_devices,tf.config.experimental.set_memory_growth,tf.config.list_physical_devices,tf.constant,tf.debugging.assert_near,tf.dtypes.saturate_cast,tf.equal,tf.errors.InvalidArgumentError,tf.fill,tf.float16,tf.float32,tf.function,tf.int32,tf.int8,tf.keras.backend.conv2d_transpose,tf.keras.backend.resize_images,tf.keras.backend.resize_volumes,tf.keras.layers.LSTMCell,tf.keras.metrics.sparse_categorical_accuracy,tf.keras.mixed_precision.Policy,tf.keras.mixed_precision.set_global_policy,tf.math.is_nan,tf.matmul,tf.nn.conv2d_transpose,tf.random.set_seed,tf.random.uniform,tf.raw_ops,tf.raw_ops.RequiredSpaceToBatchPaddings,tf.reduce_all,tf.reduce_any,tf.reduce_max,tf.required_space_to_batch_paddings,tf.set_seed,tf.shape,tf.signal.overlap_and_add"
165257,36,"tf.Tensor,tf.TensorSpec,tf.Variable,tf.compat.v1.GraphKeys.LOCAL_VARIABLES,tf.compat.v1.Session,tf.compat.v1.add_to_collection,tf.compat.v1.disable_eager_execution,tf.compat.v1.enable_eager_execution,tf.compat.v1.executing_eagerly,tf.compat.v1.init_scope,tf.compat.v1.local_variable,tf.compat.v1.local_variables_initializer,tf.compat.v1.summary.all_v2_summary_ops,tf.compat.v1.summary.histogram,tf.compat.v1.summary.scalar,tf.compat.v1.train.global_step,tf.control_dependencies,tf.distribute.MirroredStrategy,tf.distribute.ReplicaContext,tf.distribute.get_replica_context,tf.ensure_shape,tf.executing_eagerly,tf.float32,tf.function,tf.identity,tf.int64,tf.random.exponential,tf.random.normal,tf.random.poisson,tf.random.uniform,tf.reduce_max,tf.reshape,tf.shape,tf.transpose,tf.types.experimental.PolymorphicFunction,tf.zeros"
165297,23,"tf.bfloat16,tf.cast,tf.compat.v1.Session,tf.compat.v1.enable_v2_behavior,tf.compat.v1.local_variables_initializer,tf.compat.v1.metrics.accuracy,tf.compat.v1.reset_default_graph,tf.config.list_physical_devices,tf.convert_to_tensor,tf.feature_column.crossed_column,tf.float32,tf.image.per_image_standardization,tf.image.stateless_random_jpeg_quality,tf.keras.Sequential,tf.keras.callbacks.LambdaCallback,tf.keras.layers.InputLayer,tf.keras.layers.MaxPooling2D,tf.math.is_inf,tf.math.is_nan,tf.random.normal,tf.random.uniform,tf.reduce_any,tf.test.is_gpu_available"
165549,35,"tf.TensorShape,tf.abs,tf.broadcast_to,tf.cast,tf.compat.v1.Session,tf.compat.v1.SparseConditionalAccumulator,tf.compat.v1.colocate_with,tf.compat.v1.disable_eager_execution,tf.compat.v1.enable_eager_execution,tf.compat.v1.global_variables_initializer,tf.config.list_physical_devices,tf.constant,tf.data.Dataset.from_tensor_slices,tf.data.experimental.Reducer,tf.data.experimental.group_by_reducer,tf.device,tf.distribute.DistributedIterator,tf.distribute.DistributedValues,tf.distribute.MirroredStrategy,tf.executing_eagerly,tf.experimental.numpy.broadcast_to,tf.float32,tf.int32,tf.int64,tf.keras.ops.broadcast_to,tf.math.multiply_no_nan,tf.python.ops,tf.quantization.dequantize,tf.quint8,tf.random.normal,tf.random.uniform,tf.raw_ops.SparseConditionalAccumulator,tf.reduce_all,tf.size,tf.zeros"
165624,13,"tf.compat.v1.enable_eager_execution,tf.compat.v1.math,tf.compat.v1.math.add,tf.constant,tf.equal,tf.experimental.numpy.add,tf.float32,tf.keras.activations.relu,tf.keras.backend.relu,tf.keras.layers.add,tf.keras.ops.relu,tf.nn.relu,tf.reduce_all"
165649,22,"tf.cast,tf.constant,tf.equal,tf.experimental.numpy,tf.experimental.numpy.bitwise_not,tf.experimental.numpy.deg2rad,tf.experimental.numpy.fmod,tf.experimental.numpy.full,tf.experimental.numpy.log10,tf.experimental.numpy.log2,tf.experimental.numpy.logaddexp,tf.experimental.numpy.positive,tf.experimental.numpy.signbit,tf.fill,tf.iinfo,tf.int64,tf.int64.min,tf.keras.ops.log10,tf.keras.ops.log2,tf.keras.ops.logaddexp,tf.math.is_nan,tf.reduce_all"
165738,25,"tf.compat.v1.ConfigProto,tf.compat.v1.Session,tf.compat.v1.Summary.Value,tf.compat.v1.enable_eager_execution,tf.compat.v1.global_variables_initializer,tf.compat.v1.placeholder,tf.compat.v1.train.SessionCreator,tf.config.list_physical_devices,tf.constant,tf.device,tf.equal,tf.executing_eagerly,tf.float16,tf.float32,tf.keras.activations.linear,tf.keras.backend.epsilon,tf.keras.backend.floatx,tf.keras.backend.get_value,tf.keras.backend.set_floatx,tf.math.is_nan,tf.random.normal,tf.reduce_all,tf.reduce_any,tf.sqrt,tf.test.is_gpu_available"
165748,9,"tf.Variable,tf.VariableAggregation.MEAN,tf.VariableSynchronization,tf.VariableSynchronization.ON_READ,tf.compat.v1.get_default_session,tf.config.LogicalDevice,tf.lookup.TextFileIndex,tf.tpu.experimental,tf.tpu.experimental.DeviceOrderMode"
165749,52,"tf.GradientTape,tf.compat.v1.FIFOQueue,tf.compat.v1.Session,tf.compat.v1.WholeFileReader,tf.compat.v1.disable_eager_execution,tf.compat.v1.enable_eager_execution,tf.compat.v1.global_variables_initializer,tf.compat.v1.layers.conv2d,tf.compat.v1.local_variables_initializer,tf.compat.v1.name_scope,tf.compat.v1.random_normal,tf.compat.v1.random_normal_initializer,tf.compat.v1.tpu.batch_parallel,tf.compat.v1.train.Coordinator,tf.compat.v1.train.GradientDescentOptimizer,tf.compat.v1.train.QueueRunner,tf.compat.v1.train.add_queue_runner,tf.compat.v1.train.range_input_producer,tf.compat.v1.train.start_queue_runners,tf.compat.v1.train.string_input_producer,tf.compat.v1.variable_scope,tf.config.experimental_connect_to_cluster,tf.constant,tf.debugging.assert_all_finite,tf.device,tf.distribute.cluster_resolver.TPUClusterResolver,tf.errors.OutOfRangeError,tf.executing_eagerly,tf.experimental,tf.experimental.dtensor.copy_to_mesh,tf.float32,tf.function,tf.keras.Input,tf.keras.Model,tf.keras.Sequential,tf.keras.backend.name_scope,tf.keras.layers,tf.keras.layers.Conv2D,tf.keras.layers.Layer,tf.keras.layers.WeightNormalization,tf.keras.name_scope,tf.keras.optimizers,tf.keras.optimizers.SGD,tf.keras.utils,tf.name_scope,tf.nn.conv2d,tf.nn.l2_normalize,tf.ones_initializer,tf.random.normal,tf.random_normal_initializer,tf.reduce_mean,tf.tpu.experimental.initialize_tpu_system"
165810,33,"tf.Add,tf.Module,tf.compat.v1.enable_control_flow_v2,tf.compiler,tf.compiler.mlir,tf.compiler.mlir.experimental,tf.compiler.mlir.experimental.run_pass_pipeline,tf.constant,tf.debugging.disable_traceback_filtering,tf.debugging.enable_traceback_filtering,tf.debugging.is_traceback_filtering_enabled,tf.distribute.experimental.AllToAll,tf.distribute.experimental.CommunicationImplementation,tf.distribute.experimental.CommunicationImplementation.NCCL,tf.distribute.experimental.CommunicationOptions,tf.expand_dims,tf.float32,tf.function,tf.int32,tf.int64,tf.keras.backend.dtype,tf.keras.backend.set_image_data_format,tf.matmul,tf.mlir,tf.mlir.experimental,tf.mlir.experimental.run_pass_pipeline,tf.python.ops,tf.random.normal,tf.slice,tf.tensor_scatter_nd_update,tf.transpose,tf.zeros,tf.zeros_like"
165854,45,"tf.GradientTape,tf.compat.v1.FIFOQueue,tf.compat.v1.Graph,tf.compat.v1.GraphKeys.QUEUE_RUNNERS,tf.compat.v1.Session,tf.compat.v1.disable_eager_execution,tf.compat.v1.enable_eager_execution,tf.compat.v1.global_variables_initializer,tf.compat.v1.local_variables_initializer,tf.compat.v1.name_scope,tf.compat.v1.placeholder,tf.compat.v1.tpu.batch_parallel,tf.compat.v1.train.QueueRunner,tf.compat.v1.train.add_queue_runner,tf.compat.v1.train.range_input_producer,tf.compat.v1.train.start_queue_runners,tf.compat.v1.train.string_input_producer,tf.config.experimental_connect_to_cluster,tf.config.list_physical_devices,tf.constant,tf.device,tf.distribute.cluster_resolver.TPUClusterResolver,tf.errors.NotFoundError,tf.errors.OutOfRangeError,tf.experimental,tf.float16,tf.float32,tf.function,tf.int32,tf.keras.backend.name_scope,tf.keras.name_scope,tf.matmul,tf.name_scope,tf.nn.softmax,tf.random.normal,tf.random.set_seed,tf.random.uniform,tf.reduce_sum,tf.reshape,tf.set_seed,tf.shape,tf.string,tf.tpu.experimental.initialize_tpu_system,tf.train.Coordinator,tf.transpose"
165861,8,"tf.TensorShape,tf.compat.dimension_value,tf.executing_eagerly,tf.float32,tf.pad,tf.random.normal,tf.test.is_built_with_rocm,tf.test.is_built_with_xla"
165870,6,"tf.abs,tf.compat.v1.local_variables_initializer,tf.constant,tf.custom_gradient,tf.float32,tf.keras.backend.cast_to_floatx"
165873,26,"tf.Module,tf.Variable,tf.compat.v1.Graph,tf.compat.v1.Session,tf.compat.v1.disable_eager_execution,tf.compat.v1.enable_eager_execution,tf.compat.v1.get_variable,tf.compat.v1.global_variables_initializer,tf.compat.v1.linalg.trace,tf.compat.v1.ones_initializer,tf.compat.v1.train.ChiefSessionCreator,tf.compat.v1.train.Saver,tf.compat.v1.train.Scaffold,tf.compat.v1.train.SessionCreator,tf.compat.v1.zeros_initializer,tf.constant,tf.errors.InvalidArgumentError,tf.experimental,tf.experimental.numpy,tf.experimental.numpy.trace,tf.float32,tf.linalg.trace,tf.profiler,tf.profiler.experimental,tf.profiler.experimental.client.trace,tf.random.normal"
165892,2,"tf.compat.v1.train.assert_global_step,tf.mlir.experimental.run_pass_pipeline"
165911,25,"tf.Assert,tf.Module,tf.Variable,tf.compat.v1.disable_control_flow_v2,tf.compat.v1.enable_v2_behavior,tf.compat.v1.math.add,tf.compat.v1.math.log1p,tf.concat,tf.cond,tf.debugging.assert_equal,tf.debugging.assert_less_equal,tf.equal,tf.experimental,tf.experimental.numpy,tf.experimental.numpy.add,tf.experimental.numpy.log1p,tf.function,tf.keras.Model,tf.keras.layers.add,tf.keras.ops.add,tf.keras.ops.log1p,tf.matmul,tf.random.normal,tf.shape,tf.zeros_like"
165948,9,"tf.Module,tf.constant,tf.equal,tf.function,tf.int32,tf.keras.backend.ctc_label_dense_to_sparse,tf.nn.collapse_repeated,tf.reduce_all,tf.signal.inverse_stft"
165951,8,"tf.compat.v1.feature_column.linear_model,tf.constant,tf.float64,tf.keras.tree.map_structure_up_to,tf.linalg.inv,tf.linalg.lu,tf.linalg.lu_solve,tf.linalg.matmul"
165964,17,"tf.compat.v1.math.multiply_no_nan,tf.compat.v1.math.negative,tf.complex64,tf.config.list_physical_devices,tf.constant,tf.device,tf.errors.ResourceExhaustedError,tf.experimental.numpy.conjugate,tf.experimental.numpy.geomspace,tf.experimental.numpy.negative,tf.experimental.numpy.vdot,tf.float32,tf.keras.ops.negative,tf.keras.ops.vdot,tf.math.multiply_no_nan,tf.math.negative,tf.ones"
166042,19,"tf.SparseTensor,tf.bfloat16,tf.compat.v1.tpu.PaddingSpec,tf.compat.v1.tpu.PaddingSpec.AUTO,tf.compat.v1.tpu.PaddingSpec.POWER_OF_TWO,tf.constant,tf.equal,tf.float32,tf.function,tf.io.VarLenFeature,tf.io.parse_single_example,tf.io.serialize_sparse,tf.keras.backend.backend,tf.keras.backend.epsilon,tf.reduce_all,tf.train.BytesList,tf.train.Example,tf.train.Feature,tf.train.Features"
166068,3,"tf.compat.v1.tpu.PaddingSpec,tf.experimental.enable_strict_mode,tf.tpu.experimental.DeviceOrderMode"
166110,16,"tf.constant,tf.equal,tf.io.write_file,tf.keras.Model,tf.keras.activations.relu,tf.keras.backend.relu,tf.keras.initializers.HeNormal,tf.keras.initializers.HeUniform,tf.keras.initializers.LecunNormal,tf.keras.layers.Dense,tf.keras.models.load_model,tf.keras.ops.relu,tf.lite.TFLiteConverter.from_keras_model,tf.nn.relu,tf.random.normal,tf.reduce_all"
166176,11,"tf.Module,tf.cond,tf.constant,tf.control_dependencies,tf.equal,tf.experimental.dtensor,tf.experimental.dtensor.DTensorCheckpoint,tf.ones,tf.raw_ops.ZerosLike,tf.reduce_all,tf.zeros_like"
166245,37,"tf.Variable,tf.cast,tf.clip_by_value,tf.concat,tf.config.list_physical_devices,tf.constant,tf.convert_to_tensor,tf.device,tf.equal,tf.experimental,tf.experimental.dtensor.num_clients,tf.experimental.numpy.rot90,tf.fill,tf.float32,tf.function,tf.gather,tf.image.rot90,tf.int16,tf.int32,tf.int64,tf.keras.backend.repeat_elements,tf.keras.backend.variable,tf.keras.callbacks.CSVLogger,tf.keras.layers.Cropping1D,tf.keras.layers.Dense,tf.keras.layers.UpSampling1D,tf.keras.metrics.TopKCategoricalAccuracy,tf.keras.metrics.categorical_accuracy,tf.keras.metrics.top_k_categorical_accuracy,tf.keras.models.Sequential,tf.minimum,tf.random.set_seed,tf.random.uniform,tf.reduce_all,tf.shape,tf.split,tf.squeeze"
166253,17,"tf.TensorShape,tf.compat.v1.Session,tf.compat.v1.disable_eager_execution,tf.compat.v1.global_variables_initializer,tf.compat.v1.placeholder,tf.compat.v1.train.SessionRunArgs,tf.constant,tf.distribute.experimental.partitioners,tf.distribute.experimental.partitioners.Partitioner,tf.fill,tf.float32,tf.float64,tf.function,tf.reduce_all,tf.test.TestCase,tf.test.is_built_with_xla,tf.test.main"
166270,35,"tf.GradientTape,tf.TensorShape,tf.Variable,tf.autograph.experimental.do_not_convert,tf.bool,tf.cast,tf.compat.v1.data.get_output_shapes,tf.complex128,tf.complex64,tf.constant,tf.data.Dataset.from_tensor_slices,tf.debugging.set_log_device_placement,tf.equal,tf.experimental.numpy.tril,tf.experimental.numpy.triu,tf.float32,tf.function,tf.int32,tf.keras.ops.tril,tf.keras.ops.triu,tf.keras.optimizer_v1.SGD,tf.keras.optimizers.RMSprop,tf.keras.optimizers.SGD,tf.lite.OpsSet.TFLITE_BUILTINS,tf.lite.TFLiteConverter.from_concrete_functions,tf.lite.experimental.Analyzer,tf.lite.experimental.Analyzer.analyze,tf.math.real,tf.random.set_seed,tf.random.uniform,tf.reduce_all,tf.reshape,tf.split,tf.squeeze,tf.stack"
166279,20,"tf.TensorShape,tf.bool,tf.cast,tf.concat,tf.equal,tf.errors.OperatorNotAllowedInGraphError,tf.float32,tf.function,tf.int32,tf.math.ceil,tf.math.log,tf.maximum,tf.pad,tf.pow,tf.python.tpu.tpu,tf.random.uniform,tf.reduce_all,tf.shape,tf.split,tf.squeeze"
166290,43,"tf.GradientTape,tf.Module,tf.TensorShape,tf.TensorSpec,tf.Variable,tf.autograph.experimental.do_not_convert,tf.bool,tf.cast,tf.compat.v1.data.get_output_shapes,tf.constant,tf.equal,tf.experimental.numpy,tf.experimental.numpy.tril,tf.experimental.numpy.triu,tf.fill,tf.float32,tf.function,tf.gather,tf.int32,tf.int64,tf.keras.ops.tril,tf.keras.ops.triu,tf.keras.optimizers.RMSprop,tf.keras.optimizers.SGD,tf.lite.Interpreter,tf.lite.OpsSet.TFLITE_BUILTINS,tf.lite.TFLiteConverter.from_concrete_functions,tf.lite.experimental.Analyzer,tf.lite.experimental.Analyzer.analyze,tf.lite.python.test_util.get_output_shapes,tf.math.real,tf.ones,tf.ones_like,tf.random.normal_initializer,tf.random.set_seed,tf.random.uniform,tf.reduce_all,tf.reduce_mean,tf.shape,tf.split,tf.square,tf.squeeze,tf.tpu.experimental.embedding.SGD"
166305,53,"tf.GradientTape,tf.TensorSpec,tf.Variable,tf.cast,tf.compat.v1,tf.compat.v1.ConfigProto,tf.compat.v1.FIFOQueue,tf.compat.v1.Session,tf.compat.v1.disable_eager_execution,tf.compat.v1.enable_eager_execution,tf.compat.v1.global_variables_initializer,tf.compat.v1.local_variables_initializer,tf.compat.v1.name_scope,tf.compat.v1.train.Coordinator,tf.compat.v1.train.GradientDescentOptimizer,tf.compat.v1.train.QueueRunner,tf.compat.v1.train.add_queue_runner,tf.compat.v1.train.range_input_producer,tf.compat.v1.train.start_queue_runners,tf.compat.v1.train.string_input_producer,tf.config.experimental_connect_to_cluster,tf.config.list_physical_devices,tf.constant,tf.custom_gradient,tf.distribute.MirroredStrategy,tf.distribute.ReduceOp.SUM,tf.distribute.TPUStrategy,tf.distribute.cluster_resolver.TPUClusterResolver,tf.errors.OutOfRangeError,tf.experimental.dtensor,tf.experimental.dtensor.copy_to_mesh,tf.float32,tf.function,tf.keras.Input,tf.keras.Model,tf.keras.Sequential,tf.keras.backend.name_scope,tf.keras.layers.Conv2D,tf.keras.layers.Lambda,tf.keras.layers.Layer,tf.keras.losses.MeanSquaredError,tf.keras.losses.mse,tf.keras.name_scope,tf.keras.optimizers.SGD,tf.math.is_finite,tf.name_scope,tf.nn.conv2d,tf.py_func,tf.random.normal,tf.reduce_mean,tf.square,tf.strings.to_number,tf.tpu.experimental.initialize_tpu_system"
166319,56,"tf.GradientTape,tf.Variable,tf.broadcast_to,tf.cast,tf.compat.v1.FIFOQueue,tf.compat.v1.Graph,tf.compat.v1.GraphKeys.QUEUE_RUNNERS,tf.compat.v1.Session,tf.compat.v1.disable_eager_execution,tf.compat.v1.enable_eager_execution,tf.compat.v1.get_collection,tf.compat.v1.global_variables_initializer,tf.compat.v1.local_variables_initializer,tf.compat.v1.name_scope,tf.compat.v1.queue,tf.compat.v1.tpu.batch_parallel,tf.compat.v1.train.Coordinator,tf.compat.v1.train.QueueRunner,tf.compat.v1.train.add_queue_runner,tf.compat.v1.train.batch,tf.compat.v1.train.range_input_producer,tf.compat.v1.train.start_queue_runners,tf.compat.v1.train.string_input_producer,tf.concat,tf.config.experimental_connect_to_cluster,tf.constant,tf.distribute.TPUStrategy,tf.distribute.cluster_resolver.TPUClusterResolver,tf.distribute.get_strategy,tf.dtypes.is_complex,tf.equal,tf.experimental.dtensor,tf.experimental.dtensor.copy_to_mesh,tf.float32,tf.function,tf.gather,tf.gather_nd,tf.int32,tf.int64,tf.keras.backend.name_scope,tf.keras.name_scope,tf.math.real,tf.multiply,tf.name_scope,tf.newaxis,tf.random.set_seed,tf.random.uniform,tf.range,tf.reduce_all,tf.reshape,tf.shape,tf.split,tf.squeeze,tf.stack,tf.tile,tf.tpu.experimental.initialize_tpu_system"
166413,11,"tf.compat.v1.resource_loader.readahead_file_path,tf.compat.v1.train,tf.float32,tf.int64,tf.io.VarLenFeature,tf.keras,tf.keras.initializers.HeNormal,tf.keras.initializers.LecunNormal,tf.keras.layers.Dense,tf.keras.layers.TimeDistributed,tf.raw_ops.HashTable"
166582,29,"tf.cast,tf.clip_by_value,tf.compat.v1.ConfigProto,tf.compat.v1.Graph,tf.compat.v1.Session,tf.compat.v1.disable_eager_execution,tf.compat.v1.get_default_graph,tf.compat.v1.get_variable,tf.compat.v1.global_variables_initializer,tf.compat.v1.placeholder,tf.compat.v1.random_normal_initializer,tf.compat.v1.train.MonitoredSession,tf.compat.v1.train.SessionCreator,tf.compat.v1.user_ops.my_fact,tf.compat.v1.zeros_initializer,tf.device,tf.float32,tf.int32,tf.int8,tf.io.VarLenFeature,tf.keras,tf.keras.Sequential,tf.keras.backend.backend,tf.keras.backend.epsilon,tf.keras.layers.Layer,tf.matmul,tf.nn.bias_add,tf.round,tf.summary.experimental.get_step"
166630,5,"tf.VariableAggregation,tf.VariableAggregation.MEAN,tf.compat.v1.VariableAggregation.MEAN,tf.config.experimental.tensor_float_32_execution_enabled,tf.experimental.enable_strict_mode"
166797,22,"tf.Module,tf.SparseTensor,tf.autograph.trace,tf.compat.v1.estimator.ModeKeys.PREDICT,tf.compat.v1.tpu.TPUEstimatorSpec,tf.float32,tf.function,tf.io.VarLenFeature,tf.io.parse_single_example,tf.keras.Sequential,tf.keras.backend.backend,tf.keras.layers.BatchNormalization,tf.keras.layers.Conv2D,tf.keras.layers.ReLU,tf.python.tpu,tf.python.tpu.tpu,tf.python.tpu.tpu.replicate,tf.random.normal,tf.train.Example,tf.train.Feature,tf.train.Features,tf.train.FloatList"
166841,14,"tf.Module,tf.Variable,tf.config.list_physical_devices,tf.constant,tf.device,tf.errors.InvalidArgumentError,tf.experimental.numpy.add,tf.float32,tf.function,tf.keras.activations.relu,tf.keras.activations_relu,tf.keras.backend.relu,tf.keras.ops.add,tf.math.add"
166888,13,"tf.cast,tf.clip_by_value,tf.constant,tf.experimental.numpy,tf.experimental.numpy.ndim,tf.float32,tf.function,tf.keras,tf.keras.backend.floatx,tf.keras.backend.ndim,tf.keras.ops.ndim,tf.random.normal,tf.reduce_all"
166900,21,"tf.Module,tf.Tensor,tf.TensorSpec,tf.Variable,tf.config.list_logical_devices,tf.float32,tf.function,tf.keras.Sequential,tf.keras.backend.get_value,tf.keras.backend.set_value,tf.keras.layers.Lambda,tf.keras.layers.Layer,tf.keras.models.load_model,tf.keras.models.save_model,tf.keras.utils.register_keras_serializable,tf.ones,tf.python.framework,tf.python.framework.composite_tensor,tf.python.util.nest,tf.saved_model.Asset,tf.saved_model.save"
166918,21,"tf.abs,tf.compat.v1.math.add,tf.cond,tf.constant,tf.debugging.assert_near,tf.distribute.MirroredStrategy,tf.distribute.get_replica_context,tf.equal,tf.experimental.numpy.add,tf.experimental.numpy.log1p,tf.float32,tf.function,tf.keras.layers.Add,tf.keras.layers.add,tf.keras.ops,tf.keras.ops.add,tf.keras.ops.log1p,tf.math.log1p,tf.reduce_all,tf.zeros,tf.zeros_like"
167064,19,"tf.compat.v1.gather,tf.constant,tf.equal,tf.function,tf.gather,tf.keras.activations.relu,tf.keras.backend.epsilon,tf.keras.backend.floatx,tf.keras.backend.gather,tf.keras.backend.image_data_format,tf.keras.backend.relu,tf.keras.backend.set_floatx,tf.keras.ops.relu,tf.nn.relu,tf.nn.sparse_softmax_cross_entropy_with_logits,tf.python.framework.experimental,tf.random.set_seed,tf.random.uniform,tf.reduce_all"
167154,26,"tf.broadcast_to,tf.cast,tf.compat.v1.math.special.bessel_j0,tf.compat.v1.math.special.bessel_j1,tf.compat.v1.math.special.bessel_y1,tf.compat.v1.string_to_hash_bucket,tf.config.list_physical_devices,tf.constant,tf.device,tf.equal,tf.errors.InternalError,tf.errors.InvalidArgumentError,tf.float32,tf.int32,tf.keras.regularizers.L1L2,tf.math.sobol_sample,tf.math.special.bessel_j0,tf.math.special.bessel_j1,tf.math.special.bessel_y0,tf.math.special.bessel_y1,tf.random.uniform,tf.range,tf.reduce_all,tf.reduce_prod,tf.reshape,tf.string"
167263,24,"tf.GradientTape,tf.Variable,tf.argsort,tf.cast,tf.complex,tf.einsum,tf.experimental.numpy,tf.experimental.numpy.argsort,tf.experimental.numpy.asanyarray,tf.experimental.numpy.asarray,tf.experimental.numpy.ascontiguousarray,tf.experimental.numpy.enable_numpy_behavior,tf.experimental.numpy.iscomplexobj,tf.experimental.numpy.isrealobj,tf.experimental.numpy.ix_,tf.float32,tf.gather,tf.keras.layers.Dense,tf.keras.ops.hstack,tf.ones_like,tf.random.normal,tf.reduce_sum,tf.reshape,tf.transpose"
167319,8,"tf.compat.v1.tpu.PaddingSpec,tf.io.VarLenFeature,tf.keras.Sequential,tf.keras.layers.Dense,tf.keras.optimizers,tf.keras.optimizers.AdamW,tf.python.tpu.tpu,tf.train.Checkpoint"
167369,24,"tf.cast,tf.constant,tf.equal,tf.float32,tf.function,tf.keras,tf.keras.constraints.serialize,tf.keras.initializers.Initializer,tf.keras.initializers.serialize,tf.keras.layers.Layer,tf.keras.layers.serialize,tf.keras.losses.serialize,tf.keras.metrics.Metric,tf.keras.metrics.serialize,tf.keras.optimizers.schedules,tf.keras.optimizers.serialize,tf.keras.quantizers.serialize,tf.keras.regularizers.Regularizer,tf.keras.regularizers.serialize,tf.ones,tf.random.normal,tf.reduce_all,tf.reduce_sum,tf.strings.length"
167462,22,"tf.compat.v1.distributions.Categorical,tf.compat.v1.nn.ctc_beam_search_decoder,tf.config.list_physical_devices,tf.constant,tf.custom_gradient,tf.device,tf.distribute.get_replica_context,tf.errors.InvalidArgumentError,tf.exp,tf.float16,tf.float32,tf.int32,tf.keras.ops.custom_gradient,tf.linalg.lu,tf.linalg.lu_solve,tf.math.log,tf.math.top_k,tf.nn.ctc_beam_search_decoder,tf.random.normal,tf.random.uniform,tf.test.is_gpu_available,tf.zeros_like"
167515,23,"tf.GradientTape,tf.bool,tf.cast,tf.compat.v1.train.SessionRunValues,tf.config.LogicalDevice,tf.config.PhysicalDevice,tf.config.list_logical_devices,tf.config.list_physical_devices,tf.constant,tf.device,tf.errors.OperatorNotAllowedInGraphError,tf.float32,tf.function,tf.int32,tf.math.is_nan,tf.random.normal,tf.reduce_any,tf.reduce_sum,tf.sysconfig.get_build_info,tf.test.TestCase,tf.test.is_built_with_cuda,tf.test.is_built_with_rocm,tf.test.main"
167602,37,"tf.RaggedTensor.from_row_splits,tf.RaggedTensorSpec,tf.config.experimental.set_memory_growth,tf.config.list_physical_devices,tf.constant,tf.debugging.assert_all_finite,tf.device,tf.distribute.MirroredStrategy,tf.distribute.in_cross_replica_context,tf.equal,tf.errors.InternalError,tf.errors.OpError,tf.float16,tf.int32,tf.int64,tf.io.gfile.copy,tf.io.gfile.exists,tf.io.gfile.remove,tf.io.read_file,tf.io.serialize_tensor,tf.io.write_file,tf.keras,tf.keras.Input,tf.keras.Model,tf.keras.Sequential,tf.keras.backend.get_uid,tf.keras.callbacks.LambdaCallback,tf.keras.layers.Conv2D,tf.keras.layers.Dense,tf.keras.layers.GlobalAveragePooling2D,tf.keras.layers.MultiHeadAttention,tf.keras.losses.SparseCategoricalCrossentropy,tf.keras.metrics.SparseCategoricalCrossentropy,tf.nn.conv2d,tf.random.normal,tf.random.uniform,tf.reduce_all"
167639,53,"tf.GradientTape,tf.Graph,tf.Module,tf.Variable,tf.abs,tf.compat.v1,tf.compat.v1.GraphKeys.GLOBAL_VARIABLES,tf.compat.v1.Session,tf.compat.v1.disable_eager_execution,tf.compat.v1.disable_v2_behavior,tf.compat.v1.enable_eager_execution,tf.compat.v1.get_collection,tf.compat.v1.global_variables_initializer,tf.compat.v1.layers.Dense,tf.compat.v1.local_variables_initializer,tf.compat.v1.name_scope,tf.compat.v1.queue.FIFOQueue,tf.compat.v1.reset_default_graph,tf.compat.v1.tpu.batch_parallel,tf.compat.v1.train.Coordinator,tf.compat.v1.train.QueueRunner,tf.compat.v1.train.add_queue_runner,tf.compat.v1.train.range_input_producer,tf.compat.v1.train.start_queue_runners,tf.compat.v1.train.string_input_producer,tf.compat.v1.variable_scope,tf.compat.v1.variables_initializer,tf.config.list_physical_devices,tf.device,tf.errors.NotFoundError,tf.experimental.CUDAGraph,tf.experimental.dtensor,tf.float32,tf.function,tf.get_variable,tf.keras.Input,tf.keras.Model,tf.keras.backend.name_scope,tf.keras.layers.Dense,tf.keras.layers.ReLU,tf.keras.name_scope,tf.matmul,tf.name_scope,tf.nn.relu,tf.random.normal,tf.random.set_seed,tf.random.uniform,tf.random_normal_initializer,tf.reduce_all,tf.test.is_gpu_available,tf.xla.experimental.compile,tf.zeros,tf.zeros_initializer"
167644,22,"tf.Module,tf.Tensor,tf.Variable,tf.compat.v1,tf.compat.v1.disable_v2_behavior,tf.compat.v1.reset_default_graph,tf.constant,tf.debugging.enable_traceback_filtering,tf.distribute.HierarchicalCopyAllReduce,tf.distribute.MirroredStrategy,tf.experimental.BatchableExtensionType,tf.function,tf.int32,tf.keras.config.enable_traceback_filtering,tf.map_fn,tf.python.util,tf.random.Generator.from_seed,tf.random.get_global_generator,tf.random.set_global_generator,tf.saved_model.SaveOptions,tf.saved_model.save,tf.test.is_built_with_rocm"
167707,27,"tf.Module,tf.Tensor,tf.Variable,tf.abs,tf.compat.as_bytes,tf.compat.v1.depth_to_space,tf.compat.v1.nn.depth_to_space,tf.compat.v1.nn.space_to_depth,tf.compat.v1.space_to_depth,tf.config.list_physical_devices,tf.constant,tf.device,tf.experimental.numpy.roll,tf.float32,tf.keras.utils.get_registered_object,tf.math.is_finite,tf.nn.depth_to_space,tf.nn.space_to_depth,tf.not_equal,tf.profiler.experimental.start,tf.profiler.experimental.stop,tf.random.normal,tf.reduce_all,tf.reduce_any,tf.reduce_sum,tf.saved_model.experimental.read_fingerprint,tf.saved_model.save"
167716,29,"tf.SparseTensor,tf.compat.v1.Session,tf.compat.v1.disable_eager_execution,tf.compat.v1.placeholder,tf.compat.v1.sparse_placeholder,tf.constant,tf.equal,tf.experimental,tf.experimental.dtensor.jobs,tf.experimental.dtensor.num_clients,tf.experimental.numpy,tf.experimental.numpy.asarray,tf.experimental.numpy.diff,tf.experimental.numpy.swapaxes,tf.experimental.numpy.take,tf.float32,tf.gather,tf.int64,tf.keras.ops.diagonal,tf.keras.ops.diff,tf.keras.ops.swapaxes,tf.keras.ops.take,tf.reduce_all,tf.reshape,tf.sparse.SparseTensor,tf.sparse.matmul,tf.sparse.reorder,tf.sparse.to_dense,tf.transpose"
167727,32,"tf.GradientTape,tf.bfloat16,tf.cast,tf.compat.v1.convert_to_tensor,tf.compat.v1.tpu.bfloat16_scope,tf.complex,tf.complex64,tf.config.list_physical_devices,tf.constant,tf.convert_to_tensor,tf.debugging.assert_near,tf.device,tf.errors.InvalidArgumentError,tf.experimental.numpy.iscomplexobj,tf.float32,tf.keras.backend.random_normal,tf.keras.backend.random_uniform,tf.keras.backend.stop_gradient,tf.keras.ops.convert_to_tensor,tf.keras.ops.stop_gradient,tf.linalg.matmul,tf.math.is_inf,tf.math.is_nan,tf.math.real,tf.matmul,tf.random.normal,tf.random.uniform,tf.reduce_all,tf.reduce_any,tf.reduce_sum,tf.stop_gradient,tf.zeros_like"
167745,18,"tf.GradientTape,tf.TensorSpec,tf.TensorSpec.from_tensor,tf.compat.v1.Summary,tf.compat.v1.Summary.Value,tf.compat.v1.executing_eagerly_outside_functions,tf.compat.v1.summary.FileWriter,tf.constant,tf.custom_gradient,tf.data.Dataset.from_tensor_slices,tf.data.experimental.enable_debug_mode,tf.equal,tf.executing_eagerly,tf.function,tf.keras.backend.eval,tf.keras.backend.variable,tf.keras.ops.custom_gradient,tf.reduce_all"
167767,13,"tf.clip_by_value,tf.compat.v1.ConfigProto,tf.compat.v1.Session,tf.compat.v1.disable_eager_execution,tf.compat.v1.train.ChiefSessionCreator,tf.compat.v1.train.Scaffold,tf.constant,tf.float32,tf.keras.backend.floatx,tf.keras.backend.set_floatx,tf.maximum,tf.reduce_all,tf.zeros"
167789,8,"tf.autograph.trace,tf.constant,tf.experimental.numpy.trace,tf.function,tf.keras.backend.epsilon,tf.keras.backend.floatx,tf.keras.backend.set_epsilon,tf.ones"
167924,18,"tf.abs,tf.compat.v1.executing_eagerly,tf.compat.v1.local_variables_initializer,tf.compat.v1.math.exp,tf.constant,tf.custom_gradient,tf.equal,tf.experimental.numpy.exp,tf.float32,tf.int32,tf.keras.ops.custom_gradient,tf.keras.ops.exp,tf.linalg.LinearOperatorScaledIdentity,tf.math.exp,tf.range,tf.reduce_all,tf.repeat,tf.zeros_like"
167974,5,"tf.constant,tf.experimental.dlpack.to_dlpack,tf.int64,tf.keras.backend.ndim,tf.keras.ops.ndim"
167977,6,"tf.Variable,tf.distribute.MirroredStrategy,tf.experimental.dtensor.get_default_mesh,tf.test.TestCase,tf.test.main,tf.types.experimental.distributed.Mirrored"
168071,15,"tf.TensorShape,tf.Variable,tf.clip_by_norm,tf.compat.v1.batch_scatter_update,tf.constant,tf.experimental.dtensor.Mesh,tf.float32,tf.int32,tf.keras.backend.one_hot,tf.keras.ops.one_hot,tf.nn.atrous_conv2d_transpose,tf.nn.max_pool1d,tf.one_hot,tf.ragged.stack_dynamic_partitions,tf.zeros"
168134,33,"tf.TensorSpec,tf.bool,tf.cast,tf.compat.v1.enable_eager_execution,tf.constant,tf.data.Dataset.from_generator,tf.data.Dataset.from_tensor_slices,tf.data.experimental,tf.data.experimental.pad_to_cardinality,tf.distribute.MirroredStrategy,tf.distribute.experimental.CentralStorageStrategy,tf.distribute.get_replica_context,tf.experimental,tf.experimental.dtensor.name_based_restore,tf.float32,tf.function,tf.int32,tf.int64,tf.keras.backend.get_value,tf.keras.backend.repeat_elements,tf.keras.constraints.MinMaxNorm,tf.keras.layers.Masking,tf.math.ceil,tf.minimum,tf.pad,tf.print,tf.reshape,tf.shape,tf.test.Benchmark,tf.test.TestCase,tf.test.main,tf.test.skip,tf.train.Checkpoint"
168240,35,"tf.GradientTape,tf.compat.v1.FIFOQueue,tf.compat.v1.Session,tf.compat.v1.disable_eager_execution,tf.compat.v1.distributions.FULLY_REPARAMETERIZED,tf.compat.v1.distributions.Normal,tf.compat.v1.distributions.ReparameterizationType,tf.compat.v1.local_variables_initializer,tf.compat.v1.tpu.rewrite,tf.compat.v1.train.Coordinator,tf.compat.v1.train.QueueRunner,tf.config.experimental_connect_to_cluster,tf.constant,tf.data.Dataset.from_tensor_slices,tf.data.experimental.snapshot,tf.debugging.assert_near,tf.debugging.enable_check_numerics,tf.distribute.cluster_resolver.TPUClusterResolver,tf.float32,tf.function,tf.keras.Input,tf.keras.Model,tf.keras.Sequential,tf.keras.applications.MobileNetV2,tf.keras.layers.Dense,tf.keras.layers.InputLayer,tf.keras.layers.RNN,tf.keras.layers.SimpleRNNCell,tf.keras.layers.SpatialDropout1D,tf.keras.models.clone_model,tf.keras.models.load_model,tf.random.normal,tf.random.uniform,tf.tpu.experimental.initialize_tpu_system,tf.xla.experimental.compile"
168251,40,"tf.Variables,tf.compat.v1.GraphKeys.QUEUE_RUNNERS,tf.compat.v1.Session,tf.compat.v1.disable_eager_execution,tf.compat.v1.enable_eager_execution,tf.compat.v1.get_collection,tf.compat.v1.global_variables_initializer,tf.compat.v1.local_variables_initializer,tf.compat.v1.name_scope,tf.compat.v1.queue.FIFOQueue,tf.compat.v1.tpu.batch_parallel,tf.compat.v1.train.Coordinator,tf.compat.v1.train.add_queue_runner,tf.compat.v1.train.range_input_producer,tf.compat.v1.train.start_queue_runners,tf.compat.v1.train.string_input_producer,tf.config.experimental_connect_to_cluster,tf.constant,tf.distribute.cluster_resolver.TPUClusterResolver,tf.exp,tf.experimental.dtensor,tf.experimental.dtensor.copy_to_mesh,tf.float32,tf.function,tf.keras.Model,tf.keras.Sequential,tf.keras.backend.name_scope,tf.keras.layers.Dense,tf.keras.name_scope,tf.matmul,tf.name_scope,tf.nn.relu,tf.nn.sigmoid,tf.random.normal,tf.reshape,tf.shape,tf.tpu.experimental.initialize_tpu_system,tf.train.Coordinator,tf.train.QueueRunner,tf.train.start_queue_runners"
168373,19,"tf.Module,tf.autograph.trace,tf.compat.v1.Graph,tf.compat.v1.Session,tf.compat.v1.linalg.trace,tf.constant,tf.errors,tf.errors.UnimplementedError,tf.eye,tf.float32,tf.function,tf.keras.ops.trace,tf.linalg.trace,tf.python.autograph.utils.ag_logging,tf.python.autograph.utils.ag_logging.trace,tf.python.platform.benchmark,tf.random.normal,tf.sin,tf.test.benchmark_config"
