file,returncode,category,generation_status,stdout,stderr
159974_pytorch_to_pytorch_1.output.log,0,Success,生成成功,"Skipping test: WORLD_SIZE must be > 1 for distributed reduce.
",
159974_pytorch_to_pytorch_10.output.log,0,Success,生成成功,"Skipping test: Failed to initialize process group with backend 'ccl'. Invalid backend: 'ccl'
",
159974_pytorch_to_pytorch_2.output.log,1,API Misuse,生成失败,"Running test on device: cuda
eager mode passed
","Traceback (most recent call last):
  File ""/home/ubuntu/SYAN/GRADUATE/TeRL/Step4-RunTestCase/final-data/single_reuse_test_case/159974_pytorch_to_pytorch_2.output.py"", line 26, in <module>
    prod_func_compiled = torch.compile(prod_func)
AttributeError: module 'torch' has no attribute 'compile'
"
159974_pytorch_to_pytorch_3.output.log,1,API Misuse,生成失败,,"Traceback (most recent call last):
  File ""/home/ubuntu/SYAN/GRADUATE/TeRL/Step4-RunTestCase/final-data/single_reuse_test_case/159974_pytorch_to_pytorch_3.output.py"", line 11, in <module>
    @torch.library.register_fake(""test_xpu_lib::custom_addcmul"")
AttributeError: module 'torch.library' has no attribute 'register_fake'
"
159974_pytorch_to_pytorch_4.output.log,1,API Misuse,生成失败,"Warning: XPU device not available. Falling back to CPU for testing.
eager mode passed
","Traceback (most recent call last):
  File ""/home/ubuntu/SYAN/GRADUATE/TeRL/Step4-RunTestCase/final-data/single_reuse_test_case/159974_pytorch_to_pytorch_4.output.py"", line 25, in <module>
    all_func_compiled = torch.compile(all_func)
AttributeError: module 'torch' has no attribute 'compile'
"
159974_pytorch_to_pytorch_5.output.log,0,Success,生成成功,"Skipping test: XPU device is not available or PyTorch is not compiled with XPU support.
",
159974_pytorch_to_pytorch_6.output.log,1,API Misuse,生成失败,"Warning: XPU device not found. Using CPU instead.
eager mode passed on cpu
","Traceback (most recent call last):
  File ""/home/ubuntu/SYAN/GRADUATE/TeRL/Step4-RunTestCase/final-data/single_reuse_test_case/159974_pytorch_to_pytorch_6.output.py"", line 32, in <module>
    lobpcg_func_compiled = torch.compile(lobpcg_func)
AttributeError: module 'torch' has no attribute 'compile'
"
159974_pytorch_to_pytorch_7.output.log,0,Success,生成成功,"Rank 1: XPU is not available. Skipping test.
Rank 0: XPU is not available. Skipping test.
",
159974_pytorch_to_pytorch_8.output.log,0,Success,生成成功,"This test is designed to run in a distributed environment.
Please run using torchrun, for example:
torchrun --nproc_per_node=2 <script_name>.py
",
159974_pytorch_to_pytorch_9.output.log,0,Success,生成成功,"Testing eager mode...
eager mode failed: PyTorch is not linked with support for xpu devices
Testing torch.compile...
torch.compile failed: module 'torch' has no attribute 'compile'
",
160053_pytorch_to_pytorch_1.output.log,0,Success,生成成功,,
160053_pytorch_to_pytorch_10.output.log,0,Success,生成成功,"grid_sample with padding_mode='circular' raised unexpected error: ValueError: nn.functional.grid_sample(): expected padding_mode to be 'zeros', 'border', or 'reflection', but got: 'circular'
",
160053_pytorch_to_pytorch_2.output.log,0,Success,生成成功,"Test passed: MaxUnpool3d works correctly with 5D input.
",
160053_pytorch_to_pytorch_3.output.log,0,Success,生成成功,"Test failed with unexpected error: conv3d() received an invalid combination of arguments - got (Tensor, Tensor, padding_mode=str, padding=int), but expected one of:
 * (Tensor input, Tensor weight, Tensor bias, tuple of ints stride, tuple of ints padding, tuple of ints dilation, int groups)
 * (Tensor input, Tensor weight, Tensor bias, tuple of ints stride, str padding, tuple of ints dilation, int groups)

",
160053_pytorch_to_pytorch_4.output.log,0,Success,生成成功,"Test passed: torch.nn.functional.conv2d handles 4D input and padding correctly.
",
160053_pytorch_to_pytorch_5.output.log,1,Unknown Failure,生成失败,"Unexpected error: 1D target tensor expects 2D input tensors, but found inputs with sizes [2, 2, 2, 2] and [2, 2, 2, 2].
","Traceback (most recent call last):
  File ""/home/ubuntu/SYAN/GRADUATE/TeRL/Step4-RunTestCase/final-data/single_reuse_test_case/160053_pytorch_to_pytorch_5.output.py"", line 37, in <module>
    test_cosine_embedding_loss_4d()
  File ""/home/ubuntu/SYAN/GRADUATE/TeRL/Step4-RunTestCase/final-data/single_reuse_test_case/160053_pytorch_to_pytorch_5.output.py"", line 19, in test_cosine_embedding_loss_4d
    output = criterion(input1, input2, target)
  File ""/home/ubuntu/miniconda3/envs/TeRL-Running/lib/p"
160053_pytorch_to_pytorch_6.output.log,0,Success,生成成功,,
160053_pytorch_to_pytorch_7.output.log,0,Success,生成成功,,
160053_pytorch_to_pytorch_8.output.log,0,Success,生成成功,"Test passed: torch.special.gammaincc works with 4D inputs.
",
160053_pytorch_to_pytorch_9.output.log,0,Success,生成成功,"Test passed: MSELoss works with 4D inputs.
",
160074_pytorch_to_pytorch_1.output.log,1,API Misuse,生成失败,,"Traceback (most recent call last):
  File ""/home/ubuntu/SYAN/GRADUATE/TeRL/Step4-RunTestCase/final-data/single_reuse_test_case/160074_pytorch_to_pytorch_1.output.py"", line 31, in <module>
    compiled_reduce = torch.compile(dist.reduce, fullgraph=True)
AttributeError: module 'torch' has no attribute 'compile'
"
160074_pytorch_to_pytorch_10.output.log,0,Success,生成成功,"Test passed: torch.distributed.gather_object verified successfully.
",
160074_pytorch_to_pytorch_2.output.log,1,API Misuse,生成失败,"torch.compile is not available in this environment. Running in eager mode.
","Traceback (most recent call last):
  File ""/home/ubuntu/SYAN/GRADUATE/TeRL/Step4-RunTestCase/final-data/single_reuse_test_case/160074_pytorch_to_pytorch_2.output.py"", line 17, in <module>
    with torch.device(""cuda""):
AttributeError: __enter__
"
160074_pytorch_to_pytorch_3.output.log,1,Missing Dependency,执行失败,,"Traceback (most recent call last):
  File ""/home/ubuntu/SYAN/GRADUATE/TeRL/Step4-RunTestCase/final-data/single_reuse_test_case/160074_pytorch_to_pytorch_3.output.py"", line 3, in <module>
    from torch.library import Library, impl_abstract, impl
ImportError: cannot import name 'impl_abstract' from 'torch.library' (/home/ubuntu/miniconda3/envs/TeRL-Running/lib/python3.7/site-packages/torch/library.py)
"
160074_pytorch_to_pytorch_4.output.log,1,API Misuse,生成失败,"Warning: torch.compile not found in this PyTorch version. Using a mock to proceed.
","Traceback (most recent call last):
  File ""/home/ubuntu/SYAN/GRADUATE/TeRL/Step4-RunTestCase/final-data/single_reuse_test_case/160074_pytorch_to_pytorch_4.output.py"", line 16, in <module>
    with torch.device(""cuda""):
AttributeError: __enter__
"
160074_pytorch_to_pytorch_5.output.log,0,Success,生成成功,"Skipping test: torch.compile is not available (requires PyTorch >= 2.0).
",
160074_pytorch_to_pytorch_6.output.log,1,API Misuse,生成失败,"Warning: torch.compile not found (requires PyTorch 2.0+). Running function directly without compilation.
","Traceback (most recent call last):
  File ""/home/ubuntu/SYAN/GRADUATE/TeRL/Step4-RunTestCase/final-data/single_reuse_test_case/160074_pytorch_to_pytorch_6.output.py"", line 19, in <module>
    with torch.device(""cuda""):
AttributeError: __enter__
"
160074_pytorch_to_pytorch_7.output.log,1,API Misuse,生成失败,,"Traceback (most recent call last):
  File ""/home/ubuntu/SYAN/GRADUATE/TeRL/Step4-RunTestCase/final-data/single_reuse_test_case/160074_pytorch_to_pytorch_7.output.py"", line 45, in <module>
    mp.spawn(test_send_object_list, args=(world_size,), nprocs=world_size, join=True)
  File ""/home/ubuntu/miniconda3/envs/TeRL-Running/lib/python3.7/site-packages/torch/multiprocessing/spawn.py"", line 240, in spawn
    return start_processes(fn, args, nprocs, join, daemon, start_method='spawn')
  File ""/home/u"
160074_pytorch_to_pytorch_8.output.log,0,Success,生成成功,"torch.compile is not available. This test requires PyTorch 2.0+. Skipping test.
",
160074_pytorch_to_pytorch_9.output.log,0,Success,生成成功,"Rank 1 verification passed.
",
160077_pytorch_to_pytorch_1.output.log,0,Success,生成成功,"Eager execution successful.
Compiled execution failed with AttributeError: module 'torch' has no attribute 'compile'
",
160077_pytorch_to_pytorch_10.output.log,1,API Misuse,生成失败,"Eager execution successful.
","Traceback (most recent call last):
  File ""/home/ubuntu/SYAN/GRADUATE/TeRL/Step4-RunTestCase/final-data/single_reuse_test_case/160077_pytorch_to_pytorch_10.output.py"", line 29, in <module>
    torch.compile(f, backend=backend)(xs)
AttributeError: module 'torch' has no attribute 'compile'
"
160077_pytorch_to_pytorch_2.output.log,0,Success,生成成功,"Eager execution:
Compiled execution:
AttributeError: module 'torch' has no attribute 'compile'
",
160077_pytorch_to_pytorch_3.output.log,1,API Misuse,生成失败,,"Traceback (most recent call last):
  File ""/home/ubuntu/SYAN/GRADUATE/TeRL/Step4-RunTestCase/final-data/single_reuse_test_case/160077_pytorch_to_pytorch_3.output.py"", line 21, in <module>
    torch.compile(f, backend=backend)(xs, idx)
AttributeError: module 'torch' has no attribute 'compile'
"
160077_pytorch_to_pytorch_4.output.log,1,Unknown Failure,生成失败,,"Traceback (most recent call last):
  File ""/home/ubuntu/SYAN/GRADUATE/TeRL/Step4-RunTestCase/final-data/single_reuse_test_case/160077_pytorch_to_pytorch_4.output.py"", line 24, in <module>
    f(input_tensor, h0)
  File ""/home/ubuntu/SYAN/GRADUATE/TeRL/Step4-RunTestCase/final-data/single_reuse_test_case/160077_pytorch_to_pytorch_4.output.py"", line 8, in f
    output, hn = rnn(input_tensor, h0)
  File ""/home/ubuntu/miniconda3/envs/TeRL-Running/lib/python3.7/site-packages/torch/nn/modules/module.py"
160077_pytorch_to_pytorch_5.output.log,0,Success,生成成功,"Running eager execution...
Eager execution succeeded.

Running compiled execution...
Compiled execution failed with AttributeError: module 'torch' has no attribute 'compile'
",
160077_pytorch_to_pytorch_6.output.log,1,API Misuse,生成失败,,"Traceback (most recent call last):
  File ""/home/ubuntu/SYAN/GRADUATE/TeRL/Step4-RunTestCase/final-data/single_reuse_test_case/160077_pytorch_to_pytorch_6.output.py"", line 26, in <module>
    torch.compile(f, backend=backend)(xs)
AttributeError: module 'torch' has no attribute 'compile'
"
160077_pytorch_to_pytorch_7.output.log,1,API Misuse,生成失败,,"Traceback (most recent call last):
  File ""/home/ubuntu/SYAN/GRADUATE/TeRL/Step4-RunTestCase/final-data/single_reuse_test_case/160077_pytorch_to_pytorch_7.output.py"", line 23, in <module>
    torch.compile(f, backend=backend)(xs)
AttributeError: module 'torch' has no attribute 'compile'
"
160077_pytorch_to_pytorch_8.output.log,1,API Misuse,生成失败,,"Traceback (most recent call last):
  File ""/home/ubuntu/SYAN/GRADUATE/TeRL/Step4-RunTestCase/final-data/single_reuse_test_case/160077_pytorch_to_pytorch_8.output.py"", line 22, in <module>
    torch.compile(f, backend=backend)(xs)
AttributeError: module 'torch' has no attribute 'compile'
"
160077_pytorch_to_pytorch_9.output.log,1,API Misuse,生成失败,,"Traceback (most recent call last):
  File ""/home/ubuntu/SYAN/GRADUATE/TeRL/Step4-RunTestCase/final-data/single_reuse_test_case/160077_pytorch_to_pytorch_9.output.py"", line 22, in <module>
    result = torch.compile(f, backend=backend)(xs)
AttributeError: module 'torch' has no attribute 'compile'
"
160084_pytorch_to_pytorch_1.output.log,0,Success,生成成功,"Skipping test: torch.compile is not available (requires PyTorch >= 2.0)
",
160084_pytorch_to_pytorch_10.output.log,0,Success,生成成功,"torch.compile is not available (requires PyTorch >= 2.0). Skipping test.
",
160084_pytorch_to_pytorch_2.output.log,0,Success,生成成功,"torch.compile is not available (requires PyTorch 2.0+). Skipping test.
",
160084_pytorch_to_pytorch_3.output.log,1,API Misuse,生成失败,,"Traceback (most recent call last):
  File ""/home/ubuntu/SYAN/GRADUATE/TeRL/Step4-RunTestCase/final-data/single_reuse_test_case/160084_pytorch_to_pytorch_3.output.py"", line 19, in <module>
    torch.library.register_fake(""testlib::custom_linear"", custom_linear_meta)
AttributeError: module 'torch.library' has no attribute 'register_fake'
"
160084_pytorch_to_pytorch_4.output.log,0,Success,生成成功,,
160084_pytorch_to_pytorch_5.output.log,0,Success,生成成功,,"s
----------------------------------------------------------------------
Ran 1 test in 0.000s

OK (skipped=1)
"
160084_pytorch_to_pytorch_6.output.log,1,API Misuse,生成失败,,"Traceback (most recent call last):
  File ""/home/ubuntu/SYAN/GRADUATE/TeRL/Step4-RunTestCase/final-data/single_reuse_test_case/160084_pytorch_to_pytorch_6.output.py"", line 56, in <module>
    test_lobpcg_compile_inductor()
  File ""/home/ubuntu/SYAN/GRADUATE/TeRL/Step4-RunTestCase/final-data/single_reuse_test_case/160084_pytorch_to_pytorch_6.output.py"", line 29, in test_lobpcg_compile_inductor
    model.forward = torch.compile(model.forward, backend=""inductor"")
AttributeError: module 'torch' has "
160084_pytorch_to_pytorch_7.output.log,0,Success,生成成功,"Rank 0 sent objects to 1.Rank 1 received objects from 0.

Assertions passed for received objects.
",
160084_pytorch_to_pytorch_8.output.log,0,Success,生成成功,"Rank 0: Skipping test. recv_object_list/send_object_list not available in this PyTorch version.
Rank 1: Skipping test. recv_object_list/send_object_list not available in this PyTorch version.
",
160084_pytorch_to_pytorch_9.output.log,0,Success,生成成功,"CUDA is available, but using gloo backend for this distributed test.
Rank 0 broadcasting parameters: [0.0, 0.0]
Rank 0 received parameters: [0.0, 0.0]
Rank 1 received parameters: [0.0, 0.0]
",
160437_pytorch_to_pytorch_1.output.log,1,Environment Failure,生成失败,,"Traceback (most recent call last):
  File ""/home/ubuntu/SYAN/GRADUATE/TeRL/Step4-RunTestCase/final-data/single_reuse_test_case/160437_pytorch_to_pytorch_1.output.py"", line 47, in <module>
    mp.spawn(run, args=(world_size,), nprocs=world_size, join=True)
  File ""/home/ubuntu/miniconda3/envs/TeRL-Running/lib/python3.7/site-packages/torch/multiprocessing/spawn.py"", line 240, in spawn
    return start_processes(fn, args, nprocs, join, daemon, start_method='spawn')
  File ""/home/ubuntu/miniconda3/e"
160437_pytorch_to_pytorch_10.output.log,0,Success,生成成功,"Warning: torch.compile not found. Using dummy decorator (eager execution).
Warning: torch.compile not found. Using dummy decorator (eager execution).
Warning: torch.compile not found. Using dummy decorator (eager execution).
Test passed successfully.
",
160437_pytorch_to_pytorch_2.output.log,0,Success,生成成功,"Test passed.
","Warning: torch.compile not found (PyTorch < 2.0). Using mock decorator.
"
160437_pytorch_to_pytorch_3.output.log,1,Unknown Failure,生成失败,,"Traceback (most recent call last):
  File ""/home/ubuntu/SYAN/GRADUATE/TeRL/Step4-RunTestCase/final-data/single_reuse_test_case/160437_pytorch_to_pytorch_3.output.py"", line 28, in <module>
    my_lib = Library(""test_custom_lib"", ""DEFINITION"")
  File ""/home/ubuntu/miniconda3/envs/TeRL-Running/lib/python3.7/site-packages/torch/library.py"", line 37, in __init__
    raise ValueError(""Unsupported kind: "", kind)
ValueError: ('Unsupported kind: ', 'DEFINITION')
"
160437_pytorch_to_pytorch_4.output.log,0,Success,生成成功,,
160437_pytorch_to_pytorch_5.output.log,0,Success,生成成功,,
160437_pytorch_to_pytorch_6.output.log,1,Unknown Failure,生成失败,,"Traceback (most recent call last):
  File ""/home/ubuntu/SYAN/GRADUATE/TeRL/Step4-RunTestCase/final-data/single_reuse_test_case/160437_pytorch_to_pytorch_6.output.py"", line 33, in <module>
    e2, v2 = fn(A, 1)
  File ""/home/ubuntu/SYAN/GRADUATE/TeRL/Step4-RunTestCase/final-data/single_reuse_test_case/160437_pytorch_to_pytorch_6.output.py"", line 25, in fn
    eigenvalues, eigenvectors = torch.lobpcg(A, k=1)
  File ""/home/ubuntu/miniconda3/envs/TeRL-Running/lib/python3.7/site-packages/torch/_lobpc"
160437_pytorch_to_pytorch_7.output.log,1,API Misuse,生成失败,,"Traceback (most recent call last):
  File ""/home/ubuntu/SYAN/GRADUATE/TeRL/Step4-RunTestCase/final-data/single_reuse_test_case/160437_pytorch_to_pytorch_7.output.py"", line 50, in <module>
    mp.spawn(run, args=(world_size,), nprocs=world_size, join=True)
  File ""/home/ubuntu/miniconda3/envs/TeRL-Running/lib/python3.7/site-packages/torch/multiprocessing/spawn.py"", line 240, in spawn
    return start_processes(fn, args, nprocs, join, daemon, start_method='spawn')
  File ""/home/ubuntu/miniconda3/e"
160437_pytorch_to_pytorch_8.output.log,1,API Misuse,生成失败,,"Traceback (most recent call last):
  File ""/home/ubuntu/SYAN/GRADUATE/TeRL/Step4-RunTestCase/final-data/single_reuse_test_case/160437_pytorch_to_pytorch_8.output.py"", line 61, in <module>
    mp.spawn(run, args=(world_size,), nprocs=world_size, join=True)
  File ""/home/ubuntu/miniconda3/envs/TeRL-Running/lib/python3.7/site-packages/torch/multiprocessing/spawn.py"", line 240, in spawn
    return start_processes(fn, args, nprocs, join, daemon, start_method='spawn')
  File ""/home/ubuntu/miniconda3/e"
160437_pytorch_to_pytorch_9.output.log,0,Success,生成成功,"All test cases passed.
",
160495_pytorch_to_pytorch_1.output.log,1,API Misuse,生成失败,,"Traceback (most recent call last):
  File ""/home/ubuntu/SYAN/GRADUATE/TeRL/Step4-RunTestCase/final-data/single_reuse_test_case/160495_pytorch_to_pytorch_1.output.py"", line 21, in <module>
    @torch.compile()
AttributeError: module 'torch' has no attribute 'compile'
"
160495_pytorch_to_pytorch_10.output.log,1,API Misuse,生成失败,,"Traceback (most recent call last):
  File ""/home/ubuntu/SYAN/GRADUATE/TeRL/Step4-RunTestCase/final-data/single_reuse_test_case/160495_pytorch_to_pytorch_10.output.py"", line 23, in <module>
    @torch.compile()
AttributeError: module 'torch' has no attribute 'compile'
"
160495_pytorch_to_pytorch_2.output.log,0,Success,生成成功,"Warning: torch._inductor not found. Skipping inductor config.
Warning: torch._dynamo not found. Skipping dynamo config.
torch.compile is not available.
eager success
",
160495_pytorch_to_pytorch_3.output.log,1,API Misuse,生成失败,,"Traceback (most recent call last):
  File ""/home/ubuntu/SYAN/GRADUATE/TeRL/Step4-RunTestCase/final-data/single_reuse_test_case/160495_pytorch_to_pytorch_3.output.py"", line 24, in <module>
    @torch.compile()
AttributeError: module 'torch' has no attribute 'compile'
"
160495_pytorch_to_pytorch_4.output.log,0,Success,生成成功,"eager success
compiler success
",
160495_pytorch_to_pytorch_5.output.log,1,API Misuse,生成失败,,"Traceback (most recent call last):
  File ""/home/ubuntu/SYAN/GRADUATE/TeRL/Step4-RunTestCase/final-data/single_reuse_test_case/160495_pytorch_to_pytorch_5.output.py"", line 11, in <module>
    torch._dynamo.config.capture_dynamic_output_shape_ops = True
AttributeError: module 'torch' has no attribute '_dynamo'
"
160495_pytorch_to_pytorch_6.output.log,1,API Misuse,生成失败,,"Traceback (most recent call last):
  File ""/home/ubuntu/SYAN/GRADUATE/TeRL/Step4-RunTestCase/final-data/single_reuse_test_case/160495_pytorch_to_pytorch_6.output.py"", line 21, in <module>
    @torch.compile()
AttributeError: module 'torch' has no attribute 'compile'
"
160495_pytorch_to_pytorch_7.output.log,1,API Misuse,生成失败,,"Traceback (most recent call last):
  File ""/home/ubuntu/SYAN/GRADUATE/TeRL/Step4-RunTestCase/final-data/single_reuse_test_case/160495_pytorch_to_pytorch_7.output.py"", line 13, in <module>
    torch._dynamo.config.capture_dynamic_output_shape_ops = True
AttributeError: module 'torch' has no attribute '_dynamo'
"
160495_pytorch_to_pytorch_8.output.log,1,API Misuse,生成失败,,"Traceback (most recent call last):
  File ""/home/ubuntu/SYAN/GRADUATE/TeRL/Step4-RunTestCase/final-data/single_reuse_test_case/160495_pytorch_to_pytorch_8.output.py"", line 21, in <module>
    @torch.compile()
AttributeError: module 'torch' has no attribute 'compile'
"
160495_pytorch_to_pytorch_9.output.log,1,API Misuse,生成失败,,"Traceback (most recent call last):
  File ""/home/ubuntu/SYAN/GRADUATE/TeRL/Step4-RunTestCase/final-data/single_reuse_test_case/160495_pytorch_to_pytorch_9.output.py"", line 13, in <module>
    if hasattr(torch._dynamo, 'config'):
AttributeError: module 'torch' has no attribute '_dynamo'
"
160520_pytorch_to_pytorch_1.output.log,1,API Misuse,生成失败,"Warning: torch._inductor not found. Skipping Inductor configuration.
Warning: torch._logging.set_logs not found. Skipping logging configuration.
Warning: torch._inductor not found. Skipping Inductor configuration.
Warning: torch._logging.set_logs not found. Skipping logging configuration.
Warning: torch._inductor not found. Skipping Inductor configuration.
Warning: torch._logging.set_logs not found. Skipping logging configuration.
","Traceback (most recent call last):
  File ""/home/ubuntu/SYAN/GRADUATE/TeRL/Step4-RunTestCase/final-data/single_reuse_test_case/160520_pytorch_to_pytorch_1.output.py"", line 72, in <module>
    mp.spawn(run_test, args=(world_size,), nprocs=world_size, join=True)
  File ""/home/ubuntu/miniconda3/envs/TeRL-Running/lib/python3.7/site-packages/torch/multiprocessing/spawn.py"", line 240, in spawn
    return start_processes(fn, args, nprocs, join, daemon, start_method='spawn')
  File ""/home/ubuntu/minicon"
160520_pytorch_to_pytorch_10.output.log,0,Success,生成成功,"-----------------------------  ------------  ------------  ------------  ------------  ------------  ------------  
                         Name    Self CPU %      Self CPU   CPU total %     CPU total  CPU time avg    # of Calls  
-----------------------------  ------------  ------------  ------------  ------------  ------------  ------------  
                  aten::empty         8.46%     141.000us         8.46%     141.000us       4.700us            30  
                   aten::set_       ","WARNING:2026-06-23 08:48:35 67212:67212 init.cpp:111] function cbapi.getCuptiStatus() failed with error CUPTI_ERROR_NOT_INITIALIZED (15)
WARNING:2026-06-23 08:48:35 67212:67212 init.cpp:112] CUPTI initialization failed - CUDA profiler activities will be missing
INFO:2026-06-23 08:48:35 67212:67212 init.cpp:114] If you see CUPTI_ERROR_INSUFFICIENT_PRIVILEGES, refer to https://developer.nvidia.com/nvidia-development-tools-solutions-err-nvgpuctrperm-cupti
STAGE:2026-06-23 08:48:35 67212:67212 Activ"
160520_pytorch_to_pytorch_2.output.log,0,Success,生成成功,"Skipping test: torch._inductor module not found. This test requires PyTorch 2.0+.
",
160520_pytorch_to_pytorch_3.output.log,1,Missing Dependency,执行失败,,"Traceback (most recent call last):
  File ""/home/ubuntu/SYAN/GRADUATE/TeRL/Step4-RunTestCase/final-data/single_reuse_test_case/160520_pytorch_to_pytorch_3.output.py"", line 3, in <module>
    from torch.library import impl_abstract, define, impl
ImportError: cannot import name 'impl_abstract' from 'torch.library' (/home/ubuntu/miniconda3/envs/TeRL-Running/lib/python3.7/site-packages/torch/library.py)
"
160520_pytorch_to_pytorch_4.output.log,0,Success,生成成功,"Skipping test: torch._inductor module not found. This test requires PyTorch 2.0+.
",
160520_pytorch_to_pytorch_5.output.log,1,API Misuse,生成失败,"Warning: torch._inductor module not found. Skipping specific configuration.
","Traceback (most recent call last):
  File ""/home/ubuntu/SYAN/GRADUATE/TeRL/Step4-RunTestCase/final-data/single_reuse_test_case/160520_pytorch_to_pytorch_5.output.py"", line 23, in <module>
    model = AnyCheckModule().cuda()
  File ""/home/ubuntu/SYAN/GRADUATE/TeRL/Step4-RunTestCase/final-data/single_reuse_test_case/160520_pytorch_to_pytorch_5.output.py"", line 15, in __init__
    self.forward = torch.compile(self.forward)
AttributeError: module 'torch' has no attribute 'compile'
"
160520_pytorch_to_pytorch_6.output.log,0,Success,生成成功,"Skipping test: torch._inductor module not found. This test requires PyTorch 2.0+.
",
160520_pytorch_to_pytorch_7.output.log,1,API Misuse,生成失败,,"WARNING:2026-06-22 09:18:20 59786:59786 init.cpp:111] function cbapi.getCuptiStatus() failed with error CUPTI_ERROR_NOT_INITIALIZED (15)
WARNING:2026-06-22 09:18:20 59786:59786 init.cpp:112] CUPTI initialization failed - CUDA profiler activities will be missing
INFO:2026-06-22 09:18:20 59786:59786 init.cpp:114] If you see CUPTI_ERROR_INSUFFICIENT_PRIVILEGES, refer to https://developer.nvidia.com/nvidia-development-tools-solutions-err-nvgpuctrperm-cupti
STAGE:2026-06-22 09:18:20 59786:59786 Activ"
160520_pytorch_to_pytorch_8.output.log,1,API Misuse,生成失败,"CUDA detected. Ensure NCCL is installed for GPU transfer.
","WARNING:2026-06-23 08:42:58 65773:65773 init.cpp:111] function cbapi.getCuptiStatus() failed with error CUPTI_ERROR_NOT_INITIALIZED (15)
WARNING:2026-06-23 08:42:58 65773:65773 init.cpp:112] CUPTI initialization failed - CUDA profiler activities will be missing
INFO:2026-06-23 08:42:58 65773:65773 init.cpp:114] If you see CUPTI_ERROR_INSUFFICIENT_PRIVILEGES, refer to https://developer.nvidia.com/nvidia-development-tools-solutions-err-nvgpuctrperm-cupti
STAGE:2026-06-23 08:42:58 65773:65773 Activ"
160520_pytorch_to_pytorch_9.output.log,0,Success,生成成功,"Rank 0: Test passed. Objects broadcasted correctly.
","WARNING:2026-06-22 09:36:24 63968:63968 init.cpp:111] function cbapi.getCuptiStatus() failed with error CUPTI_ERROR_NOT_INITIALIZED (15)
WARNING:2026-06-22 09:36:24 63968:63968 init.cpp:112] CUPTI initialization failed - CUDA profiler activities will be missing
INFO:2026-06-22 09:36:24 63968:63968 init.cpp:114] If you see CUPTI_ERROR_INSUFFICIENT_PRIVILEGES, refer to https://developer.nvidia.com/nvidia-development-tools-solutions-err-nvgpuctrperm-cupti
STAGE:2026-06-22 09:36:24 63968:63968 Activ"
160547_pytorch_to_pytorch_1.output.log,0,Success,生成成功,,
160547_pytorch_to_pytorch_10.output.log,0,Success,生成成功,,
160547_pytorch_to_pytorch_2.output.log,0,Success,生成成功,"opcheck with NamedTuple args failed: module 'torch.library' has no attribute 'opcheck'
opcheck with kwargs failed: module 'torch.library' has no attribute 'opcheck'
",
160547_pytorch_to_pytorch_3.output.log,0,Success,生成成功,,
160547_pytorch_to_pytorch_4.output.log,0,Success,生成成功,"Testing torch.utils.checkpoint.checkpoint_sequential with NamedTuple input
use_reentrant=False failed: Unexpected keyword arguments: use_reentrant
use_reentrant=True failed: Unexpected keyword arguments: use_reentrant
",
160547_pytorch_to_pytorch_5.output.log,1,API Misuse,生成失败,"Test failed: DataParallel failed with NamedTuple input: forward() missing 1 required positional argument: 'y'
","Traceback (most recent call last):
  File ""/home/ubuntu/SYAN/GRADUATE/TeRL/Step4-RunTestCase/final-data/single_reuse_test_case/160547_pytorch_to_pytorch_5.output.py"", line 60, in <module>
    test_dataparallel_namedtuple()
  File ""/home/ubuntu/SYAN/GRADUATE/TeRL/Step4-RunTestCase/final-data/single_reuse_test_case/160547_pytorch_to_pytorch_5.output.py"", line 41, in test_dataparallel_namedtuple
    output = dp(inp)
  File ""/home/ubuntu/miniconda3/envs/TeRL-Running/lib/python3.7/site-packages/torch"
160547_pytorch_to_pytorch_6.output.log,1,Assertion Mismatch,生成成功，并且找到错误,,"F
======================================================================
FAIL: test_pca_lowrank_namedtuple_output (__main__.TestPcaLowrankNamedTuple)
----------------------------------------------------------------------
Traceback (most recent call last):
  File ""/home/ubuntu/SYAN/GRADUATE/TeRL/Step4-RunTestCase/final-data/single_reuse_test_case/160547_pytorch_to_pytorch_6.output.py"", line 40, in test_pca_lowrank_namedtuple_output
    self.assertTrue(torch.allclose(A, reconstructed, atol=1e-2))
"
160547_pytorch_to_pytorch_8.output.log,1,API Misuse,生成失败,"Warning: torch.library API not available. Using fallback function.
","Traceback (most recent call last):
  File ""/home/ubuntu/SYAN/GRADUATE/TeRL/Step4-RunTestCase/final-data/single_reuse_test_case/160547_pytorch_to_pytorch_8.output.py"", line 62, in <module>
    test_namedtuple_with_vmap()
  File ""/home/ubuntu/SYAN/GRADUATE/TeRL/Step4-RunTestCase/final-data/single_reuse_test_case/160547_pytorch_to_pytorch_8.output.py"", line 54, in test_namedtuple_with_vmap
    result = torch.vmap(M())(inp)
AttributeError: module 'torch' has no attribute 'vmap'
"
160547_pytorch_to_pytorch_9.output.log,0,Success,生成成功,,
160612_pytorch_to_pytorch_1.output.log,0,Success,生成成功,,
160612_pytorch_to_pytorch_10.output.log,0,Success,生成成功,,
160612_pytorch_to_pytorch_2.output.log,0,Success,生成成功,"nested_tensor([
  tensor([[ 0.2547,  0.3119, -0.8092],
          [-0.1776, -0.2191,  0.6936]]),
  tensor([[ 2.7513, -0.4010,  1.7749],
          [ 0.4083,  0.4001,  1.0425],
          [ 0.6855, -0.2611, -1.7968],
          [ 0.5133, -1.1931,  0.9564]]),
  tensor([[-1.4374, -0.4465, -1.2060]])
])
","/home/ubuntu/miniconda3/envs/TeRL-Running/lib/python3.7/site-packages/torch/nested/__init__.py:47: UserWarning: The PyTorch API of nested tensors is in prototype stage and will change in the near future. (Triggered internally at ../aten/src/ATen/NestedTensorImpl.cpp:175.)
  nt = torch._nested_tensor_from_tensor_list(new_data, dtype, None, device, pin_memory)
"
160612_pytorch_to_pytorch_3.output.log,0,Success,生成成功,,
160612_pytorch_to_pytorch_4.output.log,0,Success,生成成功,,
160612_pytorch_to_pytorch_5.output.log,0,Success,生成成功,,
160612_pytorch_to_pytorch_6.output.log,0,Success,生成成功,,
160612_pytorch_to_pytorch_7.output.log,0,Success,生成成功,"Backward hook triggered
",
160612_pytorch_to_pytorch_8.output.log,0,Success,生成成功,,
160612_pytorch_to_pytorch_9.output.log,0,Success,生成成功,,
160630_pytorch_to_pytorch_1.output.log,0,Success,生成成功,"Quantized A: tensor([[1., 0.],
        [1., 1.]], size=(2, 2), dtype=torch.quint8,
       quantization_scheme=torch.per_tensor_affine, scale=1.0, zero_point=0)
Quantized b: tensor([[1.],
        [2.]], size=(2, 1), dtype=torch.quint8,
       quantization_scheme=torch.per_tensor_affine, scale=1.0, zero_point=0)
Expected error caught: NotImplementedError: Could not run 'aten::_cholesky_solve_helper' with arguments from the 'QuantizedCPU' backend. This could be because the operator doesn't exist fo",
160630_pytorch_to_pytorch_10.output.log,0,Success,生成成功,"Quantized input: tensor([1., 2., 3.], size=(3,), dtype=torch.quint8,
       quantization_scheme=torch.per_tensor_affine, scale=1.0, zero_point=0)
Output tensor: tensor(3.7417)
",
160630_pytorch_to_pytorch_2.output.log,0,Success,生成成功,"Error encountered: Could not run 'aten::mm.out' with arguments from the 'QuantizedCPU' backend. This could be because the operator doesn't exist for this backend, or was omitted during the selective/custom build process (if using custom build). If you are a Facebook employee using PyTorch on mobile, please visit https://fburl.com/ptmfixes for possible resolutions. 'aten::mm.out' is only available for these backends: [CPU, CUDA, Meta, SparseCPU, SparseCUDA, SparseCsrCPU, SparseCsrCUDA, BackendSel","/home/ubuntu/miniconda3/envs/TeRL-Running/lib/python3.7/site-packages/torch/nn/modules/lazy.py:180: UserWarning: Lazy modules are a new feature under heavy development so changes to the API or functionality can happen at any moment.
  warnings.warn('Lazy modules are a new feature under heavy development '
"
160630_pytorch_to_pytorch_3.output.log,0,Success,生成成功,"Quantized input: tensor([1., 2., 3., 4.], size=(4,), dtype=torch.quint8,
       quantization_scheme=torch.per_tensor_affine, scale=1.0, zero_point=0)
Output tensor: tensor([1., 3.], size=(2,), dtype=torch.quint8,
       quantization_scheme=torch.per_tensor_affine, scale=1.0, zero_point=0)
",
160630_pytorch_to_pytorch_4.output.log,0,Success,生成成功,"Quantized input 1: tensor([1., 2., 3.], size=(3,), dtype=torch.quint8,
       quantization_scheme=torch.per_tensor_affine, scale=1.0, zero_point=0)
Quantized input 2: tensor([4., 5., 6.], size=(3,), dtype=torch.quint8,
       quantization_scheme=torch.per_tensor_affine, scale=1.0, zero_point=0)
Stacked output tensor: tensor([[1., 2., 3.],
        [4., 5., 6.]], size=(2, 3), dtype=torch.quint8,
       quantization_scheme=torch.per_tensor_affine, scale=1.0, zero_point=0)
",
160630_pytorch_to_pytorch_5.output.log,0,Success,生成成功,"Quantized input: tensor([1., 2., 3.], size=(3,), dtype=torch.quint8,
       quantization_scheme=torch.per_tensor_affine, scale=1.0, zero_point=0)
Float input: tensor([1., 2., 3.])
Error encountered: TypeError - promote_types(): argument 'type1' (position 1) must be torch.dtype, not Tensor
",
160630_pytorch_to_pytorch_6.output.log,0,Success,生成成功,"Quantized input: tensor([1., 2., 3.], size=(3,), dtype=torch.quint8,
       quantization_scheme=torch.per_tensor_affine, scale=1.0, zero_point=0)
Output tensor: tensor(2.)
",
160630_pytorch_to_pytorch_7.output.log,0,Success,生成成功,"Equal tensors (quant_input1 vs quant_input2): True
Unequal tensors (quant_input1 vs quant_input3): False
Test passed.
",
160630_pytorch_to_pytorch_8.output.log,0,Success,生成成功,"Test failed with error: Could not run 'aten::normal.Tensor_float' with arguments from the 'QuantizedCPU' backend. This could be because the operator doesn't exist for this backend, or was omitted during the selective/custom build process (if using custom build). If you are a Facebook employee using PyTorch on mobile, please visit https://fburl.com/ptmfixes for possible resolutions. 'aten::normal.Tensor_float' is only available for these backends: [CPU, CUDA, Meta, BackendSelect, Python, FuncTorc",
160630_pytorch_to_pytorch_9.output.log,0,Success,生成成功,"Quantized sorted sequence: tensor([1., 2., 3.], size=(3,), dtype=torch.quint8,
       quantization_scheme=torch.per_tensor_affine, scale=1.0, zero_point=0)
Quantized values: tensor([1., 2.], size=(2,), dtype=torch.quint8,
       quantization_scheme=torch.per_tensor_affine, scale=1.0, zero_point=0)
NotImplementedError encountered: Could not run 'aten::searchsorted.Tensor' with arguments from the 'QuantizedCPU' backend. This could be because the operator doesn't exist for this backend, or was omit",
160730_pytorch_to_pytorch_1.output.log,0,Success,生成成功,"Test passed.
",
160730_pytorch_to_pytorch_10.output.log,0,Success,生成成功,"torch.compile is not available in this environment. Mocking it as an identity function.
torch.compile is not available in this environment. Mocking it as an identity function.
torch.compile is not available in this environment. Mocking it as an identity function.
Assertion passed: Eager and Compiled results match.
",
160730_pytorch_to_pytorch_2.output.log,1,API Misuse,生成失败,,"Traceback (most recent call last):
  File ""/home/ubuntu/SYAN/GRADUATE/TeRL/Step4-RunTestCase/final-data/single_reuse_test_case/160730_pytorch_to_pytorch_2.output.py"", line 24, in <module>
    cfoo = torch.compile(foo)
AttributeError: module 'torch' has no attribute 'compile'
"
160730_pytorch_to_pytorch_3.output.log,1,API Misuse,生成失败,,"Traceback (most recent call last):
  File ""/home/ubuntu/SYAN/GRADUATE/TeRL/Step4-RunTestCase/final-data/single_reuse_test_case/160730_pytorch_to_pytorch_3.output.py"", line 15, in <module>
    @library.impl(""my_complex_op"", my_lib)
  File ""/home/ubuntu/miniconda3/envs/TeRL-Running/lib/python3.7/site-packages/torch/library.py"", line 146, in wrap
    lib.impl(name, f, dispatch_key)
AttributeError: 'str' object has no attribute 'impl'
"
160730_pytorch_to_pytorch_4.output.log,1,Unknown Failure,生成失败,,"Traceback (most recent call last):
  File ""/home/ubuntu/SYAN/GRADUATE/TeRL/Step4-RunTestCase/final-data/single_reuse_test_case/160730_pytorch_to_pytorch_4.output.py"", line 35, in <module>
    eager_res = foo(torch.from_numpy(x))
  File ""/home/ubuntu/SYAN/GRADUATE/TeRL/Step4-RunTestCase/final-data/single_reuse_test_case/160730_pytorch_to_pytorch_4.output.py"", line 17, in foo
    t = torch.tan(x)
RuntimeError: ""tan_vml_cpu"" not implemented for 'Half'
"
160730_pytorch_to_pytorch_5.output.log,1,Unknown Failure,生成失败,,"Traceback (most recent call last):
  File ""/home/ubuntu/SYAN/GRADUATE/TeRL/Step4-RunTestCase/final-data/single_reuse_test_case/160730_pytorch_to_pytorch_5.output.py"", line 39, in <module>
    eager_res = foo(torch.from_numpy(x))
  File ""/home/ubuntu/SYAN/GRADUATE/TeRL/Step4-RunTestCase/final-data/single_reuse_test_case/160730_pytorch_to_pytorch_5.output.py"", line 15, in foo
    t = torch.tan(x)
RuntimeError: ""tan_vml_cpu"" not implemented for 'Half'
"
160730_pytorch_to_pytorch_6.output.log,1,API Misuse,生成失败,,"Traceback (most recent call last):
  File ""/home/ubuntu/SYAN/GRADUATE/TeRL/Step4-RunTestCase/final-data/single_reuse_test_case/160730_pytorch_to_pytorch_6.output.py"", line 26, in <module>
    cfoo = torch.compile(foo)
AttributeError: module 'torch' has no attribute 'compile'
"
160730_pytorch_to_pytorch_7.output.log,0,Success,生成成功,,
160730_pytorch_to_pytorch_8.output.log,1,API Misuse,生成失败,"torch.compile is not available in this environment. Running without compilation.
","Traceback (most recent call last):
  File ""/home/ubuntu/SYAN/GRADUATE/TeRL/Step4-RunTestCase/final-data/single_reuse_test_case/160730_pytorch_to_pytorch_8.output.py"", line 62, in <module>
    mp.spawn(run, args=(world_size,), nprocs=world_size)
  File ""/home/ubuntu/miniconda3/envs/TeRL-Running/lib/python3.7/site-packages/torch/multiprocessing/spawn.py"", line 240, in spawn
    return start_processes(fn, args, nprocs, join, daemon, start_method='spawn')
  File ""/home/ubuntu/miniconda3/envs/TeRL-Ru"
160730_pytorch_to_pytorch_9.output.log,1,API Misuse,生成失败,,"Traceback (most recent call last):
  File ""/home/ubuntu/SYAN/GRADUATE/TeRL/Step4-RunTestCase/final-data/single_reuse_test_case/160730_pytorch_to_pytorch_9.output.py"", line 42, in <module>
    cfoo = torch.compile(foo)
AttributeError: module 'torch' has no attribute 'compile'
"
160737_pytorch_to_pytorch_1.output.log,0,Success,生成成功,"pdist test succeeds for device: cpu. output shape: torch.Size([1])
MPS backend is not available. Skipping MPS test.
",
160737_pytorch_to_pytorch_10.output.log,0,Success,生成成功,"cholesky_solve test fails for device: cpu: b should have at least 2 dimensions, but has 0 dimensions instead
Skipping MPS test: MPS device not available.
",
160737_pytorch_to_pytorch_2.output.log,0,Success,生成成功,"cumsum test succeeds for device: cpu. output: 5, shape: torch.Size([])
Skipping MPS test: MPS device is not available.
",
160737_pytorch_to_pytorch_3.output.log,0,Success,生成成功,"cumprod test succeeds for device: cpu. output: 2.0
Skipping MPS test: MPS device not available.
",
160737_pytorch_to_pytorch_4.output.log,0,Success,生成成功,"cummin test succeeds for device: cpu. values: 1.0, indices: 0
Skipping MPS test: MPS device not available.
",
160737_pytorch_to_pytorch_5.output.log,0,Success,生成成功,"cummax test succeeds for device: cpu. output shape: torch.Size([])
Skipping MPS test: MPS device not available.
",
160737_pytorch_to_pytorch_6.output.log,0,Success,生成成功,"logcumsumexp test succeeds for device: cpu. output: 1.0
Skipping test for device: mps (not available)
",
160737_pytorch_to_pytorch_7.output.log,0,Success,生成成功,"stack test succeeds for device: cpu. output shape: torch.Size([2]), output: tensor([1, 2])
MPS device is not available, skipping MPS test.
",
160737_pytorch_to_pytorch_8.output.log,0,Success,生成成功,"empty_strided test (2D) succeeds for device: cpu. output shape: torch.Size([2, 3])
empty_strided test (0D) succeeds for device: cpu. output shape: torch.Size([])
empty_strided test (2D) fails for device: mps: Could not run 'aten::empty_strided' with arguments from the 'MPS' backend. This could be because the operator doesn't exist for this backend, or was omitted during the selective/custom build process (if using custom build). If you are a Facebook employee using PyTorch on mobile, please visi",
160737_pytorch_to_pytorch_9.output.log,0,Success,生成成功,"LazyLinear test succeeds for device: cpu. output shape: torch.Size([2, 10])
LazyLinear test skipped for device: mps. Reason: Could not run 'aten::empty.memory_format' with arguments from the 'MPS' backend. This could be because the operator doesn't exist for this backend, or was omitted during the selective/custom build process (if using custom build). If you are a Facebook employee using PyTorch on mobile, please visit https://fburl.com/ptmfixes for possible resolutions. 'aten::empty.memory_for","/home/ubuntu/miniconda3/envs/TeRL-Running/lib/python3.7/site-packages/torch/nn/modules/lazy.py:180: UserWarning: Lazy modules are a new feature under heavy development so changes to the API or functionality can happen at any moment.
  warnings.warn('Lazy modules are a new feature under heavy development '
"
160738_pytorch_to_pytorch_1.output.log,0,Success,生成成功,"std test succeeds for device: cpu. output: nan
std test skipped for device: mps (MPS not available on this system)
",
160738_pytorch_to_pytorch_10.output.log,0,Success,生成成功,"ones test succeeds for device: cpu. output: 1.0
ones test fails for device: mps: Could not run 'aten::empty.memory_format' with arguments from the 'MPS' backend. This could be because the operator doesn't exist for this backend, or was omitted during the selective/custom build process (if using custom build). If you are a Facebook employee using PyTorch on mobile, please visit https://fburl.com/ptmfixes for possible resolutions. 'aten::empty.memory_format' is only available for these backends: [",
160738_pytorch_to_pytorch_2.output.log,0,Success,生成成功,"arange test succeeds for device: cpu. output: tensor([0., 1., 2.])
Skipping test for device: mps (not available in this environment)
",
160738_pytorch_to_pytorch_3.output.log,0,Success,生成成功,"dist test succeeds for device: cpu. output: 1.0
",
160738_pytorch_to_pytorch_4.output.log,0,Success,生成成功,"svd test fails for device: cpu: linalg.svd: input should have at least 2 dimensions, but has 0 dimensions instead
Skipping MPS test: MPS device not available.
",
160738_pytorch_to_pytorch_5.output.log,0,Success,生成成功,"maximum test succeeds for device: cpu. output: 5.0
maximum test skipped for device: mps (MPS not supported in this environment)
",
160738_pytorch_to_pytorch_6.output.log,0,Success,生成成功,"minimum test succeeds for device: cpu. output: 2.0
Skipping MPS test: MPS device not available or PyTorch not built with MPS support.
",
160738_pytorch_to_pytorch_7.output.log,0,Success,生成成功,"promote_types test succeeds for device: cpu. output: torch.float32
Skipping promote_types test for device: mps (MPS not available)
",
160738_pytorch_to_pytorch_8.output.log,0,Success,生成成功,"zeros test succeeds for device: cpu. output: 0.0
zeros test fails for device: mps: Could not run 'aten::empty.memory_format' with arguments from the 'MPS' backend. This could be because the operator doesn't exist for this backend, or was omitted during the selective/custom build process (if using custom build). If you are a Facebook employee using PyTorch on mobile, please visit https://fburl.com/ptmfixes for possible resolutions. 'aten::empty.memory_format' is only available for these backends:",
160738_pytorch_to_pytorch_9.output.log,0,Success,生成成功,"norm test succeeds for device: cpu. output: 3.0
norm test skipped for device: mps (not available)
",
160743_pytorch_to_pytorch_1.output.log,0,Success,生成成功,"MPS device is not available. Skipping MPS test.
",
160743_pytorch_to_pytorch_10.output.log,0,Success,生成成功,"MPS device is not available. Skipping test.
",
160743_pytorch_to_pytorch_2.output.log,0,Success,生成成功,"MPS device not available. Skipping MPS test.
",
160743_pytorch_to_pytorch_3.output.log,0,Success,生成成功,"MPS backend is not available. Skipping MPS comparison.
",
160743_pytorch_to_pytorch_4.output.log,0,Success,生成成功,"MPS device is not available. Skipping MPS test.
",
160743_pytorch_to_pytorch_5.output.log,0,Success,生成成功,"MPS is not available, skipping test.
",
160743_pytorch_to_pytorch_6.output.log,0,Success,生成成功,"MPS backend not available, skipping MPS comparison.
",
160743_pytorch_to_pytorch_7.output.log,0,Success,生成成功,"Test skipped: MPS device is not available or PyTorch is not built with MPS support.
",
160743_pytorch_to_pytorch_8.output.log,0,Success,生成成功,"MPS device not available. Skipping test.
",
160743_pytorch_to_pytorch_9.output.log,0,Success,生成成功,"MPS device not available. Skipping MPS comparison.
",
160751_pytorch_to_pytorch_10.output.log,0,Success,生成成功,"Skipping test: torch._dynamo is not available (requires PyTorch 2.x+)
",
160751_pytorch_to_pytorch_2.output.log,1,API Misuse,生成失败,,"Traceback (most recent call last):
  File ""/home/ubuntu/SYAN/GRADUATE/TeRL/Step4-RunTestCase/final-data/single_reuse_test_case/160751_pytorch_to_pytorch_2.output.py"", line 21, in <module>
    test_fn()
  File ""/home/ubuntu/SYAN/GRADUATE/TeRL/Step4-RunTestCase/final-data/single_reuse_test_case/160751_pytorch_to_pytorch_2.output.py"", line 17, in test_fn
    f_c = torch.compile(func, backend=""aot_eager"")
AttributeError: module 'torch' has no attribute 'compile'
"
160751_pytorch_to_pytorch_3.output.log,0,Success,生成成功,"SKIP: torch.compile not available (requires PyTorch 2.0+)
",
160751_pytorch_to_pytorch_4.output.log,1,API Misuse,生成失败,,"Traceback (most recent call last):
  File ""/home/ubuntu/SYAN/GRADUATE/TeRL/Step4-RunTestCase/final-data/single_reuse_test_case/160751_pytorch_to_pytorch_4.output.py"", line 35, in <module>
    test_torch_all_with_aot_eager()
  File ""/home/ubuntu/SYAN/GRADUATE/TeRL/Step4-RunTestCase/final-data/single_reuse_test_case/160751_pytorch_to_pytorch_4.output.py"", line 25, in test_torch_all_with_aot_eager
    f_c_false = torch.compile(func_all_false, backend=""aot_eager"")
AttributeError: module 'torch' has "
160751_pytorch_to_pytorch_5.output.log,1,API Misuse,生成失败,,"Traceback (most recent call last):
  File ""/home/ubuntu/SYAN/GRADUATE/TeRL/Step4-RunTestCase/final-data/single_reuse_test_case/160751_pytorch_to_pytorch_5.output.py"", line 21, in <module>
    test_fn()
  File ""/home/ubuntu/SYAN/GRADUATE/TeRL/Step4-RunTestCase/final-data/single_reuse_test_case/160751_pytorch_to_pytorch_5.output.py"", line 17, in test_fn
    f_c = torch.compile(func, backend=""aot_eager"")
AttributeError: module 'torch' has no attribute 'compile'
"
160751_pytorch_to_pytorch_6.output.log,1,API Misuse,生成失败,,"Traceback (most recent call last):
  File ""/home/ubuntu/SYAN/GRADUATE/TeRL/Step4-RunTestCase/final-data/single_reuse_test_case/160751_pytorch_to_pytorch_6.output.py"", line 32, in <module>
    test_fn()
  File ""/home/ubuntu/SYAN/GRADUATE/TeRL/Step4-RunTestCase/final-data/single_reuse_test_case/160751_pytorch_to_pytorch_6.output.py"", line 28, in test_fn
    f_c = torch.compile(func, backend=""aot_eager"")
AttributeError: module 'torch' has no attribute 'compile'
"
160751_pytorch_to_pytorch_7.output.log,1,API Misuse,生成失败,,"Traceback (most recent call last):
  File ""/home/ubuntu/SYAN/GRADUATE/TeRL/Step4-RunTestCase/final-data/single_reuse_test_case/160751_pytorch_to_pytorch_7.output.py"", line 38, in <module>
    test_fn()
  File ""/home/ubuntu/SYAN/GRADUATE/TeRL/Step4-RunTestCase/final-data/single_reuse_test_case/160751_pytorch_to_pytorch_7.output.py"", line 31, in test_fn
    f_c = torch.compile(func, backend=""aot_eager"")
AttributeError: module 'torch' has no attribute 'compile'
"
160751_pytorch_to_pytorch_8.output.log,1,API Misuse,生成失败,"Rank 0: torch.compile not available (requires PyTorch 2.0+). Running uncompiled.
Rank 1: torch.compile not available (requires PyTorch 2.0+). Running uncompiled.
","Traceback (most recent call last):
  File ""/home/ubuntu/SYAN/GRADUATE/TeRL/Step4-RunTestCase/final-data/single_reuse_test_case/160751_pytorch_to_pytorch_8.output.py"", line 59, in <module>
    mp.spawn(test_fn, args=(), nprocs=2)
  File ""/home/ubuntu/miniconda3/envs/TeRL-Running/lib/python3.7/site-packages/torch/multiprocessing/spawn.py"", line 240, in spawn
    return start_processes(fn, args, nprocs, join, daemon, start_method='spawn')
  File ""/home/ubuntu/miniconda3/envs/TeRL-Running/lib/python"
160751_pytorch_to_pytorch_9.output.log,0,Success,生成成功,"Skipping test: torch._dynamo is not available in this PyTorch version.
",
160752_pytorch_to_pytorch_1.output.log,0,Success,生成成功,"Test Passed: torch.compile with torch.distributed.reduce succeeded.
",
160752_pytorch_to_pytorch_10.output.log,0,Success,生成成功,"Testing eager execution...
Eager result: [{'tensor': tensor([[0.5301, 0.3549, 0.7936],
        [0.9388, 0.7957, 0.3161],
        [0.0431, 0.1566, 0.6551]], dtype=torch.float64)}]

Testing compiled execution with dynamic=True...
torch.compile is not available in this PyTorch version. Skipping compiled test.
",
160752_pytorch_to_pytorch_3.output.log,1,API Misuse,生成失败,,"Traceback (most recent call last):
  File ""/home/ubuntu/SYAN/GRADUATE/TeRL/Step4-RunTestCase/final-data/single_reuse_test_case/160752_pytorch_to_pytorch_3.output.py"", line 14, in <module>
    @library.impl_abstract(""test_ns::one_hot_square_mul"")
AttributeError: module 'torch.library' has no attribute 'impl_abstract'
"
160752_pytorch_to_pytorch_4.output.log,0,Success,生成成功,,
160752_pytorch_to_pytorch_5.output.log,0,Success,生成成功,,
160752_pytorch_to_pytorch_6.output.log,0,Success,生成成功,"torch.compile is not available in this environment. Mocking it as an identity function.
",
160752_pytorch_to_pytorch_7.output.log,1,API Misuse,生成失败,,"Traceback (most recent call last):
  File ""/home/ubuntu/SYAN/GRADUATE/TeRL/Step4-RunTestCase/final-data/single_reuse_test_case/160752_pytorch_to_pytorch_7.output.py"", line 68, in <module>
    mp.spawn(run, args=(world_size,), nprocs=world_size, join=True)
  File ""/home/ubuntu/miniconda3/envs/TeRL-Running/lib/python3.7/site-packages/torch/multiprocessing/spawn.py"", line 240, in spawn
    return start_processes(fn, args, nprocs, join, daemon, start_method='spawn')
  File ""/home/ubuntu/miniconda3/e"
160752_pytorch_to_pytorch_8.output.log,1,Assertion Mismatch,生成成功，并且找到错误,,"/home/ubuntu/SYAN/GRADUATE/TeRL/Step4-RunTestCase/final-data/single_reuse_test_case/160752_pytorch_to_pytorch_8.output.py:14: UserWarning: The given buffer is not writable, and PyTorch does not support non-writable tensors. This means you can write to the underlying (supposedly non-writable) buffer using the tensor. You may want to copy the buffer to protect its data or make it writable before converting it to a tensor. This type of warning will be suppressed for the rest of this program. (Trigg"
160752_pytorch_to_pytorch_9.output.log,1,Unknown Failure,生成失败,,"Traceback (most recent call last):
  File ""/home/ubuntu/SYAN/GRADUATE/TeRL/Step4-RunTestCase/final-data/single_reuse_test_case/160752_pytorch_to_pytorch_9.output.py"", line 64, in <module>
    main()
  File ""/home/ubuntu/SYAN/GRADUATE/TeRL/Step4-RunTestCase/final-data/single_reuse_test_case/160752_pytorch_to_pytorch_9.output.py"", line 42, in main
    out = jacfunc(x, idxs)
  File ""/home/ubuntu/SYAN/GRADUATE/TeRL/Step4-RunTestCase/final-data/single_reuse_test_case/160752_pytorch_to_pytorch_9.outpu"
160840_pytorch_to_pytorch_1.output.log,1,API Misuse,生成失败,,"Traceback (most recent call last):
  File ""/home/ubuntu/SYAN/GRADUATE/TeRL/Step4-RunTestCase/final-data/single_reuse_test_case/160840_pytorch_to_pytorch_1.output.py"", line 26, in <module>
    cfoo = torch.compile(foo)
AttributeError: module 'torch' has no attribute 'compile'
"
160840_pytorch_to_pytorch_10.output.log,1,API Misuse,生成失败,,"Traceback (most recent call last):
  File ""/home/ubuntu/SYAN/GRADUATE/TeRL/Step4-RunTestCase/final-data/single_reuse_test_case/160840_pytorch_to_pytorch_10.output.py"", line 42, in <module>
    cfoo = torch.compile(foo)
AttributeError: module 'torch' has no attribute 'compile'
"
160840_pytorch_to_pytorch_2.output.log,1,API Misuse,生成失败,,"Traceback (most recent call last):
  File ""/home/ubuntu/SYAN/GRADUATE/TeRL/Step4-RunTestCase/final-data/single_reuse_test_case/160840_pytorch_to_pytorch_2.output.py"", line 27, in <module>
    cfoo = torch.compile(foo)
AttributeError: module 'torch' has no attribute 'compile'
"
160840_pytorch_to_pytorch_3.output.log,1,API Misuse,生成失败,,"Traceback (most recent call last):
  File ""/home/ubuntu/SYAN/GRADUATE/TeRL/Step4-RunTestCase/final-data/single_reuse_test_case/160840_pytorch_to_pytorch_3.output.py"", line 25, in <module>
    cfoo = torch.compile(foo)
AttributeError: module 'torch' has no attribute 'compile'
"
160840_pytorch_to_pytorch_4.output.log,1,API Misuse,生成失败,,"Traceback (most recent call last):
  File ""/home/ubuntu/SYAN/GRADUATE/TeRL/Step4-RunTestCase/final-data/single_reuse_test_case/160840_pytorch_to_pytorch_4.output.py"", line 28, in <module>
    cfoo = torch.compile(foo)
AttributeError: module 'torch' has no attribute 'compile'
"
160840_pytorch_to_pytorch_5.output.log,1,API Misuse,生成失败,,"Traceback (most recent call last):
  File ""/home/ubuntu/SYAN/GRADUATE/TeRL/Step4-RunTestCase/final-data/single_reuse_test_case/160840_pytorch_to_pytorch_5.output.py"", line 27, in <module>
    cfoo = torch.compile(foo)
AttributeError: module 'torch' has no attribute 'compile'
"
160840_pytorch_to_pytorch_6.output.log,1,API Misuse,生成失败,,"Traceback (most recent call last):
  File ""/home/ubuntu/SYAN/GRADUATE/TeRL/Step4-RunTestCase/final-data/single_reuse_test_case/160840_pytorch_to_pytorch_6.output.py"", line 26, in <module>
    cfoo = torch.compile(foo)
AttributeError: module 'torch' has no attribute 'compile'
"
160840_pytorch_to_pytorch_7.output.log,0,Success,生成成功,,
160840_pytorch_to_pytorch_8.output.log,1,API Misuse,生成失败,,"Traceback (most recent call last):
  File ""/home/ubuntu/SYAN/GRADUATE/TeRL/Step4-RunTestCase/final-data/single_reuse_test_case/160840_pytorch_to_pytorch_8.output.py"", line 32, in <module>
    cfoo = torch.compile(foo)
AttributeError: module 'torch' has no attribute 'compile'
"
160840_pytorch_to_pytorch_9.output.log,1,API Misuse,生成失败,,"Traceback (most recent call last):
  File ""/home/ubuntu/SYAN/GRADUATE/TeRL/Step4-RunTestCase/final-data/single_reuse_test_case/160840_pytorch_to_pytorch_9.output.py"", line 27, in <module>
    cfoo = torch.compile(foo)
AttributeError: module 'torch' has no attribute 'compile'
"
160882_pytorch_to_pytorch_1.output.log,0,Success,生成成功,,
160882_pytorch_to_pytorch_10.output.log,0,Success,生成成功,"Test passed.
",
160882_pytorch_to_pytorch_2.output.log,0,Success,生成成功,,
160882_pytorch_to_pytorch_3.output.log,0,Success,生成成功,,
160882_pytorch_to_pytorch_4.output.log,0,Success,生成成功,,
160882_pytorch_to_pytorch_7.output.log,0,Success,生成成功,"torch.compile is not available (requires PyTorch 2.0+). Running in eager mode.
First run successful.
Second run successful.
",
160882_pytorch_to_pytorch_8.output.log,0,Success,生成成功,,
160882_pytorch_to_pytorch_9.output.log,0,Success,生成成功,,
161010_pytorch_to_pytorch_1.output.log,0,Success,生成成功,"torch.compile is not available in this environment. Skipping compiled execution test.
Eager result: tensor([1.])
Compiled result: tensor([1.])
",
161010_pytorch_to_pytorch_10.output.log,0,Success,生成成功,"Rank 0 - Original stride: (1, 5)
Rank 0 - Gathered stride:  (1, 5)
Test Passed: Strides preserved by gather_object.
",
161010_pytorch_to_pytorch_2.output.log,0,Success,生成成功,"Eager result: tensor([1.])
torch.compile is not available in this environment (requires PyTorch >= 2.0). Skipping compiled execution check.
",
161010_pytorch_to_pytorch_3.output.log,1,API Misuse,生成失败,,"Traceback (most recent call last):
  File ""/home/ubuntu/SYAN/GRADUATE/TeRL/Step4-RunTestCase/final-data/single_reuse_test_case/161010_pytorch_to_pytorch_3.output.py"", line 18, in <module>
    @impl(""test_stride_lib::custom_clone_preserve"", abstract=True)
TypeError: impl() got an unexpected keyword argument 'abstract'
"
161010_pytorch_to_pytorch_5.output.log,0,Success,生成成功,"Skipping test: torch.compile is not available (requires PyTorch 2.0+).
",
161010_pytorch_to_pytorch_6.output.log,1,API Misuse,生成失败,"Eager result: tensor([1.])
","Traceback (most recent call last):
  File ""/home/ubuntu/SYAN/GRADUATE/TeRL/Step4-RunTestCase/final-data/single_reuse_test_case/161010_pytorch_to_pytorch_6.output.py"", line 28, in <module>
    res2 = torch.compile(f)(A, torch.zeros(1))
AttributeError: module 'torch' has no attribute 'compile'
"
161010_pytorch_to_pytorch_7.output.log,-1,Timeout,生成失败,,"Timeout: Command '['python', '/home/ubuntu/SYAN/GRADUATE/TeRL/Step4-RunTestCase/final-data/single_reuse_test_case/161010_pytorch_to_pytorch_7.output.py']' timed out after 60 seconds"
161010_pytorch_to_pytorch_8.output.log,1,API Misuse,生成失败,"Rank 0: Sending tensor with stride (1, 5)
","Traceback (most recent call last):
  File ""/home/ubuntu/SYAN/GRADUATE/TeRL/Step4-RunTestCase/final-data/single_reuse_test_case/161010_pytorch_to_pytorch_8.output.py"", line 45, in <module>
    mp.spawn(run, args=(world_size,), nprocs=world_size, join=True)
  File ""/home/ubuntu/miniconda3/envs/TeRL-Running/lib/python3.7/site-packages/torch/multiprocessing/spawn.py"", line 240, in spawn
    return start_processes(fn, args, nprocs, join, daemon, start_method='spawn')
  File ""/home/ubuntu/miniconda3/e"
161010_pytorch_to_pytorch_9.output.log,0,Success,生成成功,"Test Passed: Stride preserved by broadcast_object_list
",
161116_pytorch_to_pytorch_1.output.log,1,Unknown Failure,生成失败,,"Traceback (most recent call last):
  File ""/home/ubuntu/SYAN/GRADUATE/TeRL/Step4-RunTestCase/final-data/single_reuse_test_case/161116_pytorch_to_pytorch_1.output.py"", line 41, in <module>
    main()
  File ""/home/ubuntu/SYAN/GRADUATE/TeRL/Step4-RunTestCase/final-data/single_reuse_test_case/161116_pytorch_to_pytorch_1.output.py"", line 24, in main
    backend='nccl'
  File ""/home/ubuntu/miniconda3/envs/TeRL-Running/lib/python3.7/site-packages/torch/distributed/distributed_c10d.py"", line 754, in in"
161116_pytorch_to_pytorch_10.output.log,0,Success,生成成功,"torch.argsort test passed on cuda:0
",
161116_pytorch_to_pytorch_2.output.log,1,Unknown Failure,生成失败,,"Traceback (most recent call last):
  File ""/home/ubuntu/SYAN/GRADUATE/TeRL/Step4-RunTestCase/final-data/single_reuse_test_case/161116_pytorch_to_pytorch_2.output.py"", line 42, in <module>
    main()
  File ""/home/ubuntu/SYAN/GRADUATE/TeRL/Step4-RunTestCase/final-data/single_reuse_test_case/161116_pytorch_to_pytorch_2.output.py"", line 14, in main
    dist.init_process_group(backend='nccl', init_method='env://')
  File ""/home/ubuntu/miniconda3/envs/TeRL-Running/lib/python3.7/site-packages/torch/di"
161116_pytorch_to_pytorch_3.output.log,1,Unknown Failure,生成失败,,"Traceback (most recent call last):
  File ""/home/ubuntu/SYAN/GRADUATE/TeRL/Step4-RunTestCase/final-data/single_reuse_test_case/161116_pytorch_to_pytorch_3.output.py"", line 46, in <module>
    main()
  File ""/home/ubuntu/SYAN/GRADUATE/TeRL/Step4-RunTestCase/final-data/single_reuse_test_case/161116_pytorch_to_pytorch_3.output.py"", line 18, in main
    backend='nccl',
  File ""/home/ubuntu/miniconda3/envs/TeRL-Running/lib/python3.7/site-packages/torch/distributed/distributed_c10d.py"", line 754, in i"
161116_pytorch_to_pytorch_4.output.log,0,Success,生成成功,,
161116_pytorch_to_pytorch_5.output.log,0,Success,生成成功,"Test passed. KL Divergence Loss: 0.9041865468025208
",
161116_pytorch_to_pytorch_6.output.log,1,API Misuse,生成失败,,"Traceback (most recent call last):
  File ""/home/ubuntu/SYAN/GRADUATE/TeRL/Step4-RunTestCase/final-data/single_reuse_test_case/161116_pytorch_to_pytorch_6.output.py"", line 41, in <module>
    main()
  File ""/home/ubuntu/SYAN/GRADUATE/TeRL/Step4-RunTestCase/final-data/single_reuse_test_case/161116_pytorch_to_pytorch_6.output.py"", line 23, in main
    dist.init_process_group(backend='nccl', device_id=gpu_id)
TypeError: init_process_group() got an unexpected keyword argument 'device_id'
"
161116_pytorch_to_pytorch_7.output.log,1,API Misuse,生成失败,"Warning: RANK environment variable not found. Setting defaults for single-process run.
","Traceback (most recent call last):
  File ""/home/ubuntu/SYAN/GRADUATE/TeRL/Step4-RunTestCase/final-data/single_reuse_test_case/161116_pytorch_to_pytorch_7.output.py"", line 59, in <module>
    main()
  File ""/home/ubuntu/SYAN/GRADUATE/TeRL/Step4-RunTestCase/final-data/single_reuse_test_case/161116_pytorch_to_pytorch_7.output.py"", line 30, in main
    device_id=local_rank,
TypeError: init_process_group() got an unexpected keyword argument 'device_id'
"
161116_pytorch_to_pytorch_8.output.log,0,Success,生成成功,"Cross entropy test passed. Loss: 1.8193072080612183
",
161116_pytorch_to_pytorch_9.output.log,0,Success,生成成功,"Test passed. Loss value: 0.7642464637756348
",
161186_pytorch_to_pytorch_1.output.log,0,Success,生成成功,"Iteration 0: 8.00 MiB
Iteration 1: 8.00 MiB
Iteration 2: 8.00 MiB
Iteration 3: 8.00 MiB
Iteration 4: 8.00 MiB
Iteration 5: 8.00 MiB
Iteration 6: 8.00 MiB
Iteration 7: 8.00 MiB
Iteration 8: 8.00 MiB
Iteration 9: 8.00 MiB
Iteration 10: 8.00 MiB
Iteration 11: 8.00 MiB
Iteration 12: 8.00 MiB
Iteration 13: 8.00 MiB
Iteration 14: 8.00 MiB
Iteration 15: 8.00 MiB
Iteration 16: 8.00 MiB
Iteration 17: 8.00 MiB
Iteration 18: 8.00 MiB
Iteration 19: 8.00 MiB
Iteration 20: 8.00 MiB
Iteration 21: 8.00 MiB
Iter",
161186_pytorch_to_pytorch_10.output.log,0,Success,生成成功,"Skipping test: Could not load model info. Error: type object 'torch._C.DispatchKey' has no attribute 'AutocastCPU'
","Downloading: ""https://github.com/pytorch/vision/zipball/main"" to /home/ubuntu/.cache/torch/hub/main.zip
"
161186_pytorch_to_pytorch_2.output.log,0,Success,生成成功,"0 28.0 MiB
1 32.0 MiB
2 36.0 MiB
3 40.0 MiB
4 44.0 MiB
5 48.0 MiB
6 52.0 MiB
7 56.0 MiB
8 60.0 MiB
9 64.0 MiB
10 68.0 MiB
11 72.0 MiB
12 76.0 MiB
13 80.0 MiB
14 84.0 MiB
15 88.0 MiB
16 92.0 MiB
17 96.0 MiB
18 100.0 MiB
19 104.0 MiB
20 108.0 MiB
21 112.0 MiB
22 116.0 MiB
23 120.0 MiB
24 124.0 MiB
25 128.0 MiB
26 132.0 MiB
27 136.0 MiB
28 140.0 MiB
29 144.0 MiB
30 148.0 MiB
31 152.0 MiB
32 156.0 MiB
33 160.0 MiB
34 164.0 MiB
35 168.0 MiB
36 172.0 MiB
37 176.0 MiB
38 180.0 MiB
39 184.0 MiB
40 188.0",
161186_pytorch_to_pytorch_3.output.log,0,Success,生成成功,"Starting memory leak test with torch.utils.checkpoint...
Iter 0: 8.00 MiB
Iter 1: 8.00 MiB
Iter 2: 8.00 MiB
Iter 3: 8.00 MiB
Iter 4: 8.00 MiB
Iter 5: 8.00 MiB
Iter 6: 8.00 MiB
Iter 7: 8.00 MiB
Iter 8: 8.00 MiB
Iter 9: 8.00 MiB
Iter 10: 8.00 MiB
Iter 11: 8.00 MiB
Iter 12: 8.00 MiB
Iter 13: 8.00 MiB
Iter 14: 8.00 MiB
Iter 15: 8.00 MiB
Iter 16: 8.00 MiB
Iter 17: 8.00 MiB
Iter 18: 8.00 MiB
Iter 19: 8.00 MiB
Iter 20: 8.00 MiB
Iter 21: 8.00 MiB
Iter 22: 8.00 MiB
Iter 23: 8.00 MiB
Iter 24: 8.00 MiB
Ite",
161186_pytorch_to_pytorch_4.output.log,0,Success,生成成功,"Rank 0: Starting test loop...
Rank 0, Iter 0, Memory: 0.00 MiB
Rank 0, Iter 10, Memory: 0.00 MiB
Rank 0, Iter 20, Memory: 0.00 MiB
Rank 0, Iter 30, Memory: 0.00 MiB
Rank 0, Iter 40, Memory: 0.00 MiB
Rank 0, Iter 50, Memory: 0.00 MiB
Rank 0, Iter 60, Memory: 0.00 MiB
Rank 0, Iter 70, Memory: 0.00 MiB
Rank 0, Iter 80, Memory: 0.00 MiB
Rank 0, Iter 90, Memory: 0.00 MiB
Rank 0: Finished. Memory Delta: 0.00 MiB
",
161186_pytorch_to_pytorch_5.output.log,0,Success,生成成功,"0 24.0 MiB
1 24.0 MiB
2 24.0 MiB
3 24.0 MiB
4 24.0 MiB
5 24.0 MiB
6 24.0 MiB
7 24.0 MiB
8 24.0 MiB
9 24.0 MiB
10 24.0 MiB
11 24.0 MiB
12 24.0 MiB
13 24.0 MiB
14 24.0 MiB
15 24.0 MiB
16 24.0 MiB
17 24.0 MiB
18 24.0 MiB
19 24.0 MiB
20 24.0 MiB
21 24.0 MiB
22 24.0 MiB
23 24.0 MiB
24 24.0 MiB
25 24.0 MiB
26 24.0 MiB
27 24.0 MiB
28 24.0 MiB
29 24.0 MiB
30 24.0 MiB
31 24.0 MiB
32 24.0 MiB
33 24.0 MiB
34 24.0 MiB
35 24.0 MiB
36 24.0 MiB
37 24.0 MiB
38 24.0 MiB
39 24.0 MiB
40 24.0 MiB
41 24.0 MiB
42 24.","/home/ubuntu/miniconda3/envs/TeRL-Running/lib/python3.7/site-packages/torch/nn/functional.py:3734: UserWarning: nn.functional.upsample is deprecated. Use nn.functional.interpolate instead.
  warnings.warn(""nn.functional.upsample is deprecated. Use nn.functional.interpolate instead."")
"
161186_pytorch_to_pytorch_6.output.log,0,Success,生成成功,"torch.export module not found. This test requires PyTorch >= 2.1. Skipping.
",
161186_pytorch_to_pytorch_7.output.log,0,Success,生成成功,,
161186_pytorch_to_pytorch_8.output.log,0,Success,生成成功,"0 8.0 MiB
1 8.0 MiB
2 8.0 MiB
3 8.0 MiB
4 8.0 MiB
5 8.0 MiB
6 8.0 MiB
7 8.0 MiB
8 8.0 MiB
9 8.0 MiB
10 8.0 MiB
11 8.0 MiB
12 8.0 MiB
13 8.0 MiB
14 8.0 MiB
15 8.0 MiB
16 8.0 MiB
17 8.0 MiB
18 8.0 MiB
19 8.0 MiB
20 8.0 MiB
21 8.0 MiB
22 8.0 MiB
23 8.0 MiB
24 8.0 MiB
25 8.0 MiB
26 8.0 MiB
27 8.0 MiB
28 8.0 MiB
29 8.0 MiB
30 8.0 MiB
31 8.0 MiB
32 8.0 MiB
33 8.0 MiB
34 8.0 MiB
35 8.0 MiB
36 8.0 MiB
37 8.0 MiB
38 8.0 MiB
39 8.0 MiB
40 8.0 MiB
41 8.0 MiB
42 8.0 MiB
43 8.0 MiB
44 8.0 MiB
45 8.0 MiB
46 8",
161186_pytorch_to_pytorch_9.output.log,-1,Timeout,生成失败,,"Timeout: Command '['python', '/home/ubuntu/SYAN/GRADUATE/TeRL/Step4-RunTestCase/final-data/single_reuse_test_case/161186_pytorch_to_pytorch_9.output.py']' timed out after 60 seconds"
161265_pytorch_to_pytorch_1.output.log,0,Success,生成成功,"MPS device not found. Skipping test.
",
161265_pytorch_to_pytorch_10.output.log,0,Success,生成成功,"Skipping test: MPS backend is not supported or missing required operators. Error: Could not run 'aten::empty.memory_format' with arguments from the 'MPS' backend. This could be because the operator doesn't exist for this backend, or was omitted during the selective/custom build process (if using custom build). If you are a Facebook employee using PyTorch on mobile, please visit https://fburl.com/ptmfixes for possible resolutions. 'aten::empty.memory_format' is only available for these backends: ",
161265_pytorch_to_pytorch_2.output.log,0,Success,生成成功,"MPS device not available. Skipping test.
",
161265_pytorch_to_pytorch_3.output.log,0,Success,生成成功,"MPS device is not available. Skipping test.
",
161265_pytorch_to_pytorch_4.output.log,0,Success,生成成功,"MPS device not found. Skipping test.
",
161265_pytorch_to_pytorch_5.output.log,0,Success,生成成功,"MPS device not found. Skipping test.
",
161265_pytorch_to_pytorch_6.output.log,0,Success,生成成功,"MPS device not available. Skipping test.
",
161265_pytorch_to_pytorch_7.output.log,0,Success,生成成功,"Expected index: 4294967305
Result index:   4294967305
",
161265_pytorch_to_pytorch_8.output.log,0,Success,生成成功,"MPS is not available. Skipping test.
",
161265_pytorch_to_pytorch_9.output.log,0,Success,生成成功,"MPS is not available. Skipping test.
",
161318_pytorch_to_pytorch_1.output.log,0,Success,生成成功,,
161318_pytorch_to_pytorch_10.output.log,0,Success,生成成功,"Rank 0: Test passed. Successfully gathered 2 objects.
",
161318_pytorch_to_pytorch_2.output.log,0,Success,生成成功,,
161318_pytorch_to_pytorch_3.output.log,1,API Misuse,生成失败,,"Traceback (most recent call last):
  File ""/home/ubuntu/SYAN/GRADUATE/TeRL/Step4-RunTestCase/final-data/single_reuse_test_case/161318_pytorch_to_pytorch_3.output.py"", line 13, in <module>
    @torch.library.register_fake(""testlib::data_dependent_slice"")
AttributeError: module 'torch.library' has no attribute 'register_fake'
"
161318_pytorch_to_pytorch_4.output.log,1,API Misuse,生成失败,"Warning: torch._dynamo not found. Skipping specific dynamo configuration.
","Traceback (most recent call last):
  File ""/home/ubuntu/SYAN/GRADUATE/TeRL/Step4-RunTestCase/final-data/single_reuse_test_case/161318_pytorch_to_pytorch_4.output.py"", line 13, in <module>
    @torch.compile(fullgraph=True)
AttributeError: module 'torch' has no attribute 'compile'
"
161318_pytorch_to_pytorch_5.output.log,0,Success,生成成功,"Skipping test: torch.compile requires PyTorch 2.0 or higher.
",
161318_pytorch_to_pytorch_6.output.log,0,Success,生成成功,"Warning: torch.compile not found. Running in eager mode.
Test passed. Eigenvalues: tensor([32.1672, 20.8895])
Test failed with error: 
",
161318_pytorch_to_pytorch_7.output.log,1,API Misuse,生成失败,"Warning: torch._dynamo not found. Running without torch.compile.
","Traceback (most recent call last):
  File ""/home/ubuntu/SYAN/GRADUATE/TeRL/Step4-RunTestCase/final-data/single_reuse_test_case/161318_pytorch_to_pytorch_7.output.py"", line 61, in <module>
    mp.spawn(run, args=(world_size,), nprocs=world_size, join=True)
  File ""/home/ubuntu/miniconda3/envs/TeRL-Running/lib/python3.7/site-packages/torch/multiprocessing/spawn.py"", line 240, in spawn
    return start_processes(fn, args, nprocs, join, daemon, start_method='spawn')
  File ""/home/ubuntu/miniconda3/e"
161318_pytorch_to_pytorch_8.output.log,1,API Misuse,生成失败,"Warning: torch._dynamo not found. Skipping dynamo config.
Warning: torch.compile not found. Using dummy identity function.
","Traceback (most recent call last):
  File ""/home/ubuntu/SYAN/GRADUATE/TeRL/Step4-RunTestCase/final-data/single_reuse_test_case/161318_pytorch_to_pytorch_8.output.py"", line 26, in <module>
    @torch.compile(fullgraph=True)
TypeError: <lambda>() missing 1 required positional argument: 'fn'
"
161318_pytorch_to_pytorch_9.output.log,0,Success,生成成功,,
161391_pytorch_to_pytorch_1.output.log,0,Success,生成成功,"psutil not available, skipping memory stats
psutil not available, skipping memory stats
psutil not available, skipping memory stats
psutil not available, skipping memory stats
psutil not available, skipping memory stats
psutil not available, skipping memory stats
psutil not available, skipping memory stats
psutil not available, skipping memory stats
psutil not available, skipping memory stats
psutil not available, skipping memory stats
psutil not available, skipping memory stats
psutil not avail",".
----------------------------------------------------------------------
Ran 1 test in 2.461s

OK
"
161391_pytorch_to_pytorch_10.output.log,1,Assertion Mismatch,生成成功，并且找到错误,,"E
======================================================================
ERROR: test_promote_types_non_leaf (__main__.TestPromoteTypesMemory)
----------------------------------------------------------------------
Traceback (most recent call last):
  File ""/home/ubuntu/SYAN/GRADUATE/TeRL/Step4-RunTestCase/final-data/single_reuse_test_case/161391_pytorch_to_pytorch_10.output.py"", line 43, in test_promote_types_non_leaf
    window_left
TypeError: promote_types(): argument 'type1' (position 1) must "
161391_pytorch_to_pytorch_2.output.log,0,Success,生成成功,"psutil not installed, skipping memory stats
psutil not installed, skipping memory stats
psutil not installed, skipping memory stats
psutil not installed, skipping memory stats
psutil not installed, skipping memory stats
psutil not installed, skipping memory stats
psutil not installed, skipping memory stats
psutil not installed, skipping memory stats
psutil not installed, skipping memory stats
psutil not installed, skipping memory stats
psutil not installed, skipping memory stats
psutil not insta",".
----------------------------------------------------------------------
Ran 1 test in 1.723s

OK
"
161391_pytorch_to_pytorch_3.output.log,0,Success,生成成功,"PyTorch tensors: 3
PyTorch tensors: 3
PyTorch tensors: 3
PyTorch tensors: 3
PyTorch tensors: 3
PyTorch tensors: 3
PyTorch tensors: 3
PyTorch tensors: 3
PyTorch tensors: 3
PyTorch tensors: 3
PyTorch tensors: 3
PyTorch tensors: 3
PyTorch tensors: 3
PyTorch tensors: 3
PyTorch tensors: 3
PyTorch tensors: 3
PyTorch tensors: 3
PyTorch tensors: 3
PyTorch tensors: 3
PyTorch tensors: 3
PyTorch tensors: 3
PyTorch tensors: 3
PyTorch tensors: 3
PyTorch tensors: 3
PyTorch tensors: 3
PyTorch tensors: 3
PyTorc","/home/ubuntu/miniconda3/envs/TeRL-Running/lib/python3.7/site-packages/torch/distributed/distributed_c10d.py:263: UserWarning: torch.distributed.reduce_op is deprecated, please use torch.distributed.ReduceOp instead
  ""torch.distributed.reduce_op is deprecated, please use ""
.
----------------------------------------------------------------------
Ran 1 test in 5.903s

OK
"
161391_pytorch_to_pytorch_4.output.log,0,Success,生成成功,"psutil not available, skipping memory stats
psutil not available, skipping memory stats
psutil not available, skipping memory stats
psutil not available, skipping memory stats
psutil not available, skipping memory stats
psutil not available, skipping memory stats
psutil not available, skipping memory stats
psutil not available, skipping memory stats
psutil not available, skipping memory stats
psutil not available, skipping memory stats
psutil not available, skipping memory stats
psutil not avail",".
----------------------------------------------------------------------
Ran 1 test in 1.807s

OK
"
161391_pytorch_to_pytorch_5.output.log,0,Success,生成成功,"psutil not available. PyTorch tensors: 6
psutil not available. PyTorch tensors: 8
psutil not available. PyTorch tensors: 10
psutil not available. PyTorch tensors: 12
psutil not available. PyTorch tensors: 14
psutil not available. PyTorch tensors: 16
psutil not available. PyTorch tensors: 18
psutil not available. PyTorch tensors: 20
psutil not available. PyTorch tensors: 22
psutil not available. PyTorch tensors: 24
psutil not available. PyTorch tensors: 26
psutil not available. PyTorch tensors: 2","/home/ubuntu/miniconda3/envs/TeRL-Running/lib/python3.7/site-packages/torch/distributed/distributed_c10d.py:263: UserWarning: torch.distributed.reduce_op is deprecated, please use torch.distributed.ReduceOp instead
  ""torch.distributed.reduce_op is deprecated, please use ""
.
----------------------------------------------------------------------
Ran 1 test in 6.065s

OK
"
161391_pytorch_to_pytorch_6.output.log,0,Success,生成成功,,".
----------------------------------------------------------------------
Ran 1 test in 2.890s

OK
"
161391_pytorch_to_pytorch_7.output.log,0,Success,生成成功,"psutil not installed, skipping memory stats
psutil not installed, skipping memory stats
psutil not installed, skipping memory stats
psutil not installed, skipping memory stats
psutil not installed, skipping memory stats
psutil not installed, skipping memory stats
psutil not installed, skipping memory stats
psutil not installed, skipping memory stats
psutil not installed, skipping memory stats
psutil not installed, skipping memory stats
psutil not installed, skipping memory stats
psutil not insta",".
----------------------------------------------------------------------
Ran 1 test in 1.433s

OK
"
161391_pytorch_to_pytorch_8.output.log,0,Success,生成成功,,".
----------------------------------------------------------------------
Ran 1 test in 1.775s

OK
"
161391_pytorch_to_pytorch_9.output.log,1,Assertion Mismatch,生成成功，并且找到错误,,"E
======================================================================
ERROR: test_cross_grad_cholesky_solve_cuda (__main__.TestLeafGradCholeskySolveCUDA)
----------------------------------------------------------------------
Traceback (most recent call last):
  File ""/home/ubuntu/SYAN/GRADUATE/TeRL/Step4-RunTestCase/final-data/single_reuse_test_case/161391_pytorch_to_pytorch_9.output.py"", line 51, in test_cross_grad_cholesky_solve_cuda
    A
RuntimeError: Incompatible matrix sizes for cholesk"
161393_pytorch_to_pytorch_10.output.log,0,Success,生成成功,"Rank 0 gathered objects: [tensor([[0, 0],
        [0, 1],
        [0, 2],
        [0, 3],
        [1, 0],
        [1, 1],
        [1, 2],
        [1, 3],
        [2, 0],
        [2, 1],
        [2, 2]]), tensor([[0, 0],
        [0, 1],
        [0, 2],
        [0, 3],
        [1, 0],
        [1, 1],
        [1, 2],
        [1, 3],
        [2, 0],
        [2, 1],
        [2, 2]])]
Test passed: torch.distributed.gather_object handled dynamic sliced tensor correctly.
",
161393_pytorch_to_pytorch_2.output.log,0,Success,生成成功,"Skipping test: torch._dynamo is not available (requires PyTorch >= 2.0)
",
161393_pytorch_to_pytorch_3.output.log,1,API Misuse,生成失败,"Warning: torch._dynamo is not available. Skipping dynamo configuration.
","Traceback (most recent call last):
  File ""/home/ubuntu/SYAN/GRADUATE/TeRL/Step4-RunTestCase/final-data/single_reuse_test_case/161393_pytorch_to_pytorch_3.output.py"", line 13, in <module>
    library.define(""mylib::custom_nonzero(Tensor x) -> Tensor"")
TypeError: define() missing 1 required positional argument: 'schema'
"
161393_pytorch_to_pytorch_4.output.log,0,Success,生成成功,"Test skipped: torch._dynamo is not available in this version of PyTorch.
",
161393_pytorch_to_pytorch_5.output.log,0,Success,生成成功,"tensor([False,  True,  True,  True,  True,  True,  True,  True,  True,  True,
         True])
",
161393_pytorch_to_pytorch_6.output.log,0,Success,生成成功,"Warning: torch.compile not found. Running function without compilation.
Test failed with error: LPBPCG algorithm is not applicable when the number of A rows (=5) is smaller than 3 x the number of requested eigenpairs (=2)
",
161393_pytorch_to_pytorch_8.output.log,0,Success,生成成功,"Skipping test: torch._dynamo is not available (requires PyTorch 2.0+).
",
161393_pytorch_to_pytorch_9.output.log,0,Success,生成成功,"Skipping test: torch._dynamo is not available in this environment.
",
161457_pytorch_to_pytorch_1.output.log,1,Assertion Mismatch,生成成功，并且找到错误,,"E
======================================================================
ERROR: test_reduce_bf16_correctness (__main__.TestDistributedReduce)
----------------------------------------------------------------------
Traceback (most recent call last):
  File ""/home/ubuntu/SYAN/GRADUATE/TeRL/Step4-RunTestCase/final-data/single_reuse_test_case/161457_pytorch_to_pytorch_1.output.py"", line 46, in test_reduce_bf16_correctness
    mp.spawn(worker, args=(world_size,), nprocs=world_size, join=True)
  File """
161457_pytorch_to_pytorch_10.output.log,0,Success,生成成功,,".
----------------------------------------------------------------------
Ran 1 test in 1.391s

OK
"
161457_pytorch_to_pytorch_2.output.log,0,Success,生成成功,,"s
----------------------------------------------------------------------
Ran 1 test in 0.000s

OK (skipped=1)
"
161457_pytorch_to_pytorch_3.output.log,1,Assertion Mismatch,生成成功，并且找到错误,,"E
======================================================================
ERROR: test_custom_op_with_impl_abstract (__main__.TestLibraryImplAbstract)
----------------------------------------------------------------------
Traceback (most recent call last):
  File ""/home/ubuntu/SYAN/GRADUATE/TeRL/Step4-RunTestCase/final-data/single_reuse_test_case/161457_pytorch_to_pytorch_3.output.py"", line 23, in test_custom_op_with_impl_abstract
    torch.library.register_fake(""test_ns::my_op"", my_op_abstract)
A"
161457_pytorch_to_pytorch_4.output.log,0,Success,生成成功,,"s
----------------------------------------------------------------------
Ran 1 test in 0.000s

OK (skipped=1)
"
161457_pytorch_to_pytorch_5.output.log,0,Success,生成成功,,"s
----------------------------------------------------------------------
Ran 1 test in 0.063s

OK (skipped=1)
"
161457_pytorch_to_pytorch_6.output.log,0,Success,生成成功,,
161457_pytorch_to_pytorch_7.output.log,0,Success,生成成功,"Rank 0: Skipping test. send_object_list/recv_object_list requires PyTorch >= 2.0.
Rank 1: Skipping test. send_object_list/recv_object_list requires PyTorch >= 2.0.
",
161457_pytorch_to_pytorch_8.output.log,1,Assertion Mismatch,生成成功，并且找到错误,,"E
======================================================================
ERROR: test_recv_object_list_compile_bfloat16 (__main__.TestDistributedRecvObjectList)
----------------------------------------------------------------------
Traceback (most recent call last):
  File ""/home/ubuntu/SYAN/GRADUATE/TeRL/Step4-RunTestCase/final-data/single_reuse_test_case/161457_pytorch_to_pytorch_8.output.py"", line 66, in test_recv_object_list_compile_bfloat16
    mp.spawn(run, args=(2,), nprocs=2)
  File ""/hom"
161457_pytorch_to_pytorch_9.output.log,1,Assertion Mismatch,生成成功，并且找到错误,,"Traceback (most recent call last):
  File ""/home/ubuntu/SYAN/GRADUATE/TeRL/Step4-RunTestCase/final-data/single_reuse_test_case/161457_pytorch_to_pytorch_9.output.py"", line 62, in <module>
    run_test()
  File ""/home/ubuntu/SYAN/GRADUATE/TeRL/Step4-RunTestCase/final-data/single_reuse_test_case/161457_pytorch_to_pytorch_9.output.py"", line 59, in run_test
    mp.spawn(test_broadcast_object_list, args=(world_size,), nprocs=world_size, join=True)
  File ""/home/ubuntu/miniconda3/envs/TeRL-Running/lib"
161563_pytorch_to_pytorch_1.output.log,0,Success,生成成功,"transformers library not found. Using mocks to test pruning logic.
Test passed: torch.nn.utils.prune.global_unstructured executed successfully.
",
161563_pytorch_to_pytorch_10.output.log,0,Success,生成成功,"torch.export is not available in this version of PyTorch. Skipping test.
",
161563_pytorch_to_pytorch_2.output.log,1,API Misuse,生成失败,,"Traceback (most recent call last):
  File ""/home/ubuntu/SYAN/GRADUATE/TeRL/Step4-RunTestCase/final-data/single_reuse_test_case/161563_pytorch_to_pytorch_2.output.py"", line 23, in <module>
    result = torch.library.opcheck(op_to_test, args)
AttributeError: module 'torch.library' has no attribute 'opcheck'
"
161563_pytorch_to_pytorch_3.output.log,0,Success,生成成功,,
161563_pytorch_to_pytorch_4.output.log,0,Success,生成成功,"Unexpected error: module 'torch' has no attribute 'export'
",
161563_pytorch_to_pytorch_5.output.log,0,Success,生成成功,"Test Skipped: 'transformers' library is not installed.
",
161563_pytorch_to_pytorch_6.output.log,0,Success,生成成功,"Test passed: torch.pca_lowrank executed successfully.
",
161563_pytorch_to_pytorch_7.output.log,0,Success,生成成功,"Skipping test: torch.export module not found.
",
161563_pytorch_to_pytorch_8.output.log,1,API Misuse,生成失败,,"Traceback (most recent call last):
  File ""/home/ubuntu/SYAN/GRADUATE/TeRL/Step4-RunTestCase/final-data/single_reuse_test_case/161563_pytorch_to_pytorch_8.output.py"", line 53, in <module>
    test_export_with_registered_vmap()
  File ""/home/ubuntu/SYAN/GRADUATE/TeRL/Step4-RunTestCase/final-data/single_reuse_test_case/161563_pytorch_to_pytorch_8.output.py"", line 23, in test_export_with_registered_vmap
    @torch.library.register_vmap(""test_ns::custom_op"")
AttributeError: module 'torch.library' ha"
161563_pytorch_to_pytorch_9.output.log,0,Success,生成成功,"Skipping test: 'transformers' library is not installed.
",
161610_pytorch_to_pytorch_1.output.log,0,Success,生成成功,"
Testing NamedTuple with torch.distributed.reduce:
NamedTuple result: 4.0
Test Passed: Dynamic attribute persisted.
",
161610_pytorch_to_pytorch_10.output.log,0,Success,生成成功,"
Testing NamedTuple with gather_object:
NamedTuple gather_object result: 4.0
",
161610_pytorch_to_pytorch_2.output.log,0,Success,生成成功,"
Testing torch.prod with NamedTuple containing dynamic attribute:
torch.prod result: 2.0
Assertion passed: torch.prod handled the NamedTuple correctly.
",
161610_pytorch_to_pytorch_3.output.log,1,API Misuse,生成失败,,"Traceback (most recent call last):
  File ""/home/ubuntu/SYAN/GRADUATE/TeRL/Step4-RunTestCase/final-data/single_reuse_test_case/161610_pytorch_to_pytorch_3.output.py"", line 18, in <module>
    @torch.library.register_fake(""test::custom_op"")
AttributeError: module 'torch.library' has no attribute 'register_fake'
"
161610_pytorch_to_pytorch_4.output.log,0,Success,生成成功,"Testing torch.all with NamedTuple subclass:
torch.all result: True
",
161610_pytorch_to_pytorch_5.output.log,1,API Misuse,生成失败,"
Testing torch.any with eager execution:
Eager torch.any result: True

Testing torch.any with torch.compile (eager backend):
","Traceback (most recent call last):
  File ""/home/ubuntu/SYAN/GRADUATE/TeRL/Step4-RunTestCase/final-data/single_reuse_test_case/161610_pytorch_to_pytorch_5.output.py"", line 26, in <module>
    result_compiled = torch.compile(fn_any, backend=""eager"")(extended_tup)
AttributeError: module 'torch' has no attribute 'compile'
"
161610_pytorch_to_pytorch_6.output.log,0,Success,生成成功,"
Testing NamedTuple with __setattr__ and torch.lobpcg (Eager):
Eager extra_info: 4.0

Testing NamedTuple with __setattr__ and torch.lobpcg (Compiled):
Test Failed: module 'torch' has no attribute 'compile'
",
161610_pytorch_to_pytorch_7.output.log,0,Success,生成成功,"
Testing NamedTuple with torch.distributed.broadcast_object_list:
Rank 0: Broadcasting object with dynamic attribute 'extra_info'.
Rank 1: Received object successfully. extra_info = 4.0
",
161610_pytorch_to_pytorch_8.output.log,1,API Misuse,生成失败,"Rank 0: Sending object with extra_info = 4.0
","Traceback (most recent call last):
  File ""/home/ubuntu/SYAN/GRADUATE/TeRL/Step4-RunTestCase/final-data/single_reuse_test_case/161610_pytorch_to_pytorch_8.output.py"", line 65, in <module>
    mp.spawn(run, args=(world_size, file_path), nprocs=world_size, join=True)
  File ""/home/ubuntu/miniconda3/envs/TeRL-Running/lib/python3.7/site-packages/torch/multiprocessing/spawn.py"", line 240, in spawn
    return start_processes(fn, args, nprocs, join, daemon, start_method='spawn')
  File ""/home/ubuntu/mi"
161610_pytorch_to_pytorch_9.output.log,1,Unknown Failure,生成失败,"
Testing custom class with broadcast_object_list:
Broadcast result: 4.0
","Traceback (most recent call last):
  File ""/home/ubuntu/SYAN/GRADUATE/TeRL/Step4-RunTestCase/final-data/single_reuse_test_case/161610_pytorch_to_pytorch_9.output.py"", line 52, in <module>
    main()
  File ""/home/ubuntu/SYAN/GRADUATE/TeRL/Step4-RunTestCase/final-data/single_reuse_test_case/161610_pytorch_to_pytorch_9.output.py"", line 49, in main
    os.remove(tmpfile.name)
FileNotFoundError: [Errno 2] No such file or directory: '/tmp/tmpxr5c7h50'
"
161611_pytorch_to_pytorch_1.output.log,0,Success,生成成功,"Test passed: torch.ones dtype handling is correct and redundant conversion is unnecessary.
",
161611_pytorch_to_pytorch_10.output.log,0,Success,生成成功,"Test passed.
",
161611_pytorch_to_pytorch_2.output.log,0,Success,生成成功,"Test passed.
",
161611_pytorch_to_pytorch_3.output.log,0,Success,生成成功,"Test passed: torch.linspace respects initial dtype, making .to() redundant.
",
161611_pytorch_to_pytorch_4.output.log,0,Success,生成成功,"Test passed: Redundant .to() call was ineffective as expected.
",
161611_pytorch_to_pytorch_5.output.log,0,Success,生成成功,"Skipping torch._numpy tests: module not found in this PyTorch version.
Test passed.
",
161611_pytorch_to_pytorch_6.output.log,0,Success,生成成功,"Test passed successfully.
",
161611_pytorch_to_pytorch_7.output.log,0,Success,生成成功,"Test passed.
",
161611_pytorch_to_pytorch_8.output.log,0,Success,生成成功,"Test passed: torch.det handles redundant dtype conversions correctly.
",
161611_pytorch_to_pytorch_9.output.log,0,Success,生成成功,"Test passed: Redundant dtype conversion is verified as ineffective.
",
161618_pytorch_to_pytorch_1.output.log,0,Success,生成成功,"Skipping test: torch._inductor module not found.
",
161618_pytorch_to_pytorch_10.output.log,0,Success,生成成功,"This test case requires a distributed environment.
Please run using torchrun, for example:
torchrun --nproc_per_node=2 <script_name>.py
",
161618_pytorch_to_pytorch_2.output.log,0,Success,生成成功,"Skipping test: torch._inductor module not found.
",
161618_pytorch_to_pytorch_3.output.log,1,API Misuse,生成失败,,"Traceback (most recent call last):
  File ""/home/ubuntu/SYAN/GRADUATE/TeRL/Step4-RunTestCase/final-data/single_reuse_test_case/161618_pytorch_to_pytorch_3.output.py"", line 10, in <module>
    @torch.library.register_fake(""test::addmm"")
AttributeError: module 'torch.library' has no attribute 'register_fake'
"
161618_pytorch_to_pytorch_4.output.log,0,Success,生成成功,"Module 'torch._inductor' not found. This test requires PyTorch 2.0+ with inductor support. Skipping test.
",
161618_pytorch_to_pytorch_5.output.log,1,API Misuse,生成失败,"Warning: torch._inductor not found. Running torch.compile without specific Inductor configurations.
","Traceback (most recent call last):
  File ""/home/ubuntu/SYAN/GRADUATE/TeRL/Step4-RunTestCase/final-data/single_reuse_test_case/161618_pytorch_to_pytorch_5.output.py"", line 30, in <module>
    compiled = torch.compile(f, dynamic=False)
AttributeError: module 'torch' has no attribute 'compile'
"
161618_pytorch_to_pytorch_6.output.log,0,Success,生成成功,"Skipping test: torch._inductor module not found. This test requires a PyTorch version with Inductor support (typically PyTorch 2.0+).
",
161618_pytorch_to_pytorch_7.output.log,1,API Misuse,生成失败,,"Traceback (most recent call last):
  File ""/home/ubuntu/SYAN/GRADUATE/TeRL/Step4-RunTestCase/final-data/single_reuse_test_case/161618_pytorch_to_pytorch_7.output.py"", line 89, in <module>
    mp.spawn(run_test, args=(world_size,), nprocs=world_size, join=True)
  File ""/home/ubuntu/miniconda3/envs/TeRL-Running/lib/python3.7/site-packages/torch/multiprocessing/spawn.py"", line 240, in spawn
    return start_processes(fn, args, nprocs, join, daemon, start_method='spawn')
  File ""/home/ubuntu/minicon"
161618_pytorch_to_pytorch_8.output.log,1,API Misuse,生成失败,,"Traceback (most recent call last):
  File ""/home/ubuntu/SYAN/GRADUATE/TeRL/Step4-RunTestCase/final-data/single_reuse_test_case/161618_pytorch_to_pytorch_8.output.py"", line 73, in <module>
    mp.spawn(run_test, args=(world_size,), nprocs=world_size, join=True)
  File ""/home/ubuntu/miniconda3/envs/TeRL-Running/lib/python3.7/site-packages/torch/multiprocessing/spawn.py"", line 240, in spawn
    return start_processes(fn, args, nprocs, join, daemon, start_method='spawn')
  File ""/home/ubuntu/minicon"
161618_pytorch_to_pytorch_9.output.log,0,Success,生成成功,"Rank 1 successfully verified broadcasted objects.
",
161729_pytorch_to_pytorch_1.output.log,0,Success,生成成功,"torch.symeig Eigenvalues: torch.Size([1024]) (1,)
torch.symeig Eigenvectors: torch.Size([1024, 1024]) (1, 1024)
numpy.linalg.eigh Eigenvalues: (1024,) (4,)
numpy.linalg.eigh Eigenvectors: (1024, 1024) (4096, 4)
","/home/ubuntu/SYAN/GRADUATE/TeRL/Step4-RunTestCase/final-data/single_reuse_test_case/161729_pytorch_to_pytorch_1.output.py:16: UserWarning: torch.symeig is deprecated in favor of torch.linalg.eigh and will be removed in a future PyTorch release.
The default behavior has changed from using the upper triangular portion of the matrix by default to using the lower triangular portion.
L, _ = torch.symeig(A, upper=upper)
should be replaced with
L = torch.linalg.eigvalsh(A, UPLO='U' if upper else 'L')
a"
161729_pytorch_to_pytorch_10.output.log,0,Success,生成成功,"Input shape: torch.Size([128, 1024]), stride: (1024, 1)
torch.isnan output shape: torch.Size([128, 1024]), stride: (1024, 1)
numpy.isnan output shape: (128, 1024), strides: (1024, 1)

Transposed Input shape: torch.Size([1024, 128]), stride: (1, 1024)
torch.isnan output shape: torch.Size([1024, 128]), stride: (1, 1024)
numpy.isnan output shape: (1024, 128), strides: (1, 1024)

Test passed: torch.isnan preserves strides correctly.
",
161729_pytorch_to_pytorch_2.output.log,0,Success,生成成功,"Output shape: torch.Size([16, 64, 34, 34, 34])
Output strides: (2515456, 39304, 1156, 34, 1)
Expected strides (contiguous): (2515456, 39304, 1156, 34, 1)
",
161729_pytorch_to_pytorch_3.output.log,0,Success,生成成功,"Linear output shape: torch.Size([128, 4096]) stride: (4096, 1)
Conv Transpose 1d output shape: torch.Size([128, 4096, 1]) stride: (4096, 1, 1)
",
161729_pytorch_to_pytorch_4.output.log,0,Success,生成成功,"Output shape: torch.Size([128, 4096, 1, 1])
Output stride: (4096, 1, 1, 1)
Expected stride: (4096, 1, 1, 1)
",
161729_pytorch_to_pytorch_5.output.log,0,Success,生成成功,"torch.Size([128, 1024]) (1024, 1)
",
161729_pytorch_to_pytorch_6.output.log,0,Success,生成成功,"torch.Size([128, 4096]) (4096, 1)
(128, 4096) (16384, 4)
",
161729_pytorch_to_pytorch_7.output.log,0,Success,生成成功,"torch.take shape: torch.Size([128, 4096]) stride: (4096, 1)
numpy.take shape: (128, 4096) stride: (16384, 4)
",
161729_pytorch_to_pytorch_8.output.log,0,Success,生成成功,"Testing torch.nn.functional.softshrink
Input x shape: torch.Size([128, 1024]), stride: (1024, 1)
Output x shape: torch.Size([128, 1024]), stride: (1024, 1)

Input x.t() shape: torch.Size([1024, 128]), stride: (1, 1024)
Output x.t() shape: torch.Size([1024, 128]), stride: (1, 1024)

NumPy output shape: (128, 1024), strides: (4096, 4)
PyTorch output shape: (128, 1024), strides: (4096, 4)
",
161729_pytorch_to_pytorch_9.output.log,0,Success,生成成功,"Linear output shape: torch.Size([128, 4096]), stride: (4096, 1)
Vector from Linear shape: torch.Size([524288]), stride: (1,)
Einsum output shape: torch.Size([128, 4096]), stride: (1, 128)
RuntimeError when vectorizing einsum output: view size is not compatible with input tensor's size and stride (at least one dimension spans across two contiguous subspaces). Use .reshape(...) instead.
Vector from W shape: torch.Size([4194304]), stride: (1,)
",
161763_pytorch_to_pytorch_1.output.log,0,Success,生成成功,"Result of reduction: 112
Test passed.
",
161763_pytorch_to_pytorch_10.output.log,0,Success,生成成功,"Test passed: torch.distributed.gather_object correctly handled uint8 tensor computations.
",
161763_pytorch_to_pytorch_2.output.log,0,Success,生成成功,"Warning: torch.compile is not available in this version of PyTorch. Mocking it as identity function.
input: tensor([[ 1.5410, -0.2934],
        [-2.1788,  0.5684]])
res[0]: 24
cres[0]: 24
res[1]: tensor([[25.5410, 23.7066],
        [21.8212, 24.5684]])
cres[1]: tensor([[25.5410, 23.7066],
        [21.8212, 24.5684]])
",
161763_pytorch_to_pytorch_3.output.log,1,API Misuse,生成失败,,"Traceback (most recent call last):
  File ""/home/ubuntu/SYAN/GRADUATE/TeRL/Step4-RunTestCase/final-data/single_reuse_test_case/161763_pytorch_to_pytorch_3.output.py"", line 10, in <module>
    @library.register_fake(""custom::neg_add_uint8"")
AttributeError: module 'torch.library' has no attribute 'register_fake'
"
161763_pytorch_to_pytorch_4.output.log,1,API Misuse,生成失败,"input: tensor([[ 1.5410, -0.2934],
        [-2.1788,  0.5684]])
","Traceback (most recent call last):
  File ""/home/ubuntu/SYAN/GRADUATE/TeRL/Step4-RunTestCase/final-data/single_reuse_test_case/161763_pytorch_to_pytorch_4.output.py"", line 13, in <module>
    cfoo = torch.compile(foo)
AttributeError: module 'torch' has no attribute 'compile'
"
161763_pytorch_to_pytorch_5.output.log,1,API Misuse,生成失败,"input: tensor([[0, 1],
        [1, 0]], dtype=torch.uint8)
","Traceback (most recent call last):
  File ""/home/ubuntu/SYAN/GRADUATE/TeRL/Step4-RunTestCase/final-data/single_reuse_test_case/161763_pytorch_to_pytorch_5.output.py"", line 13, in <module>
    cfoo = torch.compile(foo)
AttributeError: module 'torch' has no attribute 'compile'
"
161763_pytorch_to_pytorch_7.output.log,0,Success,生成成功,"Test passed: send/recv correctly handled uint8 tensors and arithmetic results.
",
161763_pytorch_to_pytorch_8.output.log,1,API Misuse,生成失败,,"Traceback (most recent call last):
  File ""/home/ubuntu/SYAN/GRADUATE/TeRL/Step4-RunTestCase/final-data/single_reuse_test_case/161763_pytorch_to_pytorch_8.output.py"", line 70, in <module>
    main()
  File ""/home/ubuntu/SYAN/GRADUATE/TeRL/Step4-RunTestCase/final-data/single_reuse_test_case/161763_pytorch_to_pytorch_8.output.py"", line 67, in main
    mp.spawn(test_recv_object_list_uint8, args=(world_size,), nprocs=world_size, join=True)
  File ""/home/ubuntu/miniconda3/envs/TeRL-Running/lib/python"
161763_pytorch_to_pytorch_9.output.log,0,Success,生成成功,"Rank 0 broadcasting: neg_c=249, res_add shape=torch.Size([2, 2])
Rank 1: All assertions passed.
",
161812_pytorch_to_pytorch_1.output.log,0,Success,生成成功,"Skipping test: torch.jagged layout is not available in this PyTorch version.
",
161812_pytorch_to_pytorch_10.output.log,0,Success,生成成功,"torch.gather failed on dim 0: Could not run 'aten::gather' with arguments from the 'NestedTensorCPU' backend. This could be because the operator doesn't exist for this backend, or was omitted during the selective/custom build process (if using custom build). If you are a Facebook employee using PyTorch on mobile, please visit https://fburl.com/ptmfixes for possible resolutions. 'aten::gather' is only available for these backends: [CPU, CUDA, HIP, MPS, IPU, XPU, HPU, VE, Meta, PrivateUse1, Privat","/home/ubuntu/miniconda3/envs/TeRL-Running/lib/python3.7/site-packages/torch/nested/__init__.py:47: UserWarning: The PyTorch API of nested tensors is in prototype stage and will change in the near future. (Triggered internally at ../aten/src/ATen/NestedTensorImpl.cpp:175.)
  nt = torch._nested_tensor_from_tensor_list(new_data, dtype, None, device, pin_memory)
"
161812_pytorch_to_pytorch_2.output.log,0,Success,生成成功,,
161812_pytorch_to_pytorch_3.output.log,1,Environment Failure,生成失败,"Test failed with error: Could not run 'aten::triu' with arguments from the 'NestedTensorCPU' backend. This could be because the operator doesn't exist for this backend, or was omitted during the selective/custom build process (if using custom build). If you are a Facebook employee using PyTorch on mobile, please visit https://fburl.com/ptmfixes for possible resolutions. 'aten::triu' is only available for these backends: [CPU, CUDA, HIP, MPS, IPU, XPU, HPU, VE, Meta, PrivateUse1, PrivateUse2, Pri","/home/ubuntu/miniconda3/envs/TeRL-Running/lib/python3.7/site-packages/torch/nested/__init__.py:47: UserWarning: The PyTorch API of nested tensors is in prototype stage and will change in the near future. (Triggered internally at ../aten/src/ATen/NestedTensorImpl.cpp:175.)
  nt = torch._nested_tensor_from_tensor_list(new_data, dtype, None, device, pin_memory)
Traceback (most recent call last):
  File ""/home/ubuntu/SYAN/GRADUATE/TeRL/Step4-RunTestCase/final-data/single_reuse_test_case/161812_pytor"
161812_pytorch_to_pytorch_4.output.log,0,Success,生成成功,"Test skipped: torch.jagged is not available in this PyTorch version.
",
161812_pytorch_to_pytorch_5.output.log,0,Success,生成成功,,"/home/ubuntu/miniconda3/envs/TeRL-Running/lib/python3.7/site-packages/torch/nested/__init__.py:47: UserWarning: The PyTorch API of nested tensors is in prototype stage and will change in the near future. (Triggered internally at ../aten/src/ATen/NestedTensorImpl.cpp:175.)
  nt = torch._nested_tensor_from_tensor_list(new_data, dtype, None, device, pin_memory)
"
161812_pytorch_to_pytorch_6.output.log,1,Environment Failure,生成失败,,"/home/ubuntu/miniconda3/envs/TeRL-Running/lib/python3.7/site-packages/torch/nested/__init__.py:47: UserWarning: The PyTorch API of nested tensors is in prototype stage and will change in the near future. (Triggered internally at ../aten/src/ATen/NestedTensorImpl.cpp:175.)
  nt = torch._nested_tensor_from_tensor_list(new_data, dtype, None, device, pin_memory)
Traceback (most recent call last):
  File ""/home/ubuntu/SYAN/GRADUATE/TeRL/Step4-RunTestCase/final-data/single_reuse_test_case/161812_pytor"
161812_pytorch_to_pytorch_7.output.log,1,Environment Failure,生成失败,,"/home/ubuntu/miniconda3/envs/TeRL-Running/lib/python3.7/site-packages/torch/nested/__init__.py:47: UserWarning: The PyTorch API of nested tensors is in prototype stage and will change in the near future. (Triggered internally at ../aten/src/ATen/NestedTensorImpl.cpp:175.)
  nt = torch._nested_tensor_from_tensor_list(new_data, dtype, None, device, pin_memory)
Traceback (most recent call last):
  File ""/home/ubuntu/SYAN/GRADUATE/TeRL/Step4-RunTestCase/final-data/single_reuse_test_case/161812_pytor"
161812_pytorch_to_pytorch_8.output.log,0,Success,生成成功,"torch.chunk failed on dim 0: Could not run 'aten::split.Tensor' with arguments from the 'NestedTensorCPU' backend. This could be because the operator doesn't exist for this backend, or was omitted during the selective/custom build process (if using custom build). If you are a Facebook employee using PyTorch on mobile, please visit https://fburl.com/ptmfixes for possible resolutions. 'aten::split.Tensor' is only available for these backends: [CPU, CUDA, HIP, XLA, MPS, IPU, XPU, HPU, VE, Lazy, Met","/home/ubuntu/miniconda3/envs/TeRL-Running/lib/python3.7/site-packages/torch/nested/__init__.py:47: UserWarning: The PyTorch API of nested tensors is in prototype stage and will change in the near future. (Triggered internally at ../aten/src/ATen/NestedTensorImpl.cpp:175.)
  nt = torch._nested_tensor_from_tensor_list(new_data, dtype, None, device, pin_memory)
"
161812_pytorch_to_pytorch_9.output.log,0,Success,生成成功,"Test failed with error: Could not run 'aten::gather' with arguments from the 'NestedTensorCPU' backend. This could be because the operator doesn't exist for this backend, or was omitted during the selective/custom build process (if using custom build). If you are a Facebook employee using PyTorch on mobile, please visit https://fburl.com/ptmfixes for possible resolutions. 'aten::gather' is only available for these backends: [CPU, CUDA, HIP, MPS, IPU, XPU, HPU, VE, Meta, PrivateUse1, PrivateUse2,","/home/ubuntu/miniconda3/envs/TeRL-Running/lib/python3.7/site-packages/torch/nested/__init__.py:47: UserWarning: The PyTorch API of nested tensors is in prototype stage and will change in the near future. (Triggered internally at ../aten/src/ATen/NestedTensorImpl.cpp:175.)
  nt = torch._nested_tensor_from_tensor_list(new_data, dtype, None, device, pin_memory)
"
161875_pytorch_to_pytorch_1.output.log,0,Success,生成成功,,"/home/ubuntu/miniconda3/envs/TeRL-Running/lib/python3.7/site-packages/torch/nn/modules/lazy.py:180: UserWarning: Lazy modules are a new feature under heavy development so changes to the API or functionality can happen at any moment.
  warnings.warn('Lazy modules are a new feature under heavy development '
"
161875_pytorch_to_pytorch_10.output.log,0,Success,生成成功,"Test passed: Caught expected exception: IsADirectoryError
",
161875_pytorch_to_pytorch_2.output.log,0,Success,生成成功,,"/home/ubuntu/miniconda3/envs/TeRL-Running/lib/python3.7/site-packages/torch/nn/modules/lazy.py:180: UserWarning: Lazy modules are a new feature under heavy development so changes to the API or functionality can happen at any moment.
  warnings.warn('Lazy modules are a new feature under heavy development '
"
161875_pytorch_to_pytorch_3.output.log,0,Success,生成成功,"Forward pass completed without crashing.
","/home/ubuntu/miniconda3/envs/TeRL-Running/lib/python3.7/site-packages/torch/nn/modules/lazy.py:180: UserWarning: Lazy modules are a new feature under heavy development so changes to the API or functionality can happen at any moment.
  warnings.warn('Lazy modules are a new feature under heavy development '
"
161875_pytorch_to_pytorch_4.output.log,0,Success,生成成功,,"/home/ubuntu/miniconda3/envs/TeRL-Running/lib/python3.7/site-packages/torch/nn/modules/lazy.py:180: UserWarning: Lazy modules are a new feature under heavy development so changes to the API or functionality can happen at any moment.
  warnings.warn('Lazy modules are a new feature under heavy development '
"
161875_pytorch_to_pytorch_5.output.log,0,Success,生成成功,,"/home/ubuntu/miniconda3/envs/TeRL-Running/lib/python3.7/site-packages/torch/nn/modules/lazy.py:180: UserWarning: Lazy modules are a new feature under heavy development so changes to the API or functionality can happen at any moment.
  warnings.warn('Lazy modules are a new feature under heavy development '
"
161875_pytorch_to_pytorch_6.output.log,0,Success,生成成功,"Exception raised: padding_idx must be within the number of embeddings, -10 through 9, but got 9223372036854775803
",
161875_pytorch_to_pytorch_7.output.log,0,Success,生成成功,"Test passed: Caught expected RuntimeError for storage size overflow.
","/home/ubuntu/miniconda3/envs/TeRL-Running/lib/python3.7/site-packages/torch/nn/functional.py:4070: UserWarning: nn.functional.upsample_bilinear is deprecated. Use nn.functional.interpolate instead.
  warnings.warn(""nn.functional.upsample_bilinear is deprecated. Use nn.functional.interpolate instead."")
"
161875_pytorch_to_pytorch_8.output.log,0,Success,生成成功,,
161875_pytorch_to_pytorch_9.output.log,0,Success,生成成功,"Caught exception: AssertionError: Padding_idx must be within num_embeddings
",
161877_pytorch_to_pytorch_1.output.log,0,Success,生成成功,,
161877_pytorch_to_pytorch_10.output.log,0,Success,生成成功,"Test passed: torch.randn_like executed successfully without aborting.
",
161877_pytorch_to_pytorch_2.output.log,0,Success,生成成功,,
161877_pytorch_to_pytorch_3.output.log,0,Success,生成成功,,
161877_pytorch_to_pytorch_4.output.log,0,Success,生成成功,"Test passed: torch.nn.functional.instance_norm handled the input data correctly.
",
161877_pytorch_to_pytorch_5.output.log,0,Success,生成成功,,
161877_pytorch_to_pytorch_6.output.log,0,Success,生成成功,,
161877_pytorch_to_pytorch_7.output.log,0,Success,生成成功,,
161877_pytorch_to_pytorch_8.output.log,0,Success,生成成功,"Test completed successfully.
",
161877_pytorch_to_pytorch_9.output.log,0,Success,生成成功,"Caught unexpected exception: IndexError: Dimension out of range (expected to be in range of [-3, 2], but got 9223372036854775803)
",
161888_pytorch_to_pytorch_1.output.log,1,Unknown Failure,生成失败,"1.13.1+cu116
","Traceback (most recent call last):
  File ""/home/ubuntu/SYAN/GRADUATE/TeRL/Step4-RunTestCase/final-data/single_reuse_test_case/161888_pytorch_to_pytorch_1.output.py"", line 35, in <module>
    r2 = r1(*input[2], **input[3])
  File ""/home/ubuntu/miniconda3/envs/TeRL-Running/lib/python3.7/site-packages/torch/nn/modules/module.py"", line 1194, in _call_impl
    return forward_call(*input, **kwargs)
  File ""/home/ubuntu/miniconda3/envs/TeRL-Running/lib/python3.7/site-packages/torch/nn/modules/pooling."
161888_pytorch_to_pytorch_10.output.log,1,Unknown Failure,生成失败,"1.13.1+cu116
","Traceback (most recent call last):
  File ""/home/ubuntu/SYAN/GRADUATE/TeRL/Step4-RunTestCase/final-data/single_reuse_test_case/161888_pytorch_to_pytorch_10.output.py"", line 25, in <module>
    r2 = r1(*input[2],**input[3])
  File ""/home/ubuntu/miniconda3/envs/TeRL-Running/lib/python3.7/site-packages/torch/nn/modules/module.py"", line 1194, in _call_impl
    return forward_call(*input, **kwargs)
  File ""/home/ubuntu/miniconda3/envs/TeRL-Running/lib/python3.7/site-packages/torch/nn/modules/batchnor"
161888_pytorch_to_pytorch_2.output.log,1,Unknown Failure,生成失败,"PyTorch version: 1.13.1+cu116
","Traceback (most recent call last):
  File ""/home/ubuntu/SYAN/GRADUATE/TeRL/Step4-RunTestCase/final-data/single_reuse_test_case/161888_pytorch_to_pytorch_2.output.py"", line 32, in <module>
    r2 = r1(*input_data[2], **input_data[3])
  File ""/home/ubuntu/miniconda3/envs/TeRL-Running/lib/python3.7/site-packages/torch/nn/modules/module.py"", line 1194, in _call_impl
    return forward_call(*input, **kwargs)
  File ""/home/ubuntu/miniconda3/envs/TeRL-Running/lib/python3.7/site-packages/torch/nn/module"
161888_pytorch_to_pytorch_3.output.log,0,Success,生成成功,"1.13.1+cu116
Caught expected exception: RuntimeError: The size of tensor a (7) must match the size of tensor b (8) at non-singleton dimension 3
","/home/ubuntu/miniconda3/envs/TeRL-Running/lib/python3.7/site-packages/torch/nn/_reduction.py:42: UserWarning: size_average and reduce args will be deprecated, please use reduction='sum' instead.
  warnings.warn(warning.format(ret))
/home/ubuntu/miniconda3/envs/TeRL-Running/lib/python3.7/site-packages/torch/nn/modules/loss.py:101: UserWarning: Using a target size (torch.Size([1, 6, 4, 8])) that is different to the input size (torch.Size([9, 3, 7])). This will likely lead to incorrect results due "
161888_pytorch_to_pytorch_4.output.log,0,Success,生成成功,"1.13.1+cu116
Test passed successfully. Result: tensor(269.7831)
",
161888_pytorch_to_pytorch_5.output.log,0,Success,生成成功,"1.13.1+cu116
Testing with garbage arguments (empty list, huge int, empty tuple)...
Caught Exception: AttributeError: 'list' object has no attribute 'is_floating_point'

Testing with tensor1 (int16) and huge int as size...
Caught Exception: ValueError: Expected theta to have floating point type, but got torch.int16

Testing with tensor2 (bool) and huge int as size...
Caught Exception: ValueError: Expected theta to have floating point type, but got torch.bool
","/home/ubuntu/miniconda3/envs/TeRL-Running/lib/python3.7/site-packages/torch/nn/functional.py:4290: UserWarning: Default grid_sample and affine_grid behavior has changed to align_corners=False since 1.3.0. Please specify align_corners=True if the old behavior is desired. See the documentation of grid_sample for details.
  ""Default grid_sample and affine_grid behavior has changed ""
"
161888_pytorch_to_pytorch_6.output.log,0,Success,生成成功,"PyTorch version: 1.13.1+cu116
Caught RuntimeError (Safe): The size of tensor a (7) must match the size of tensor b (8) at non-singleton dimension 3
","/home/ubuntu/miniconda3/envs/TeRL-Running/lib/python3.7/site-packages/torch/nn/_reduction.py:42: UserWarning: size_average and reduce args will be deprecated, please use reduction='sum' instead.
  warnings.warn(warning.format(ret))
/home/ubuntu/miniconda3/envs/TeRL-Running/lib/python3.7/site-packages/torch/nn/modules/loss.py:536: UserWarning: Using a target size (torch.Size([1, 6, 4, 8])) that is different to the input size (torch.Size([9, 3, 7])). This will likely lead to incorrect results due "
161888_pytorch_to_pytorch_7.output.log,0,Success,生成成功,"1.13.1+cu116
tensor(0.2703)
",
161888_pytorch_to_pytorch_8.output.log,0,Success,生成成功,"1.13.1+cu116
Test passed: Exception caught instead of crash: poisson_nll_loss(): argument 'log_input' (position 3) must be bool, not list
","/home/ubuntu/miniconda3/envs/TeRL-Running/lib/python3.7/site-packages/torch/nn/_reduction.py:42: UserWarning: size_average and reduce args will be deprecated, please use reduction='sum' instead.
  warnings.warn(warning.format(ret))
"
161888_pytorch_to_pytorch_9.output.log,1,Unknown Failure,生成失败,"PyTorch version: 1.13.1+cu116
Caught Exception: ValueError: Expected input batch_size (9) to match target batch_size (1).
",
161904_pytorch_to_pytorch_1.output.log,1,API Misuse,生成失败,"RANK environment variable not found. Initializing single-process distributed environment.
[Rank 0] Testing basic torch.distributed.reduce...
[Rank 0] Basic torch.distributed.reduce passed.
[Rank 0] Testing torch.distributed.reduce inside torch.compile...
","Traceback (most recent call last):
  File ""/home/ubuntu/SYAN/GRADUATE/TeRL/Step4-RunTestCase/final-data/single_reuse_test_case/161904_pytorch_to_pytorch_1.output.py"", line 83, in <module>
    main()
  File ""/home/ubuntu/SYAN/GRADUATE/TeRL/Step4-RunTestCase/final-data/single_reuse_test_case/161904_pytorch_to_pytorch_1.output.py"", line 62, in main
    @torch.compile
AttributeError: module 'torch' has no attribute 'compile'
"
161904_pytorch_to_pytorch_2.output.log,1,Unknown Failure,生成失败,,"Traceback (most recent call last):
  File ""/home/ubuntu/SYAN/GRADUATE/TeRL/Step4-RunTestCase/final-data/single_reuse_test_case/161904_pytorch_to_pytorch_2.output.py"", line 50, in <module>
    main()
  File ""/home/ubuntu/SYAN/GRADUATE/TeRL/Step4-RunTestCase/final-data/single_reuse_test_case/161904_pytorch_to_pytorch_2.output.py"", line 25, in main
    dist.init_process_group(backend=""nccl"")
  File ""/home/ubuntu/miniconda3/envs/TeRL-Running/lib/python3.7/site-packages/torch/distributed/distributed_"
161904_pytorch_to_pytorch_3.output.log,1,API Misuse,生成失败,,"Traceback (most recent call last):
  File ""/home/ubuntu/SYAN/GRADUATE/TeRL/Step4-RunTestCase/final-data/single_reuse_test_case/161904_pytorch_to_pytorch_3.output.py"", line 16, in <module>
    @torch.library.register_fake(""pipeline_ops::custom_pipeline_step"")
AttributeError: module 'torch.library' has no attribute 'register_fake'
"
161904_pytorch_to_pytorch_4.output.log,0,Success,生成成功,"Warning: torch.compile is not available in this PyTorch version. Running uncompiled model.
Test passed: torch.all works correctly
",
161904_pytorch_to_pytorch_5.output.log,0,Success,生成成功,"Test skipped: torch.compile is not available (requires PyTorch >= 2.0)
",
161904_pytorch_to_pytorch_6.output.log,0,Success,生成成功,"torch.lobpcg test passed successfully.
",
161904_pytorch_to_pytorch_7.output.log,1,API Misuse,生成失败,,"Traceback (most recent call last):
  File ""/home/ubuntu/SYAN/GRADUATE/TeRL/Step4-RunTestCase/final-data/single_reuse_test_case/161904_pytorch_to_pytorch_7.output.py"", line 82, in <module>
    main()
  File ""/home/ubuntu/SYAN/GRADUATE/TeRL/Step4-RunTestCase/final-data/single_reuse_test_case/161904_pytorch_to_pytorch_7.output.py"", line 79, in main
    mp.spawn(worker, args=(world_size,), nprocs=world_size, join=True)
  File ""/home/ubuntu/miniconda3/envs/TeRL-Running/lib/python3.7/site-packages/tor"
161904_pytorch_to_pytorch_8.output.log,0,Success,生成成功,"Error: Distributed environment variables not set.
Missing variables: RANK, WORLD_SIZE, MASTER_ADDR, MASTER_PORT
Please run this script using torchrun:
torchrun --nproc_per_node=2 test_recv_object_list.py
",
161904_pytorch_to_pytorch_9.output.log,1,API Misuse,生成失败,"Rank 0 successfully broadcasted object: {'name': 'ZBVZeroBubble', 'degree': 2}
","Traceback (most recent call last):
  File ""/home/ubuntu/SYAN/GRADUATE/TeRL/Step4-RunTestCase/final-data/single_reuse_test_case/161904_pytorch_to_pytorch_9.output.py"", line 60, in <module>
    main()
  File ""/home/ubuntu/SYAN/GRADUATE/TeRL/Step4-RunTestCase/final-data/single_reuse_test_case/161904_pytorch_to_pytorch_9.output.py"", line 51, in main
    compiled_model = torch.compile(model)
AttributeError: module 'torch' has no attribute 'compile'
"
161905_pytorch_to_pytorch_1.output.log,0,Success,生成成功,"MPS is not available. Falling back to CPU for this test.
Rank 0: torch.distributed.reduce successful on cpu backend.
",
161905_pytorch_to_pytorch_10.output.log,0,Success,生成成功,"Rank 0 gathered losses: [2.2755494117736816, 2.7383275032043457]
",
161905_pytorch_to_pytorch_2.output.log,0,Success,生成成功,"MPS backend not available, skipping test.
",
161905_pytorch_to_pytorch_3.output.log,1,Unknown Failure,生成失败,,"Traceback (most recent call last):
  File ""/home/ubuntu/SYAN/GRADUATE/TeRL/Step4-RunTestCase/final-data/single_reuse_test_case/161905_pytorch_to_pytorch_3.output.py"", line 87, in <module>
    model = model.to(device)
  File ""/home/ubuntu/miniconda3/envs/TeRL-Running/lib/python3.7/site-packages/torch/nn/modules/module.py"", line 989, in to
    return self._apply(convert)
  File ""/home/ubuntu/miniconda3/envs/TeRL-Running/lib/python3.7/site-packages/torch/nn/modules/module.py"", line 641, in _apply
 "
161905_pytorch_to_pytorch_4.output.log,0,Success,生成成功,"MPS device is not available. Skipping test.
",
161905_pytorch_to_pytorch_5.output.log,1,API Misuse,生成失败,,"Traceback (most recent call last):
  File ""/home/ubuntu/SYAN/GRADUATE/TeRL/Step4-RunTestCase/final-data/single_reuse_test_case/161905_pytorch_to_pytorch_5.output.py"", line 35, in <module>
    @torch.compile
AttributeError: module 'torch' has no attribute 'compile'
"
161905_pytorch_to_pytorch_6.output.log,0,Success,生成成功,"MPS is not available. Skipping test.
",
161905_pytorch_to_pytorch_7.output.log,0,Success,生成成功,"Rank 0: Successfully sent object list.
Rank 1: Successfully received object list.
",
161905_pytorch_to_pytorch_8.output.log,1,API Misuse,生成失败,,"Traceback (most recent call last):
  File ""/home/ubuntu/SYAN/GRADUATE/TeRL/Step4-RunTestCase/final-data/single_reuse_test_case/161905_pytorch_to_pytorch_8.output.py"", line 55, in <module>
    mp.spawn(run, args=(world_size,), nprocs=world_size, join=True)
  File ""/home/ubuntu/miniconda3/envs/TeRL-Running/lib/python3.7/site-packages/torch/multiprocessing/spawn.py"", line 240, in spawn
    return start_processes(fn, args, nprocs, join, daemon, start_method='spawn')
  File ""/home/ubuntu/miniconda3/e"
161905_pytorch_to_pytorch_9.output.log,0,Success,生成成功,"MPS not available, falling back to CPU for test.
Rank 0: Broadcasted objects on cpu.
Rank 1: Test passed. Successfully received objects on cpu.
",
161906_pytorch_to_pytorch_1.output.log,1,Unknown Failure,生成失败,"Encountered cuFFT error on CUDA: cuFFT error: CUFFT_INTERNAL_ERROR. Falling back to CPU.
","Traceback (most recent call last):
  File ""/home/ubuntu/SYAN/GRADUATE/TeRL/Step4-RunTestCase/final-data/single_reuse_test_case/161906_pytorch_to_pytorch_1.output.py"", line 40, in main
    z_eager = m(x)
  File ""/home/ubuntu/miniconda3/envs/TeRL-Running/lib/python3.7/site-packages/torch/nn/modules/module.py"", line 1194, in _call_impl
    return forward_call(*input, **kwargs)
  File ""/home/ubuntu/SYAN/GRADUATE/TeRL/Step4-RunTestCase/final-data/single_reuse_test_case/161906_pytorch_to_pytorch_1.out"
161906_pytorch_to_pytorch_10.output.log,1,Unknown Failure,生成失败,,"Traceback (most recent call last):
  File ""/home/ubuntu/SYAN/GRADUATE/TeRL/Step4-RunTestCase/final-data/single_reuse_test_case/161906_pytorch_to_pytorch_10.output.py"", line 45, in <module>
    main()
  File ""/home/ubuntu/SYAN/GRADUATE/TeRL/Step4-RunTestCase/final-data/single_reuse_test_case/161906_pytorch_to_pytorch_10.output.py"", line 32, in main
    z_eager = m(x)
  File ""/home/ubuntu/miniconda3/envs/TeRL-Running/lib/python3.7/site-packages/torch/nn/modules/module.py"", line 1194, in _call_impl"
161906_pytorch_to_pytorch_2.output.log,1,API Misuse,生成失败,"eager mode OK: False torch.bool
","Traceback (most recent call last):
  File ""/home/ubuntu/SYAN/GRADUATE/TeRL/Step4-RunTestCase/final-data/single_reuse_test_case/161906_pytorch_to_pytorch_2.output.py"", line 52, in <module>
    main()
  File ""/home/ubuntu/SYAN/GRADUATE/TeRL/Step4-RunTestCase/final-data/single_reuse_test_case/161906_pytorch_to_pytorch_2.output.py"", line 43, in main
    m_c = torch.compile(m)
AttributeError: module 'torch' has no attribute 'compile'
"
161906_pytorch_to_pytorch_3.output.log,1,Unknown Failure,生成失败,,"Traceback (most recent call last):
  File ""/home/ubuntu/SYAN/GRADUATE/TeRL/Step4-RunTestCase/final-data/single_reuse_test_case/161906_pytorch_to_pytorch_3.output.py"", line 47, in <module>
    main()
  File ""/home/ubuntu/SYAN/GRADUATE/TeRL/Step4-RunTestCase/final-data/single_reuse_test_case/161906_pytorch_to_pytorch_3.output.py"", line 35, in main
    z_eager = m(x)
  File ""/home/ubuntu/miniconda3/envs/TeRL-Running/lib/python3.7/site-packages/torch/nn/modules/module.py"", line 1194, in _call_impl
 "
161906_pytorch_to_pytorch_4.output.log,0,Success,生成成功,"eager mode OK: torch.Size([1, 12, 4, 4])
torch.compile is not available (requires PyTorch 2.0+), skipping compiled mode test.
",
161906_pytorch_to_pytorch_5.output.log,0,Success,生成成功,"eager mode OK: torch.Size([1, 1, 16, 16])
torch.compile is not available (requires PyTorch 2.0+). Skipping compiled test.
",
161906_pytorch_to_pytorch_6.output.log,1,Unknown Failure,生成失败,,"Traceback (most recent call last):
  File ""/home/ubuntu/SYAN/GRADUATE/TeRL/Step4-RunTestCase/final-data/single_reuse_test_case/161906_pytorch_to_pytorch_6.output.py"", line 49, in <module>
    main()
  File ""/home/ubuntu/SYAN/GRADUATE/TeRL/Step4-RunTestCase/final-data/single_reuse_test_case/161906_pytorch_to_pytorch_6.output.py"", line 37, in main
    z_eager = m(x)
  File ""/home/ubuntu/miniconda3/envs/TeRL-Running/lib/python3.7/site-packages/torch/nn/modules/module.py"", line 1194, in _call_impl
 "
161906_pytorch_to_pytorch_7.output.log,0,Success,生成成功,"Eager mode OK: torch.Size([3, 2, 50])
torch.compile is not available (requires PyTorch 2.0+). Skipping compiled mode test.
",
161906_pytorch_to_pytorch_8.output.log,1,Unknown Failure,生成失败,,"Traceback (most recent call last):
  File ""/home/ubuntu/SYAN/GRADUATE/TeRL/Step4-RunTestCase/final-data/single_reuse_test_case/161906_pytorch_to_pytorch_8.output.py"", line 53, in <module>
    main()
  File ""/home/ubuntu/SYAN/GRADUATE/TeRL/Step4-RunTestCase/final-data/single_reuse_test_case/161906_pytorch_to_pytorch_8.output.py"", line 40, in main
    z_eager = m(x)
  File ""/home/ubuntu/miniconda3/envs/TeRL-Running/lib/python3.7/site-packages/torch/nn/modules/module.py"", line 1194, in _call_impl
 "
161906_pytorch_to_pytorch_9.output.log,1,Unknown Failure,生成失败,,"Traceback (most recent call last):
  File ""/home/ubuntu/SYAN/GRADUATE/TeRL/Step4-RunTestCase/final-data/single_reuse_test_case/161906_pytorch_to_pytorch_9.output.py"", line 50, in <module>
    main()
  File ""/home/ubuntu/SYAN/GRADUATE/TeRL/Step4-RunTestCase/final-data/single_reuse_test_case/161906_pytorch_to_pytorch_9.output.py"", line 36, in main
    z_eager = m(x)
  File ""/home/ubuntu/miniconda3/envs/TeRL-Running/lib/python3.7/site-packages/torch/nn/modules/module.py"", line 1194, in _call_impl
 "
161944_pytorch_to_pytorch_1.output.log,1,API Misuse,生成失败,,"Traceback (most recent call last):
  File ""/home/ubuntu/SYAN/GRADUATE/TeRL/Step4-RunTestCase/final-data/single_reuse_test_case/161944_pytorch_to_pytorch_1.output.py"", line 19, in <module>
    out2 = torch.compile(func)(inp)
AttributeError: module 'torch' has no attribute 'compile'
"
161944_pytorch_to_pytorch_10.output.log,1,API Misuse,生成失败,,"Traceback (most recent call last):
  File ""/home/ubuntu/SYAN/GRADUATE/TeRL/Step4-RunTestCase/final-data/single_reuse_test_case/161944_pytorch_to_pytorch_10.output.py"", line 24, in <module>
    out2 = torch.compile(func)(shape, device=device)
AttributeError: module 'torch' has no attribute 'compile'
"
161944_pytorch_to_pytorch_2.output.log,1,API Misuse,生成失败,,"Traceback (most recent call last):
  File ""/home/ubuntu/SYAN/GRADUATE/TeRL/Step4-RunTestCase/final-data/single_reuse_test_case/161944_pytorch_to_pytorch_2.output.py"", line 17, in <module>
    out2 = torch.compile(func)(inp)
AttributeError: module 'torch' has no attribute 'compile'
"
161944_pytorch_to_pytorch_3.output.log,1,API Misuse,生成失败,,"Traceback (most recent call last):
  File ""/home/ubuntu/SYAN/GRADUATE/TeRL/Step4-RunTestCase/final-data/single_reuse_test_case/161944_pytorch_to_pytorch_3.output.py"", line 13, in <module>
    out2 = torch.compile(func)(inp)
AttributeError: module 'torch' has no attribute 'compile'
"
161944_pytorch_to_pytorch_4.output.log,1,API Misuse,生成失败,,"Traceback (most recent call last):
  File ""/home/ubuntu/SYAN/GRADUATE/TeRL/Step4-RunTestCase/final-data/single_reuse_test_case/161944_pytorch_to_pytorch_4.output.py"", line 11, in <module>
    out2 = torch.compile(func)(inp)
AttributeError: module 'torch' has no attribute 'compile'
"
161944_pytorch_to_pytorch_5.output.log,1,API Misuse,生成失败,,"Traceback (most recent call last):
  File ""/home/ubuntu/SYAN/GRADUATE/TeRL/Step4-RunTestCase/final-data/single_reuse_test_case/161944_pytorch_to_pytorch_5.output.py"", line 17, in <module>
    out2 = torch.compile(func)(inp1, inp2)
AttributeError: module 'torch' has no attribute 'compile'
"
161944_pytorch_to_pytorch_6.output.log,1,API Misuse,生成失败,,"Traceback (most recent call last):
  File ""/home/ubuntu/SYAN/GRADUATE/TeRL/Step4-RunTestCase/final-data/single_reuse_test_case/161944_pytorch_to_pytorch_6.output.py"", line 13, in <module>
    out2 = torch.compile(func)(inp)
AttributeError: module 'torch' has no attribute 'compile'
"
161944_pytorch_to_pytorch_7.output.log,1,API Misuse,生成失败,,"Traceback (most recent call last):
  File ""/home/ubuntu/SYAN/GRADUATE/TeRL/Step4-RunTestCase/final-data/single_reuse_test_case/161944_pytorch_to_pytorch_7.output.py"", line 22, in <module>
    out2 = torch.compile(func)(inp1, inp2)
AttributeError: module 'torch' has no attribute 'compile'
"
161944_pytorch_to_pytorch_8.output.log,1,API Misuse,生成失败,,"Traceback (most recent call last):
  File ""/home/ubuntu/SYAN/GRADUATE/TeRL/Step4-RunTestCase/final-data/single_reuse_test_case/161944_pytorch_to_pytorch_8.output.py"", line 19, in <module>
    out2 = torch.compile(func)(inp1, inp2)
AttributeError: module 'torch' has no attribute 'compile'
"
161944_pytorch_to_pytorch_9.output.log,1,API Misuse,生成失败,,"Traceback (most recent call last):
  File ""/home/ubuntu/SYAN/GRADUATE/TeRL/Step4-RunTestCase/final-data/single_reuse_test_case/161944_pytorch_to_pytorch_9.output.py"", line 11, in <module>
    out2 = torch.compile(func)(inp)
AttributeError: module 'torch' has no attribute 'compile'
"
161948_pytorch_to_pytorch_1.output.log,0,Success,生成成功,"Test passed for torch.eq with 1 threads.
Test passed for torch.eq with 2 threads.
Test passed for torch.eq with 4 threads.
",
161948_pytorch_to_pytorch_10.output.log,0,Success,生成成功,"Threads: 1, Time: 0.0560 s
Threads: 2, Time: 0.0406 s
Threads: 4, Time: 0.0223 s
Threads: 8, Time: 0.0114 s
Threads: 16, Time: 0.0064 s
Threads: 32, Time: 0.0098 s
Threads: 48, Time: 0.0076 s
",
161948_pytorch_to_pytorch_2.output.log,0,Success,生成成功,"Testing torch.distributions.constraints.interval...
Interval [0.0, 1.0]: Passed.
Interval [-5.0, 5.0]: Passed.
Interval [10.0, 20.0]: Passed.
",
161948_pytorch_to_pytorch_3.output.log,0,Success,生成成功,"Constraint: HalfOpenInterval(lower_bound=0.0, upper_bound=10.0)
Test Values: tensor([-1.,  0.,  5., 10., 11.])
Results: tensor([False,  True,  True, False, False])
Test passed.
",
161948_pytorch_to_pytorch_4.output.log,0,Success,生成成功,"Value: -1, Valid: False
Value: 0, Valid: True
Value: 5, Valid: True
Value: 10, Valid: True
Value: 11, Valid: False
Value: 5.5, Valid: False
Value: 10.0, Valid: True
All tests passed.
",
161948_pytorch_to_pytorch_5.output.log,0,Success,生成成功,"Testing torch.reshape with different thread counts...
Threads: 1, Reshape test passed.
Threads: 2, Reshape test passed.
Threads: 4, Reshape test passed.
",
161948_pytorch_to_pytorch_6.output.log,0,Success,生成成功,"Threads: 1, Time: 0.0000 s
Threads: 2, Time: 0.0198 s
Threads: 4, Time: 0.0159 s
Threads: 8, Time: 0.0209 s
",
161948_pytorch_to_pytorch_7.output.log,0,Success,生成成功,"Threads: 1, Time: 0.3743 s
Threads: 2, Time: 0.3357 s
Threads: 4, Time: 0.3231 s
Threads: 8, Time: 0.3165 s
Threads: 16, Time: 0.3305 s
Threads: 32, Time: 0.4496 s
Threads: 48, Time: 0.3109 s
Test completed successfully.
",
161948_pytorch_to_pytorch_8.output.log,0,Success,生成成功,"Verifying torch.tril_indices...
Passed: n=5, m=5, k=0
Passed: n=5, m=5, k=1
Passed: n=5, m=5, k=-1
Passed: n=4, m=6, k=0
Passed: n=10, m=10, k=2
All tests passed.
",
161948_pytorch_to_pytorch_9.output.log,0,Success,生成成功,"All tests passed.
",
161969_pytorch_to_pytorch_1.output.log,0,Success,生成成功,"MPS is not available. Skipping test.
",
161969_pytorch_to_pytorch_10.output.log,0,Success,生成成功,"Rank 0 gathered 2 objects successfully.
Object from rank 0 shape: torch.Size([10, 5])
Object from rank 1 shape: torch.Size([10, 5])
",
161969_pytorch_to_pytorch_2.output.log,0,Success,生成成功,"MPS is not available. Skipping test.
",
161969_pytorch_to_pytorch_3.output.log,1,API Misuse,生成失败,,"Traceback (most recent call last):
  File ""/home/ubuntu/SYAN/GRADUATE/TeRL/Step4-RunTestCase/final-data/single_reuse_test_case/161969_pytorch_to_pytorch_3.output.py"", line 31, in <module>
    my_lib.impl_abstract(""cholesky_inverse"", cholesky_inverse_abstract)
AttributeError: 'Library' object has no attribute 'impl_abstract'
"
161969_pytorch_to_pytorch_5.output.log,0,Success,生成成功,"MPS device not available. Skipping test.
",
161969_pytorch_to_pytorch_6.output.log,0,Success,生成成功,"MPS device is not available. Skipping test.
",
161969_pytorch_to_pytorch_7.output.log,0,Success,生成成功,"MPS is not available. Skipping test.
",
161969_pytorch_to_pytorch_8.output.log,0,Success,生成成功,"Skipping test: send_object_list/recv_object_list not available in this PyTorch version.
",
161969_pytorch_to_pytorch_9.output.log,1,API Misuse,生成失败,,"Traceback (most recent call last):
  File ""/home/ubuntu/SYAN/GRADUATE/TeRL/Step4-RunTestCase/final-data/single_reuse_test_case/161969_pytorch_to_pytorch_9.output.py"", line 65, in <module>
    mp.spawn(run, args=(world_size,), nprocs=world_size, join=True)
  File ""/home/ubuntu/miniconda3/envs/TeRL-Running/lib/python3.7/site-packages/torch/multiprocessing/spawn.py"", line 240, in spawn
    return start_processes(fn, args, nprocs, join, daemon, start_method='spawn')
  File ""/home/ubuntu/miniconda3/e"
162146_pytorch_to_pytorch_1.output.log,0,Success,生成成功,"Test passed successfully.
",
162146_pytorch_to_pytorch_10.output.log,0,Success,生成成功,"Test passed on rank 0
",
162146_pytorch_to_pytorch_3.output.log,1,API Misuse,生成失败,,"Traceback (most recent call last):
  File ""/home/ubuntu/SYAN/GRADUATE/TeRL/Step4-RunTestCase/final-data/single_reuse_test_case/162146_pytorch_to_pytorch_3.output.py"", line 17, in <module>
    @torch.library.register_fake(""test_lib::custom_sin_inplace"")
AttributeError: module 'torch.library' has no attribute 'register_fake'
"
162146_pytorch_to_pytorch_4.output.log,0,Success,生成成功,,
162146_pytorch_to_pytorch_5.output.log,0,Success,生成成功,,
162146_pytorch_to_pytorch_6.output.log,1,Assertion Mismatch,生成成功，并且找到错误,,"Traceback (most recent call last):
  File ""/home/ubuntu/SYAN/GRADUATE/TeRL/Step4-RunTestCase/final-data/single_reuse_test_case/162146_pytorch_to_pytorch_6.output.py"", line 29, in <module>
    torch.testing.assert_close(res_v, cres_v)
  File ""/home/ubuntu/miniconda3/envs/TeRL-Running/lib/python3.7/site-packages/torch/testing/_comparison.py"", line 1359, in assert_close
    msg=msg,
  File ""/home/ubuntu/miniconda3/envs/TeRL-Running/lib/python3.7/site-packages/torch/testing/_comparison.py"", line 109"
162146_pytorch_to_pytorch_7.output.log,0,Success,生成成功,"Test passed: send_object_list correctly handled the tensor.
",
162146_pytorch_to_pytorch_8.output.log,1,API Misuse,生成失败,,"Traceback (most recent call last):
  File ""/home/ubuntu/SYAN/GRADUATE/TeRL/Step4-RunTestCase/final-data/single_reuse_test_case/162146_pytorch_to_pytorch_8.output.py"", line 61, in <module>
    mp.spawn(run, args=(world_size,), nprocs=world_size, join=True)
  File ""/home/ubuntu/miniconda3/envs/TeRL-Running/lib/python3.7/site-packages/torch/multiprocessing/spawn.py"", line 240, in spawn
    return start_processes(fn, args, nprocs, join, daemon, start_method='spawn')
  File ""/home/ubuntu/miniconda3/e"
162146_pytorch_to_pytorch_9.output.log,0,Success,生成成功,"Rank 1: Test passed. Broadcast object matches expected result.
",
162147_pytorch_to_pytorch_1.output.log,0,Success,生成成功,"Test passed: torch.nn.functional.pdist works correctly.
",
162147_pytorch_to_pytorch_10.output.log,0,Success,生成成功,"Test passed successfully.
",
162147_pytorch_to_pytorch_2.output.log,0,Success,生成成功,"Test passed.
",
162147_pytorch_to_pytorch_3.output.log,0,Success,生成成功,"Test passed: torch.cumprod integration in FastLearnedCellX3 is functional.
",
162147_pytorch_to_pytorch_4.output.log,1,Assertion Mismatch,生成成功，并且找到错误,,"Traceback (most recent call last):
  File ""/home/ubuntu/SYAN/GRADUATE/TeRL/Step4-RunTestCase/final-data/single_reuse_test_case/162147_pytorch_to_pytorch_4.output.py"", line 173, in <module>
    test_cummin_in_complex_graph()
  File ""/home/ubuntu/SYAN/GRADUATE/TeRL/Step4-RunTestCase/final-data/single_reuse_test_case/162147_pytorch_to_pytorch_4.output.py"", line 166, in test_cummin_in_complex_graph
    assert model.U1.grad is not None, ""Gradient not computed for U1""
AssertionError: Gradient not comp"
162147_pytorch_to_pytorch_5.output.log,0,Success,生成成功,"cummax as indexing alternative test passed!
cummax with different dims test passed!
cummax gradient flow test passed!
cummax in addressing context test passed!
",
162147_pytorch_to_pytorch_6.output.log,0,Success,生成成功,"Compilation skipped (requires PyTorch 2.0+): module 'torch' has no attribute 'compile'
Test passed: torch.logcumsumexp integrated successfully.
",
162147_pytorch_to_pytorch_7.output.log,0,Success,生成成功,"Test case passed successfully. torch.stack integration verified.
",
162147_pytorch_to_pytorch_8.output.log,0,Success,生成成功,"Test passed: torch.empty_strided integration successful.
",
162147_pytorch_to_pytorch_9.output.log,1,Assertion Mismatch,生成成功，并且找到错误,,"/home/ubuntu/miniconda3/envs/TeRL-Running/lib/python3.7/site-packages/torch/nn/modules/lazy.py:180: UserWarning: Lazy modules are a new feature under heavy development so changes to the API or functionality can happen at any moment.
  warnings.warn('Lazy modules are a new feature under heavy development '
Traceback (most recent call last):
  File ""/home/ubuntu/SYAN/GRADUATE/TeRL/Step4-RunTestCase/final-data/single_reuse_test_case/162147_pytorch_to_pytorch_9.output.py"", line 58, in <module>
    t"
162228_pytorch_to_pytorch_1.output.log,1,Unknown Failure,生成失败,,"Traceback (most recent call last):
  File ""/home/ubuntu/SYAN/GRADUATE/TeRL/Step4-RunTestCase/final-data/single_reuse_test_case/162228_pytorch_to_pytorch_1.output.py"", line 36, in <module>
    setup()
  File ""/home/ubuntu/SYAN/GRADUATE/TeRL/Step4-RunTestCase/final-data/single_reuse_test_case/162228_pytorch_to_pytorch_1.output.py"", line 15, in setup
    dist.init_process_group(backend=backend, rank=rank, world_size=world_size)
  File ""/home/ubuntu/miniconda3/envs/TeRL-Running/lib/python3.7/site-pa"
162228_pytorch_to_pytorch_10.output.log,0,Success,生成成功,"1.13.1+cu116
x: True, y: True
",
162228_pytorch_to_pytorch_2.output.log,1,API Misuse,生成失败,,"Traceback (most recent call last):
  File ""/home/ubuntu/SYAN/GRADUATE/TeRL/Step4-RunTestCase/final-data/single_reuse_test_case/162228_pytorch_to_pytorch_2.output.py"", line 9, in <module>
    @compile_fn()
TypeError: <lambda>() missing 1 required positional argument: 'x'
"
162228_pytorch_to_pytorch_3.output.log,1,Missing Dependency,执行失败,,"Traceback (most recent call last):
  File ""/home/ubuntu/SYAN/GRADUATE/TeRL/Step4-RunTestCase/final-data/single_reuse_test_case/162228_pytorch_to_pytorch_3.output.py"", line 4, in <module>
    from torch.library import register_fake, define, impl
ImportError: cannot import name 'register_fake' from 'torch.library' (/home/ubuntu/miniconda3/envs/TeRL-Running/lib/python3.7/site-packages/torch/library.py)
"
162228_pytorch_to_pytorch_4.output.log,1,API Misuse,生成失败,,"Traceback (most recent call last):
  File ""/home/ubuntu/SYAN/GRADUATE/TeRL/Step4-RunTestCase/final-data/single_reuse_test_case/162228_pytorch_to_pytorch_4.output.py"", line 39, in <module>
    out = test(x, y)
  File ""/home/ubuntu/SYAN/GRADUATE/TeRL/Step4-RunTestCase/final-data/single_reuse_test_case/162228_pytorch_to_pytorch_4.output.py"", line 23, in test
    all_true = torch.all(bias_mat > 0, dim=(1, 2))
TypeError: all() received an invalid combination of arguments - got (Tensor, dim=tuple), bu"
162228_pytorch_to_pytorch_5.output.log,1,Execution Failure,生成失败,"Warning: torch.compile is not available (requires PyTorch >= 2.0). Using a pass-through decorator.
","Traceback (most recent call last):
  File ""/home/ubuntu/SYAN/GRADUATE/TeRL/Step4-RunTestCase/final-data/single_reuse_test_case/162228_pytorch_to_pytorch_5.output.py"", line 34, in <module>
    out = test(x, y).mean().backward()
  File ""/home/ubuntu/SYAN/GRADUATE/TeRL/Step4-RunTestCase/final-data/single_reuse_test_case/162228_pytorch_to_pytorch_5.output.py"", line 26, in test
    return x * mask
RuntimeError: The size of tensor a (16) must match the size of tensor b (2) at non-singleton dimension 1"
162228_pytorch_to_pytorch_6.output.log,1,Unknown Failure,生成失败,,"Traceback (most recent call last):
  File ""/home/ubuntu/SYAN/GRADUATE/TeRL/Step4-RunTestCase/final-data/single_reuse_test_case/162228_pytorch_to_pytorch_6.output.py"", line 32, in <module>
    out.backward()
  File ""/home/ubuntu/miniconda3/envs/TeRL-Running/lib/python3.7/site-packages/torch/_tensor.py"", line 489, in backward
    self, gradient, retain_graph, create_graph, inputs=inputs
  File ""/home/ubuntu/miniconda3/envs/TeRL-Running/lib/python3.7/site-packages/torch/autograd/__init__.py"", line "
162228_pytorch_to_pytorch_7.output.log,1,API Misuse,生成失败,,"Traceback (most recent call last):
  File ""/home/ubuntu/SYAN/GRADUATE/TeRL/Step4-RunTestCase/final-data/single_reuse_test_case/162228_pytorch_to_pytorch_7.output.py"", line 16, in <module>
    @torch.compile()
AttributeError: module 'torch' has no attribute 'compile'
"
162228_pytorch_to_pytorch_8.output.log,1,API Misuse,生成失败,,"Traceback (most recent call last):
  File ""/home/ubuntu/SYAN/GRADUATE/TeRL/Step4-RunTestCase/final-data/single_reuse_test_case/162228_pytorch_to_pytorch_8.output.py"", line 60, in <module>
    mp.spawn(run, args=(world_size,), nprocs=world_size, join=True)
  File ""/home/ubuntu/miniconda3/envs/TeRL-Running/lib/python3.7/site-packages/torch/multiprocessing/spawn.py"", line 240, in spawn
    return start_processes(fn, args, nprocs, join, daemon, start_method='spawn')
  File ""/home/ubuntu/miniconda3/e"
162228_pytorch_to_pytorch_9.output.log,0,Success,生成成功,"This test requires a distributed environment (e.g., torchrun --nproc_per_node=2).
",
162242_pytorch_to_pytorch_1.output.log,0,Success,生成成功,"Test 1/1000
Test 2/1000
Test 3/1000
Test 4/1000
Test 5/1000
Test 6/1000
Test 7/1000
Test 8/1000
Test 9/1000
Test 10/1000
Test 11/1000
Test 12/1000
Test 13/1000
Test 14/1000
Test 15/1000
Test 16/1000
Test 17/1000
Test 18/1000
Test 19/1000
Test 20/1000
Test 21/1000
Test 22/1000
Test 23/1000
Test 24/1000
Test 25/1000
Test 26/1000
Test 27/1000
Test 28/1000
Test 29/1000
Test 30/1000
Test 31/1000
Test 32/1000
Test 33/1000
Test 34/1000
Test 35/1000
Test 36/1000
Test 37/1000
Test 38/1000
Test 39/1000
Te",
162242_pytorch_to_pytorch_10.output.log,0,Success,生成成功,"Test 1/1000
Test 2/1000
Test 3/1000
Test 4/1000
Test 5/1000
Test 6/1000
Test 7/1000
Test 8/1000
Test 9/1000
Test 10/1000
Test 11/1000
Test 12/1000
Test 13/1000
Test 14/1000
Test 15/1000
Test 16/1000
Test 17/1000
Test 18/1000
Test 19/1000
Test 20/1000
Test 21/1000
Test 22/1000
Test 23/1000
Test 24/1000
Test 25/1000
Test 26/1000
Test 27/1000
Test 28/1000
Test 29/1000
Test 30/1000
Test 31/1000
Test 32/1000
Test 33/1000
Test 34/1000
Test 35/1000
Test 36/1000
Test 37/1000
Test 38/1000
Test 39/1000
Te","/home/ubuntu/SYAN/GRADUATE/TeRL/Step4-RunTestCase/final-data/single_reuse_test_case/162242_pytorch_to_pytorch_10.output.py:32: UserWarning: torch.cholesky is deprecated in favor of torch.linalg.cholesky and will be removed in a future PyTorch release.
L = torch.cholesky(A)
should be replaced with
L = torch.linalg.cholesky(A)
and
U = torch.cholesky(A, upper=True)
should be replaced with
U = torch.linalg.cholesky(A).mH().
This transform will produce equivalent results for all valid (symmetric posi"
162242_pytorch_to_pytorch_2.output.log,0,Success,生成成功,"Test 1/1000
Test 2/1000
Test 3/1000
Test 4/1000
Test 5/1000
Test 6/1000
Test 7/1000
Test 8/1000
Test 9/1000
Test 10/1000
Test 11/1000
Test 12/1000
Test 13/1000
Test 14/1000
Test 15/1000
Test 16/1000
Test 17/1000
Test 18/1000
Test 19/1000
Test 20/1000
Test 21/1000
Test 22/1000
Test 23/1000
Test 24/1000
Test 25/1000
Test 26/1000
Test 27/1000
Test 28/1000
Test 29/1000
Test 30/1000
Test 31/1000
Test 32/1000
Test 33/1000
Test 34/1000
Test 35/1000
Test 36/1000
Test 37/1000
Test 38/1000
Test 39/1000
Te",
162242_pytorch_to_pytorch_3.output.log,0,Success,生成成功,"Test 1
Test 2
Test 3
Test 4
Test 5
Test 6
Test 7
Test 8
Test 9
Test 10
Test 11
Test 12
Test 13
Test 14
Test 15
Test 16
Test 17
Test 18
Test 19
Test 20
Test 21
Test 22
Test 23
Test 24
Test 25
Test 26
Test 27
Test 28
Test 29
Test 30
Test 31
Test 32
Test 33
Test 34
Test 35
Test 36
Test 37
Test 38
Test 39
Test 40
Test 41
Test 42
Test 43
Test 44
Test 45
Test 46
Test 47
Test 48
Test 49
Test 50
Test 51
Test 52
Test 53
Test 54
Test 55
Test 56
Test 57
Test 58
Test 59
Test 60
Test 61
Test 62
Test 63
Test ",
162242_pytorch_to_pytorch_4.output.log,0,Success,生成成功,"Test 1/1000
Test 2/1000
Test 3/1000
Test 4/1000
Test 5/1000
Test 6/1000
Test 7/1000
Test 8/1000
Test 9/1000
Test 10/1000
Test 11/1000
Test 12/1000
Test 13/1000
Test 14/1000
Test 15/1000
Test 16/1000
Test 17/1000
Test 18/1000
Test 19/1000
Test 20/1000
Test 21/1000
Test 22/1000
Test 23/1000
Test 24/1000
Test 25/1000
Test 26/1000
Test 27/1000
Test 28/1000
Test 29/1000
Test 30/1000
Test 31/1000
Test 32/1000
Test 33/1000
Test 34/1000
Test 35/1000
Test 36/1000
Test 37/1000
Test 38/1000
Test 39/1000
Te",
162242_pytorch_to_pytorch_5.output.log,0,Success,生成成功,"Test 1/1000
Test 2/1000
Test 3/1000
Test 4/1000
Test 5/1000
Test 6/1000
Test 7/1000
Test 8/1000
Test 9/1000
Test 10/1000
Test 11/1000
Test 12/1000
Test 13/1000
Test 14/1000
Test 15/1000
Test 16/1000
Test 17/1000
Test 18/1000
Test 19/1000
Test 20/1000
Test 21/1000
Test 22/1000
Test 23/1000
Test 24/1000
Test 25/1000
Test 26/1000
Test 27/1000
Test 28/1000
Test 29/1000
Test 30/1000
Test 31/1000
Test 32/1000
Test 33/1000
Test 34/1000
Test 35/1000
Test 36/1000
Test 37/1000
Test 38/1000
Test 39/1000
Te",
162242_pytorch_to_pytorch_6.output.log,0,Success,生成成功,"Test 1/1000
Test 2/1000
Test 3/1000
Test 4/1000
Test 5/1000
Test 6/1000
Test 7/1000
Test 8/1000
Test 9/1000
Test 10/1000
Test 11/1000
Test 12/1000
Test 13/1000
Test 14/1000
Test 15/1000
Test 16/1000
Test 17/1000
Test 18/1000
Test 19/1000
Test 20/1000
Test 21/1000
Test 22/1000
Test 23/1000
Test 24/1000
Test 25/1000
Test 26/1000
Test 27/1000
Test 28/1000
Test 29/1000
Test 30/1000
Test 31/1000
Test 32/1000
Test 33/1000
Test 34/1000
Test 35/1000
Test 36/1000
Test 37/1000
Test 38/1000
Test 39/1000
Te",
162242_pytorch_to_pytorch_7.output.log,0,Success,生成成功,"Test 1/100
Test 2/100
Test 3/100
Test 4/100
Test 5/100
Test 6/100
Test 7/100
Test 8/100
Test 9/100
Test 10/100
Test 11/100
Test 12/100
Test 13/100
Test 14/100
Test 15/100
Test 16/100
Test 17/100
Test 18/100
Test 19/100
Test 20/100
Test 21/100
Test 22/100
Test 23/100
Test 24/100
Test 25/100
Test 26/100
Test 27/100
Test 28/100
Test 29/100
Test 30/100
Test 31/100
Test 32/100
Test 33/100
Test 34/100
Test 35/100
Test 36/100
Test 37/100
Test 38/100
Test 39/100
Test 40/100
Test 41/100
Test 42/100
Test ",
162242_pytorch_to_pytorch_8.output.log,0,Success,生成成功,"Test 1/1000
Test 2/1000
Test 3/1000
Test 4/1000
Test 5/1000
Test 6/1000
Test 7/1000
Test 8/1000
Test 9/1000
Test 10/1000
Test 11/1000
Test 12/1000
Test 13/1000
Test 14/1000
Test 15/1000
Test 16/1000
Test 17/1000
Test 18/1000
Test 19/1000
Test 20/1000
Test 21/1000
Test 22/1000
Test 23/1000
Test 24/1000
Test 25/1000
Test 26/1000
Test 27/1000
Test 28/1000
Test 29/1000
Test 30/1000
Test 31/1000
Test 32/1000
Test 33/1000
Test 34/1000
Test 35/1000
Test 36/1000
Test 37/1000
Test 38/1000
Test 39/1000
Te",
162242_pytorch_to_pytorch_9.output.log,0,Success,生成成功,"Test 1/1000
Test 2/1000
Test 3/1000
Test 4/1000
Test 5/1000
Test 6/1000
Test 7/1000
Test 8/1000
Test 9/1000
Test 10/1000
Test 11/1000
Test 12/1000
Test 13/1000
Test 14/1000
Test 15/1000
Test 16/1000
Test 17/1000
Test 18/1000
Test 19/1000
Test 20/1000
Test 21/1000
Test 22/1000
Test 23/1000
Test 24/1000
Test 25/1000
Test 26/1000
Test 27/1000
Test 28/1000
Test 29/1000
Test 30/1000
Test 31/1000
Test 32/1000
Test 33/1000
Test 34/1000
Test 35/1000
Test 36/1000
Test 37/1000
Test 38/1000
Test 39/1000
Te",
162279_pytorch_to_pytorch_1.output.log,0,Success,生成成功,"model: ModelA
running global_unstructured with amount 0.2...
Parameter weight sparsity: 0.2000

model: ModelB
running global_unstructured with amount 0.5...
Parameter weight sparsity: 0.5000

Test passed: Both models pruned correctly.
",
162279_pytorch_to_pytorch_10.output.log,1,API Misuse,生成失败,"Testing model: AnyDimsModelEmpty
","Traceback (most recent call last):
  File ""/home/ubuntu/SYAN/GRADUATE/TeRL/Step4-RunTestCase/final-data/single_reuse_test_case/162279_pytorch_to_pytorch_10.output.py"", line 89, in <module>
    process(AnyDimsModelEmpty(), x)
  File ""/home/ubuntu/SYAN/GRADUATE/TeRL/Step4-RunTestCase/final-data/single_reuse_test_case/162279_pytorch_to_pytorch_10.output.py"", line 69, in process
    eager_output = model(x)
  File ""/home/ubuntu/miniconda3/envs/TeRL-Running/lib/python3.7/site-packages/torch/nn/modules"
162279_pytorch_to_pytorch_2.output.log,0,Success,生成成功,"Testing torch.ops.aten.any.dims with dims=[]
opcheck failed for dims=[]: module 'torch.library' has no attribute 'opcheck'

Testing torch.ops.aten.any.dims with dims=None
opcheck failed for dims=None: module 'torch.library' has no attribute 'opcheck'
",
162279_pytorch_to_pytorch_3.output.log,0,Success,生成成功,"Processing first group (ranks=None)...
Creating group with ranks: None
Group created: <torch.distributed.distributed_c10d.ProcessGroupGloo object at 0x7f31f01a0308>
Processing second group (ranks=[0])...
Creating group with ranks: [0]
Group created: <torch.distributed.distributed_c10d.ProcessGroupGloo object at 0x7f31f01a7b90>
Test passed: Sequential group creation handled correctly.
",
162279_pytorch_to_pytorch_4.output.log,1,API Misuse,生成失败,"Processing AnyDimsModelEmpty with checkpoint...
","Traceback (most recent call last):
  File ""/home/ubuntu/SYAN/GRADUATE/TeRL/Step4-RunTestCase/final-data/single_reuse_test_case/162279_pytorch_to_pytorch_4.output.py"", line 39, in <module>
    out_empty = process_with_checkpoint(model_empty, x)
  File ""/home/ubuntu/SYAN/GRADUATE/TeRL/Step4-RunTestCase/final-data/single_reuse_test_case/162279_pytorch_to_pytorch_4.output.py"", line 29, in process_with_checkpoint
    return checkpoint_sequential([run_model], 1, x)
  File ""/home/ubuntu/miniconda3/envs"
162279_pytorch_to_pytorch_5.output.log,1,API Misuse,生成失败,,"Traceback (most recent call last):
  File ""/home/ubuntu/SYAN/GRADUATE/TeRL/Step4-RunTestCase/final-data/single_reuse_test_case/162279_pytorch_to_pytorch_5.output.py"", line 72, in <module>
    test_dataparallel_any_dims()
  File ""/home/ubuntu/SYAN/GRADUATE/TeRL/Step4-RunTestCase/final-data/single_reuse_test_case/162279_pytorch_to_pytorch_5.output.py"", line 47, in test_dataparallel_any_dims
    expected_empty = model_empty(x)
  File ""/home/ubuntu/miniconda3/envs/TeRL-Running/lib/python3.7/site-pac"
162279_pytorch_to_pytorch_9.output.log,0,Success,生成成功,"Model: ModelDim0
Pruning along dim: 0
Pruning successful. Mask shape: torch.Size([10, 10])

Model: ModelDim1
Pruning along dim: 1
Pruning successful. Mask shape: torch.Size([10, 10])

",
162327_pytorch_to_pytorch_1.output.log,1,Unknown Failure,生成失败,"1.13.1+cu116
","Traceback (most recent call last):
  File ""/home/ubuntu/SYAN/GRADUATE/TeRL/Step4-RunTestCase/final-data/single_reuse_test_case/162327_pytorch_to_pytorch_1.output.py"", line 20, in <module>
    torch.nn.functional.max_unpool3d(*input[0], **input[1])
  File ""/home/ubuntu/miniconda3/envs/TeRL-Running/lib/python3.7/site-packages/torch/nn/functional.py"", line 1012, in max_unpool3d
    return torch._C._nn.max_unpool3d(input, indices, output_size, _stride, padding)
RuntimeError: elements in indices shou"
162327_pytorch_to_pytorch_10.output.log,0,Success,生成成功,"1.13.1+cu116
Testing torch.sort with the first tensor...
Test passed.
Testing torch.sort with the second tensor...
Test passed.
",
162327_pytorch_to_pytorch_2.output.log,0,Success,生成成功,"1.13.1+cu116
Exception raised: RuntimeError: elements in indices should be type int64 but got: Int
",
162327_pytorch_to_pytorch_3.output.log,0,Success,生成成功,"1.13.1+cu116
RuntimeError caught (shapes are incompatible): The size of tensor a (6) must match the size of tensor b (2) at non-singleton dimension 5
",
162327_pytorch_to_pytorch_4.output.log,1,Execution Failure,生成失败,"1.13.1+cu116
","Traceback (most recent call last):
  File ""/home/ubuntu/SYAN/GRADUATE/TeRL/Step4-RunTestCase/final-data/single_reuse_test_case/162327_pytorch_to_pytorch_4.output.py"", line 16, in <module>
    torch.nn.functional.lp_pool2d(*input_args)
  File ""/home/ubuntu/miniconda3/envs/TeRL-Running/lib/python3.7/site-packages/torch/nn/functional.py"", line 1033, in lp_pool2d
    out = avg_pool2d(input.pow(norm_type), kernel_size, stride, 0, ceil_mode)
RuntimeError: The size of tensor a (6) must match the size o"
162327_pytorch_to_pytorch_5.output.log,1,API Misuse,生成失败,"1.13.1+cu116
","Traceback (most recent call last):
  File ""/home/ubuntu/SYAN/GRADUATE/TeRL/Step4-RunTestCase/final-data/single_reuse_test_case/162327_pytorch_to_pytorch_5.output.py"", line 20, in <module>
    torch.nn.functional.instance_norm(*input[0], **input[1])
  File ""/home/ubuntu/miniconda3/envs/TeRL-Running/lib/python3.7/site-packages/torch/nn/functional.py"", line 2496, in instance_norm
    input, weight, bias, running_mean, running_var, use_input_stats, momentum, eps, torch.backends.cudnn.enabled
TypeErr"
162327_pytorch_to_pytorch_6.output.log,0,Success,生成成功,"1.13.1+cu116
Exception caught: The size of tensor a (6) must match the size of tensor b (2) at non-singleton dimension 5
","/home/ubuntu/SYAN/GRADUATE/TeRL/Step4-RunTestCase/final-data/single_reuse_test_case/162327_pytorch_to_pytorch_6.output.py:17: UserWarning: Using a target size (torch.Size([4, 9, 2])) that is different to the input size (torch.Size([5, 7, 4, 3, 7, 6])). This will likely lead to incorrect results due to broadcasting. Please ensure they have the same size.
  torch.nn.functional.smooth_l1_loss(*input_args, **input_kwargs)
/home/ubuntu/miniconda3/envs/TeRL-Running/lib/python3.7/site-packages/torch/nn"
162327_pytorch_to_pytorch_7.output.log,0,Success,生成成功,"1.13.1+cu116
Test passed.
",
162327_pytorch_to_pytorch_8.output.log,1,Environment Failure,生成失败,"1.13.1+cu116
","/home/ubuntu/miniconda3/envs/TeRL-Running/lib/python3.7/site-packages/torch/nn/_reduction.py:42: UserWarning: size_average and reduce args will be deprecated, please use reduction='sum' instead.
  warnings.warn(warning.format(ret))
Traceback (most recent call last):
  File ""/home/ubuntu/SYAN/GRADUATE/TeRL/Step4-RunTestCase/final-data/single_reuse_test_case/162327_pytorch_to_pytorch_8.output.py"", line 17, in <module>
    torch.nn.functional.multilabel_soft_margin_loss(*input_args, **input_kwargs)"
162327_pytorch_to_pytorch_9.output.log,0,Success,生成成功,"1.13.1+cu116
Test passed: torch.randint_like executed successfully.
Result shape: torch.Size([5, 7, 4, 3, 7, 6]), dtype: torch.int8
",
162410_pytorch_to_pytorch_10.output.log,0,Success,生成成功,"Rank 0: Test passed. Gathered objects match expected values.
",
162410_pytorch_to_pytorch_2.output.log,1,Missing Dependency,执行失败,,"Traceback (most recent call last):
  File ""/home/ubuntu/SYAN/GRADUATE/TeRL/Step4-RunTestCase/final-data/single_reuse_test_case/162410_pytorch_to_pytorch_2.output.py"", line 2, in <module>
    import torch._inductor.config as inductor_config
ModuleNotFoundError: No module named 'torch._inductor'
"
162410_pytorch_to_pytorch_3.output.log,0,Success,生成成功,"torch.compile not available (requires PyTorch 2.0+), skipping test.
",
162410_pytorch_to_pytorch_4.output.log,1,Missing Dependency,执行失败,,"Traceback (most recent call last):
  File ""/home/ubuntu/SYAN/GRADUATE/TeRL/Step4-RunTestCase/final-data/single_reuse_test_case/162410_pytorch_to_pytorch_4.output.py"", line 2, in <module>
    import torch._inductor.config as inductor_config
ModuleNotFoundError: No module named 'torch._inductor'
"
162410_pytorch_to_pytorch_5.output.log,1,Missing Dependency,执行失败,,"Traceback (most recent call last):
  File ""/home/ubuntu/SYAN/GRADUATE/TeRL/Step4-RunTestCase/final-data/single_reuse_test_case/162410_pytorch_to_pytorch_5.output.py"", line 2, in <module>
    import torch._inductor.config as inductor_config
ModuleNotFoundError: No module named 'torch._inductor'
"
162410_pytorch_to_pytorch_6.output.log,1,Missing Dependency,执行失败,,"Traceback (most recent call last):
  File ""/home/ubuntu/SYAN/GRADUATE/TeRL/Step4-RunTestCase/final-data/single_reuse_test_case/162410_pytorch_to_pytorch_6.output.py"", line 2, in <module>
    import torch._inductor.config as inductor_config
ModuleNotFoundError: No module named 'torch._inductor'
"
162410_pytorch_to_pytorch_7.output.log,1,Assertion Mismatch,生成成功，并且找到错误,,"Traceback (most recent call last):
  File ""/home/ubuntu/SYAN/GRADUATE/TeRL/Step4-RunTestCase/final-data/single_reuse_test_case/162410_pytorch_to_pytorch_7.output.py"", line 92, in <module>
    mp.spawn(worker, args=(world_size,), nprocs=world_size, join=True)
  File ""/home/ubuntu/miniconda3/envs/TeRL-Running/lib/python3.7/site-packages/torch/multiprocessing/spawn.py"", line 240, in spawn
    return start_processes(fn, args, nprocs, join, daemon, start_method='spawn')
  File ""/home/ubuntu/miniconda"
162410_pytorch_to_pytorch_8.output.log,0,Success,生成成功,"Test passed: Received object matches reference.
",
162410_pytorch_to_pytorch_9.output.log,0,Success,生成成功,"Rank 0: Result broadcasted.
Rank 1: Test passed. Broadcasted result matches local computation.
",
162486_pytorch_to_pytorch_1.output.log,0,Success,生成成功,"Device cpu worked.
Device cuda worked.
","/home/ubuntu/SYAN/GRADUATE/TeRL/Step4-RunTestCase/final-data/single_reuse_test_case/162486_pytorch_to_pytorch_1.output.py:12: UserWarning: torch.symeig is deprecated in favor of torch.linalg.eigh and will be removed in a future PyTorch release.
The default behavior has changed from using the upper triangular portion of the matrix by default to using the lower triangular portion.
L, _ = torch.symeig(A, upper=upper)
should be replaced with
L = torch.linalg.eigvalsh(A, UPLO='U' if upper else 'L')
a"
162486_pytorch_to_pytorch_10.output.log,0,Success,生成成功,"Device cpu worked.
Device cuda worked.
",
162486_pytorch_to_pytorch_2.output.log,0,Success,生成成功,"Device cpu worked.
Device cuda worked.
",
162486_pytorch_to_pytorch_3.output.log,0,Success,生成成功,"Device cpu worked.
Device cuda worked.
",
162486_pytorch_to_pytorch_4.output.log,0,Success,生成成功,"Device cpu worked for torch.unbind.
Device cuda worked for torch.unbind.
",
162486_pytorch_to_pytorch_5.output.log,1,Missing Dependency,执行失败,,"Traceback (most recent call last):
  File ""/home/ubuntu/SYAN/GRADUATE/TeRL/Step4-RunTestCase/final-data/single_reuse_test_case/162486_pytorch_to_pytorch_5.output.py"", line 2, in <module>
    from torch import set_default_device
ImportError: cannot import name 'set_default_device' from 'torch' (/home/ubuntu/miniconda3/envs/TeRL-Running/lib/python3.7/site-packages/torch/__init__.py)
"
162486_pytorch_to_pytorch_6.output.log,0,Success,生成成功,"Device cpu worked for torch.broadcast_shapes.
Device cuda worked for torch.broadcast_shapes.
",
162486_pytorch_to_pytorch_7.output.log,0,Success,生成成功,"Device cpu worked for torch.nn.RNN.
Device cuda worked for torch.nn.RNN.
",
162486_pytorch_to_pytorch_8.output.log,0,Success,生成成功,"Device cpu worked.
Device cuda worked.
",
162486_pytorch_to_pytorch_9.output.log,0,Success,生成成功,"Device cpu worked.
Device cuda worked.
",
162504_pytorch_to_pytorch_1.output.log,1,Unknown Failure,生成失败,,"Traceback (most recent call last):
  File ""/home/ubuntu/SYAN/GRADUATE/TeRL/Step4-RunTestCase/final-data/single_reuse_test_case/162504_pytorch_to_pytorch_1.output.py"", line 25, in <module>
    preserve_rng_state=True,
  File ""/home/ubuntu/miniconda3/envs/TeRL-Running/lib/python3.7/site-packages/torch/utils/checkpoint.py"", line 305, in checkpoint_sequential
    raise ValueError(""Unexpected keyword arguments: "" + "","".join(arg for arg in kwargs))
ValueError: Unexpected keyword arguments: use_reentra"
162504_pytorch_to_pytorch_10.output.log,0,Success,生成成功,"Test passed.
",
162504_pytorch_to_pytorch_2.output.log,1,Unknown Failure,生成失败,,"Traceback (most recent call last):
  File ""/home/ubuntu/SYAN/GRADUATE/TeRL/Step4-RunTestCase/final-data/single_reuse_test_case/162504_pytorch_to_pytorch_2.output.py"", line 51, in <module>
    _ = model_graph(static_input)
  File ""/home/ubuntu/miniconda3/envs/TeRL-Running/lib/python3.7/site-packages/torch/nn/modules/module.py"", line 1194, in _call_impl
    return forward_call(*input, **kwargs)
  File ""/home/ubuntu/SYAN/GRADUATE/TeRL/Step4-RunTestCase/final-data/single_reuse_test_case/162504_pytor"
162504_pytorch_to_pytorch_3.output.log,1,Unknown Failure,生成失败,,"Traceback (most recent call last):
  File ""/home/ubuntu/SYAN/GRADUATE/TeRL/Step4-RunTestCase/final-data/single_reuse_test_case/162504_pytorch_to_pytorch_3.output.py"", line 27, in <module>
    torch.ops.test_lib.custom_op(dummy)
  File ""/home/ubuntu/miniconda3/envs/TeRL-Running/lib/python3.7/site-packages/torch/_ops.py"", line 442, in __call__
    return self._op(*args, **kwargs or {})
NotImplementedError: Could not run 'test_lib::custom_op' with arguments from the 'CUDA' backend. This could be be"
162504_pytorch_to_pytorch_4.output.log,0,Success,生成成功,"Eager execution created group: <torch.distributed.distributed_c10d.ProcessGroupNCCL object at 0x7f4e32b58ab0>
Graph capture and replay successful for torch.distributed.new_group
",
162504_pytorch_to_pytorch_5.output.log,0,Success,生成成功,"Test passed.
","/home/ubuntu/miniconda3/envs/TeRL-Running/lib/python3.7/site-packages/torch/nn/functional.py:3734: UserWarning: nn.functional.upsample is deprecated. Use nn.functional.interpolate instead.
  warnings.warn(""nn.functional.upsample is deprecated. Use nn.functional.interpolate instead."")
"
162504_pytorch_to_pytorch_6.output.log,0,Success,生成成功,"torch.export module not found. This test requires PyTorch 2.1+ or PyTorch 2.0 with torch._export.
",
162504_pytorch_to_pytorch_7.output.log,0,Success,生成成功,"Eager Output: [{'data': tensor([0.1940], device='cuda:0')}]
Graph Output (populated during capture): [{'data': tensor([0.], device='cuda:0')}]
",
162504_pytorch_to_pytorch_8.output.log,0,Success,生成成功,"tensor([0.5484], device='cuda:0')
tensor([0.5484], device='cuda:0')
",
162504_pytorch_to_pytorch_9.output.log,0,Success,生成成功,"Eager output: ['resnet18', 'resnet50', 'alexnet']
Graph output: ['resnet18', 'resnet50', 'alexnet']
",
162683_pytorch_to_pytorch_1.output.log,0,Success,生成成功,"[69, 69, 69, 69, 69, 69, 70, 70, 70, 70, 70, 70, 70, 70, 70, 70, 70, 70, 70, 70, 70, 70, 70, 70, 70, 70, 70, 70, 70, 70, 70, 70, 70, 70, 70, 70, 70, 70, 70, 70, 70, 70, 70, 70, 70, 70, 70, 70, 70, 70, 70, 70, 70, 70, 70, 70, 70, 70, 70, 70, 70, 70, 70, 70, 70, 70, 70, 70, 70, 70, 70, 70, 70, 70, 70, 70, 70, 70, 70, 70, 70, 70, 70, 70, 70, 70, 70, 70, 70, 70, 70, 70, 70, 70, 70, 70, 70, 70, 70, 70, 70, 70, 70, 70, 70, 70, 70, 70, 70, 70, 70, 70, 70, 70, 70, 70, 70, 70, 70, 70, 70, 70, 70, 70, 70,",
162683_pytorch_to_pytorch_10.output.log,0,Success,生成成功,"torch.split((1, 12, 10, 64), 5, dim=2)  ->  7.301 us
torch.split((1, 12, 10, 10), 10, dim=3)  ->  6.040 us
",
162683_pytorch_to_pytorch_2.output.log,0,Success,生成成功,"[23, 23, 23, 23, 23, 23, 23, 23, 23, 23, 23, 23, 23, 23, 23, 23, 23, 23, 23, 23, 23, 23, 23, 23, 23, 23, 23, 23, 23, 23, 23, 23, 23, 23, 23, 23, 23, 23, 23, 23, 23, 23, 23, 23, 23, 23, 23, 23, 23, 23, 23, 23, 23, 23, 23, 23, 23, 23, 23, 23, 23, 23, 23, 23, 23, 23, 23, 23, 23, 23, 23, 23, 23, 23, 23, 23, 23, 23, 23, 23, 23, 23, 23, 23, 23, 23, 24, 24, 24, 24, 24, 24, 24, 24, 24, 24, 24, 24, 24, 24, 24, 24, 24, 24, 24, 24, 24, 24, 24, 24, 24, 24, 24, 24, 24, 24, 24, 24, 24, 24, 24, 24, 24, 24, 24,",
162683_pytorch_to_pytorch_3.output.log,0,Success,生成成功,"[173, 173, 173, 174, 174, 174, 174, 174, 174, 174, 174, 174, 174, 174, 174, 174, 174, 174, 174, 174, 174, 174, 174, 174, 174, 174, 174, 174, 174, 174, 174, 174, 174, 175, 175, 175, 175, 175, 175, 175, 175, 175, 175, 175, 175, 175, 175, 175, 175, 175, 175, 175, 175, 175, 175, 175, 175, 175, 175, 175, 175, 175, 175, 175, 175, 175, 175, 175, 175, 175, 175, 175, 175, 175, 175, 175, 175, 175, 175, 175, 175, 175, 175, 175, 175, 175, 175, 175, 175, 175, 175, 175, 175, 175, 175, 175, 175, 175, 175, 175,",
162683_pytorch_to_pytorch_4.output.log,0,Success,生成成功,"[7, 7, 7, 7, 7, 7, 7, 7, 7, 7, 7, 7, 7, 7, 7, 7, 7, 7, 7, 7, 7, 7, 7, 7, 7, 7, 7, 7, 7, 7, 7, 7, 7, 7, 7, 7, 7, 7, 7, 7, 7, 7, 7, 7, 7, 7, 7, 7, 7, 7, 7, 7, 7, 7, 7, 7, 7, 7, 7, 7, 7, 7, 7, 7, 7, 7, 7, 7, 7, 7, 7, 7, 7, 7, 7, 7, 7, 7, 7, 7, 7, 7, 7, 7, 7, 7, 7, 7, 7, 7, 7, 7, 7, 7, 7, 7, 7, 7, 7, 7, 7, 7, 7, 7, 7, 7, 7, 7, 7, 7, 7, 7, 7, 7, 7, 7, 7, 7, 7, 7, 7, 7, 7, 7, 7, 7, 7, 7, 7, 7, 7, 7, 7, 7, 7, 7, 7, 7, 7, 7, 7, 7, 7, 7, 7, 7, 7, 7, 7, 7, 7, 7, 7, 7, 7, 7, 7, 7, 7, 7, 7, 7, 7, 7, 7, 7, 7",
162683_pytorch_to_pytorch_5.output.log,0,Success,生成成功,"[7, 7, 7, 7, 7, 7, 7, 7, 7, 7, 7, 7, 7, 7, 7, 7, 7, 7, 7, 7, 7, 7, 7, 7, 7, 7, 7, 7, 7, 7, 7, 7, 7, 7, 7, 7, 7, 7, 7, 7, 7, 7, 7, 7, 7, 7, 7, 7, 7, 7, 7, 7, 7, 7, 7, 7, 7, 7, 7, 7, 7, 7, 7, 7, 7, 7, 7, 7, 7, 7, 7, 7, 7, 7, 7, 7, 7, 7, 7, 7, 7, 7, 7, 7, 7, 7, 7, 7, 7, 7, 7, 7, 7, 7, 7, 7, 7, 7, 7, 7, 7, 7, 7, 7, 7, 7, 7, 7, 7, 7, 7, 7, 7, 7, 7, 7, 7, 7, 7, 7, 7, 7, 7, 7, 7, 7, 7, 7, 7, 7, 7, 7, 7, 7, 7, 7, 7, 7, 7, 7, 7, 7, 7, 7, 7, 7, 7, 7, 7, 7, 7, 7, 7, 7, 7, 7, 7, 7, 7, 7, 7, 7, 7, 7, 7, 7, 7",
162683_pytorch_to_pytorch_6.output.log,1,API Misuse,生成失败,"Running benchmark on 1 ranks.
","Traceback (most recent call last):
  File ""/home/ubuntu/SYAN/GRADUATE/TeRL/Step4-RunTestCase/final-data/single_reuse_test_case/162683_pytorch_to_pytorch_6.output.py"", line 80, in <module>
    main()
  File ""/home/ubuntu/SYAN/GRADUATE/TeRL/Step4-RunTestCase/final-data/single_reuse_test_case/162683_pytorch_to_pytorch_6.output.py"", line 66, in main
    t = benchmark_all_to_all_single(shape)
  File ""/home/ubuntu/SYAN/GRADUATE/TeRL/Step4-RunTestCase/final-data/single_reuse_test_case/162683_pytorch_to"
162683_pytorch_to_pytorch_7.output.log,0,Success,生成成功,"[4, 4, 4, 4, 4, 4, 4, 4, 4, 4, 4, 4, 4, 4, 4, 4, 4, 4, 4, 4, 4, 4, 4, 4, 4, 4, 4, 4, 4, 4, 4, 4, 4, 4, 4, 4, 4, 4, 4, 4, 4, 4, 4, 4, 4, 4, 4, 4, 4, 4, 4, 4, 4, 4, 4, 4, 4, 4, 4, 4, 4, 4, 4, 4, 4, 4, 4, 4, 4, 4, 4, 4, 4, 4, 4, 4, 4, 4, 4, 4, 4, 4, 4, 4, 4, 4, 4, 4, 4, 4, 4, 4, 4, 4, 4, 4, 4, 4, 4, 4, 4, 4, 4, 4, 4, 4, 4, 4, 4, 4, 4, 4, 4, 4, 4, 4, 4, 4, 4, 4, 4, 4, 4, 4, 4, 4, 4, 4, 4, 4, 4, 4, 4, 4, 4, 4, 4, 4, 4, 4, 4, 4, 4, 4, 4, 4, 4, 4, 4, 4, 4, 4, 4, 4, 4, 4, 4, 4, 4, 4, 4, 4, 4, 4, 4, 4, 4",
162683_pytorch_to_pytorch_8.output.log,0,Success,生成成功,"[154, 154, 154, 154, 154, 154, 154, 154, 154, 154, 154, 154, 154, 154, 154, 154, 154, 154, 154, 154, 154, 154, 154, 154, 154, 154, 154, 154, 154, 154, 154, 154, 154, 154, 154, 154, 154, 154, 154, 154, 154, 154, 154, 154, 154, 154, 154, 154, 154, 154, 154, 154, 154, 154, 154, 154, 154, 154, 154, 154, 154, 154, 154, 154, 154, 154, 154, 154, 154, 154, 154, 154, 154, 154, 154, 154, 154, 154, 154, 154, 154, 154, 154, 154, 154, 154, 154, 154, 154, 154, 154, 154, 154, 154, 154, 154, 154, 154, 154, 154,",
162683_pytorch_to_pytorch_9.output.log,0,Success,生成成功,"[2, 2, 2, 2, 2, 2, 2, 2, 2, 2, 2, 2, 2, 2, 2, 2, 2, 2, 2, 2, 2, 2, 2, 2, 2, 2, 2, 2, 2, 2, 2, 2, 2, 2, 2, 2, 2, 2, 2, 2, 2, 2, 2, 2, 2, 2, 2, 2, 2, 2, 2, 2, 2, 2, 2, 2, 2, 2, 2, 2, 2, 2, 2, 2, 2, 2, 2, 2, 2, 2, 2, 2, 2, 2, 2, 2, 2, 2, 2, 2, 2, 2, 2, 2, 2, 2, 2, 2, 2, 2, 2, 2, 2, 2, 2, 2, 2, 2, 2, 2, 2, 2, 2, 2, 2, 2, 2, 2, 2, 2, 2, 2, 2, 2, 2, 2, 2, 2, 2, 2, 2, 2, 2, 2, 2, 2, 2, 2, 2, 2, 2, 2, 2, 2, 2, 2, 2, 2, 2, 2, 2, 2, 2, 2, 2, 2, 2, 2, 2, 2, 2, 2, 2, 2, 2, 2, 2, 2, 2, 2, 2, 2, 2, 2, 2, 2, 2",
162722_pytorch_to_pytorch_1.output.log,0,Success,生成成功,"Test passed: torch.distributed.reduce maintained numerical consistency.
",
162722_pytorch_to_pytorch_10.output.log,0,Success,生成成功,"Test passed: Numerical consistency verified for torch.distributed.gather_object
",
162722_pytorch_to_pytorch_2.output.log,0,Success,生成成功,"Test skipped: torch.compile is not available in this version of PyTorch (requires PyTorch 2.0+).
",
162722_pytorch_to_pytorch_3.output.log,1,API Misuse,生成失败,,"Traceback (most recent call last):
  File ""/home/ubuntu/SYAN/GRADUATE/TeRL/Step4-RunTestCase/final-data/single_reuse_test_case/162722_pytorch_to_pytorch_3.output.py"", line 11, in <module>
    @torch.library.impl(torch.ops.test_attention_lib.custom_scaled_dot_product, ""CPU"")
  File ""/home/ubuntu/miniconda3/envs/TeRL-Running/lib/python3.7/site-packages/torch/library.py"", line 146, in wrap
    lib.impl(name, f, dispatch_key)
  File ""/home/ubuntu/miniconda3/envs/TeRL-Running/lib/python3.7/site-packa"
162722_pytorch_to_pytorch_4.output.log,0,Success,生成成功,"Warning: torch.compile not found (requires PyTorch 2.0+). Mocking torch.compile as identity function for compatibility.
Test Passed: torch.all confirms numerical consistency between eager and compiled models.
",
162722_pytorch_to_pytorch_5.output.log,0,Success,生成成功,"Test passed: torch.any behaves correctly within the model context.
",
162722_pytorch_to_pytorch_6.output.log,0,Success,生成成功,"torch.lobpcg numerical consistency test passed.
",
162722_pytorch_to_pytorch_7.output.log,1,Execution Failure,生成失败,"Starting test for torch.distributed send/recv with Transformer model context...
Rank 0: Initializing model and generating data...
Rank 1: Waiting to receive tensor...
","Traceback (most recent call last):
  File ""/home/ubuntu/SYAN/GRADUATE/TeRL/Step4-RunTestCase/final-data/single_reuse_test_case/162722_pytorch_to_pytorch_7.output.py"", line 128, in <module>
    mp.spawn(run_test, args=(world_size,), nprocs=world_size)
  File ""/home/ubuntu/miniconda3/envs/TeRL-Running/lib/python3.7/site-packages/torch/multiprocessing/spawn.py"", line 240, in spawn
    return start_processes(fn, args, nprocs, join, daemon, start_method='spawn')
  File ""/home/ubuntu/miniconda3/envs/T"
162722_pytorch_to_pytorch_8.output.log,1,Execution Failure,生成失败,"Rank 1: Receiving objects...
","Traceback (most recent call last):
  File ""/home/ubuntu/SYAN/GRADUATE/TeRL/Step4-RunTestCase/final-data/single_reuse_test_case/162722_pytorch_to_pytorch_8.output.py"", line 130, in <module>
    mp.spawn(run_test, args=(world_size,), nprocs=world_size, join=True)
  File ""/home/ubuntu/miniconda3/envs/TeRL-Running/lib/python3.7/site-packages/torch/multiprocessing/spawn.py"", line 240, in spawn
    return start_processes(fn, args, nprocs, join, daemon, start_method='spawn')
  File ""/home/ubuntu/minico"
162722_pytorch_to_pytorch_9.output.log,0,Success,生成成功,"Rank 0 initialized objects for broadcast.
Rank 0 broadcast complete.
Rank 1 successfully verified broadcasted objects.
",
162725_pytorch_to_pytorch_1.output.log,1,API Misuse,生成失败,"Warning: 'expecttest' module not found. Using manual input generation.
","Traceback (most recent call last):
  File ""/home/ubuntu/SYAN/GRADUATE/TeRL/Step4-RunTestCase/final-data/single_reuse_test_case/162725_pytorch_to_pytorch_1.output.py"", line 54, in <module>
    compiled = torch.compile(fn, backend=""inductor"", mode=""max-autotune"")
AttributeError: module 'torch' has no attribute 'compile'
"
162725_pytorch_to_pytorch_10.output.log,1,API Misuse,生成失败,,"/home/ubuntu/SYAN/GRADUATE/TeRL/Step4-RunTestCase/final-data/single_reuse_test_case/162725_pytorch_to_pytorch_10.output.py:27: UserWarning: torch.cholesky is deprecated in favor of torch.linalg.cholesky and will be removed in a future PyTorch release.
L = torch.cholesky(A)
should be replaced with
L = torch.linalg.cholesky(A)
and
U = torch.cholesky(A, upper=True)
should be replaced with
U = torch.linalg.cholesky(A).mH().
This transform will produce equivalent results for all valid (symmetric posi"
162725_pytorch_to_pytorch_2.output.log,0,Success,生成成功,,
162725_pytorch_to_pytorch_3.output.log,1,API Misuse,生成失败,,"Traceback (most recent call last):
  File ""/home/ubuntu/SYAN/GRADUATE/TeRL/Step4-RunTestCase/final-data/single_reuse_test_case/162725_pytorch_to_pytorch_3.output.py"", line 44, in <module>
    compiled = torch.compile(fn, backend=""inductor"", mode=""max-autotune"")
AttributeError: module 'torch' has no attribute 'compile'
"
162725_pytorch_to_pytorch_4.output.log,1,API Misuse,生成失败,,"Traceback (most recent call last):
  File ""/home/ubuntu/SYAN/GRADUATE/TeRL/Step4-RunTestCase/final-data/single_reuse_test_case/162725_pytorch_to_pytorch_4.output.py"", line 27, in <module>
    compiled = torch.compile(fn, backend=""inductor"", mode=""max-autotune"")
AttributeError: module 'torch' has no attribute 'compile'
"
162725_pytorch_to_pytorch_5.output.log,0,Success,生成成功,"Skipping test: torch.compile is not available (requires PyTorch 2.0+)
",
162725_pytorch_to_pytorch_6.output.log,1,API Misuse,生成失败,,"Traceback (most recent call last):
  File ""/home/ubuntu/SYAN/GRADUATE/TeRL/Step4-RunTestCase/final-data/single_reuse_test_case/162725_pytorch_to_pytorch_6.output.py"", line 50, in <module>
    compiled = torch.compile(fn, backend=""inductor"", mode=""max-autotune"")
AttributeError: module 'torch' has no attribute 'compile'
"
162725_pytorch_to_pytorch_7.output.log,1,Missing Dependency,执行失败,,"Traceback (most recent call last):
  File ""/home/ubuntu/SYAN/GRADUATE/TeRL/Step4-RunTestCase/final-data/single_reuse_test_case/162725_pytorch_to_pytorch_7.output.py"", line 2, in <module>
    from torch.testing._internal.common_methods_invocations import op_db
  File ""/home/ubuntu/miniconda3/envs/TeRL-Running/lib/python3.7/site-packages/torch/testing/_internal/common_methods_invocations.py"", line 22, in <module>
    from torch.testing._internal.common_device_type import \
  File ""/home/ubuntu/min"
162725_pytorch_to_pytorch_8.output.log,1,API Misuse,生成失败,,"Traceback (most recent call last):
  File ""/home/ubuntu/SYAN/GRADUATE/TeRL/Step4-RunTestCase/final-data/single_reuse_test_case/162725_pytorch_to_pytorch_8.output.py"", line 24, in <module>
    compiled = torch.compile(fn, backend=""inductor"", mode=""max-autotune"")
AttributeError: module 'torch' has no attribute 'compile'
"
162725_pytorch_to_pytorch_9.output.log,0,Success,生成成功,"torch.compile is not available (requires PyTorch 2.0+). Mocking torch.compile as identity function.
",
162730_pytorch_to_pytorch_1.output.log,0,Success,生成成功,"MPS test skipped due to environment limitation: Could not run 'aten::empty.memory_format' with arguments from the 'MPS' backend. This could be because the operator doesn't exist for this backend, or was omitted during the selective/custom build process (if using custom build). If you are a Facebook employee using PyTorch on mobile, please visit https://fburl.com/ptmfixes for possible resolutions. 'aten::empty.memory_format' is only available for these backends: [CPU, CUDA, Meta, QuantizedCPU, Qu","/home/ubuntu/miniconda3/envs/TeRL-Running/lib/python3.7/site-packages/torch/nested/__init__.py:47: UserWarning: The PyTorch API of nested tensors is in prototype stage and will change in the near future. (Triggered internally at ../aten/src/ATen/NestedTensorImpl.cpp:175.)
  nt = torch._nested_tensor_from_tensor_list(new_data, dtype, None, device, pin_memory)
"
162730_pytorch_to_pytorch_10.output.log,1,Unknown Failure,生成失败,,"Traceback (most recent call last):
  File ""/home/ubuntu/SYAN/GRADUATE/TeRL/Step4-RunTestCase/final-data/single_reuse_test_case/162730_pytorch_to_pytorch_10.output.py"", line 5, in <module>
    W = torch.randn(12, 64, 768, device=device)
NotImplementedError: Could not run 'aten::empty.memory_format' with arguments from the 'MPS' backend. This could be because the operator doesn't exist for this backend, or was omitted during the selective/custom build process (if using custom build). If you are a "
162730_pytorch_to_pytorch_2.output.log,1,Unknown Failure,生成失败,,"Traceback (most recent call last):
  File ""/home/ubuntu/SYAN/GRADUATE/TeRL/Step4-RunTestCase/final-data/single_reuse_test_case/162730_pytorch_to_pytorch_2.output.py"", line 10, in <module>
    x = torch.randn(1, C, 32, 32, device=device)
NotImplementedError: Could not run 'aten::empty.memory_format' with arguments from the 'MPS' backend. This could be because the operator doesn't exist for this backend, or was omitted during the selective/custom build process (if using custom build). If you are a"
162730_pytorch_to_pytorch_3.output.log,0,Success,生成成功,"MPS is not available. Skipping MPS test.
",
162730_pytorch_to_pytorch_4.output.log,1,Unknown Failure,生成失败,,"Traceback (most recent call last):
  File ""/home/ubuntu/SYAN/GRADUATE/TeRL/Step4-RunTestCase/final-data/single_reuse_test_case/162730_pytorch_to_pytorch_4.output.py"", line 6, in <module>
    input_tensor = torch.randn(1, 3, 768, device=device)
NotImplementedError: Could not run 'aten::empty.memory_format' with arguments from the 'MPS' backend. This could be because the operator doesn't exist for this backend, or was omitted during the selective/custom build process (if using custom build). If yo"
162730_pytorch_to_pytorch_5.output.log,1,Unknown Failure,生成失败,,"Traceback (most recent call last):
  File ""/home/ubuntu/SYAN/GRADUATE/TeRL/Step4-RunTestCase/final-data/single_reuse_test_case/162730_pytorch_to_pytorch_5.output.py"", line 10, in <module>
    x = torch.randn(1, num_channels, 12, 64, device=device)
NotImplementedError: Could not run 'aten::empty.memory_format' with arguments from the 'MPS' backend. This could be because the operator doesn't exist for this backend, or was omitted during the selective/custom build process (if using custom build). I"
162730_pytorch_to_pytorch_6.output.log,1,Unknown Failure,生成失败,,"Traceback (most recent call last):
  File ""/home/ubuntu/SYAN/GRADUATE/TeRL/Step4-RunTestCase/final-data/single_reuse_test_case/162730_pytorch_to_pytorch_6.output.py"", line 6, in <module>
    x = torch.randn(2, 5, 10, device=device)
NotImplementedError: Could not run 'aten::empty.memory_format' with arguments from the 'MPS' backend. This could be because the operator doesn't exist for this backend, or was omitted during the selective/custom build process (if using custom build). If you are a Face"
162730_pytorch_to_pytorch_7.output.log,0,Success,生成成功,"MPS device not found. This test requires MPS to run.
",
162730_pytorch_to_pytorch_8.output.log,1,Unknown Failure,生成失败,,"Traceback (most recent call last):
  File ""/home/ubuntu/SYAN/GRADUATE/TeRL/Step4-RunTestCase/final-data/single_reuse_test_case/162730_pytorch_to_pytorch_8.output.py"", line 17, in <module>
    W = torch.randn(12, 64, 768, device=device)
NotImplementedError: Could not run 'aten::empty.memory_format' with arguments from the 'MPS' backend. This could be because the operator doesn't exist for this backend, or was omitted during the selective/custom build process (if using custom build). If you are a "
162730_pytorch_to_pytorch_9.output.log,0,Success,生成成功,"Rank 0: Weight contiguous: True
Rank 0: Weight non-contiguous: False
Rank 1: Weight contiguous: True
Rank 1: Weight non-contiguous: False
Rank 1: Contiguous match: False
Rank 1: Non-contiguous match: False
BUG: isend failed to correctly transmit non-contiguous tensor data.
Max difference: 7.6867804527282715
",
162756_pytorch_to_pytorch_1.output.log,1,API Misuse,生成失败,"Warning: torch._inductor is not available in this environment. Skipping combo_kernels configuration.
","Traceback (most recent call last):
  File ""/home/ubuntu/SYAN/GRADUATE/TeRL/Step4-RunTestCase/final-data/single_reuse_test_case/162756_pytorch_to_pytorch_1.output.py"", line 30, in <module>
    @torch.compile
AttributeError: module 'torch' has no attribute 'compile'
"
162756_pytorch_to_pytorch_10.output.log,1,API Misuse,生成失败,"Warning: torch._inductor not found. Running with default torch.compile settings.
","Traceback (most recent call last):
  File ""/home/ubuntu/SYAN/GRADUATE/TeRL/Step4-RunTestCase/final-data/single_reuse_test_case/162756_pytorch_to_pytorch_10.output.py"", line 65, in <module>
    test_gather_object_compile()
  File ""/home/ubuntu/SYAN/GRADUATE/TeRL/Step4-RunTestCase/final-data/single_reuse_test_case/162756_pytorch_to_pytorch_10.output.py"", line 29, in test_gather_object_compile
    @torch.compile
AttributeError: module 'torch' has no attribute 'compile'
"
162756_pytorch_to_pytorch_2.output.log,1,Unknown Failure,生成失败,,"Traceback (most recent call last):
  File ""/home/ubuntu/SYAN/GRADUATE/TeRL/Step4-RunTestCase/final-data/single_reuse_test_case/162756_pytorch_to_pytorch_2.output.py"", line 9, in <module>
    raise RuntimeError(""This test requires torch._inductor (PyTorch 2.0+)"")
RuntimeError: This test requires torch._inductor (PyTorch 2.0+)
"
162756_pytorch_to_pytorch_3.output.log,1,API Misuse,生成失败,,"Traceback (most recent call last):
  File ""/home/ubuntu/SYAN/GRADUATE/TeRL/Step4-RunTestCase/final-data/single_reuse_test_case/162756_pytorch_to_pytorch_3.output.py"", line 11, in <module>
    def custom_op_meta(x: Tensor) -> Tensor:
  File ""/home/ubuntu/miniconda3/envs/TeRL-Running/lib/python3.7/site-packages/torch/library.py"", line 146, in wrap
    lib.impl(name, f, dispatch_key)
AttributeError: 'str' object has no attribute 'impl'
"
162756_pytorch_to_pytorch_4.output.log,1,API Misuse,生成失败,"Warning: torch._inductor is not available in this environment. Skipping inductor-specific configuration.
","Traceback (most recent call last):
  File ""/home/ubuntu/SYAN/GRADUATE/TeRL/Step4-RunTestCase/final-data/single_reuse_test_case/162756_pytorch_to_pytorch_4.output.py"", line 10, in <module>
    @torch.compile
AttributeError: module 'torch' has no attribute 'compile'
"
162756_pytorch_to_pytorch_5.output.log,1,API Misuse,生成失败,,"Traceback (most recent call last):
  File ""/home/ubuntu/SYAN/GRADUATE/TeRL/Step4-RunTestCase/final-data/single_reuse_test_case/162756_pytorch_to_pytorch_5.output.py"", line 10, in <module>
    @torch.compile
AttributeError: module 'torch' has no attribute 'compile'
"
162756_pytorch_to_pytorch_6.output.log,1,API Misuse,生成失败,,"Traceback (most recent call last):
  File ""/home/ubuntu/SYAN/GRADUATE/TeRL/Step4-RunTestCase/final-data/single_reuse_test_case/162756_pytorch_to_pytorch_6.output.py"", line 18, in <module>
    @torch.compile
AttributeError: module 'torch' has no attribute 'compile'
"
162756_pytorch_to_pytorch_7.output.log,1,API Misuse,生成失败,"Warning: torch._inductor is not available in this environment. Skipping combo_kernels configuration.
","Traceback (most recent call last):
  File ""/home/ubuntu/SYAN/GRADUATE/TeRL/Step4-RunTestCase/final-data/single_reuse_test_case/162756_pytorch_to_pytorch_7.output.py"", line 52, in <module>
    test_send_object_list_compile()
  File ""/home/ubuntu/SYAN/GRADUATE/TeRL/Step4-RunTestCase/final-data/single_reuse_test_case/162756_pytorch_to_pytorch_7.output.py"", line 25, in test_send_object_list_compile
    @torch.compile
AttributeError: module 'torch' has no attribute 'compile'
"
162756_pytorch_to_pytorch_8.output.log,1,API Misuse,生成失败,,"Traceback (most recent call last):
  File ""/home/ubuntu/SYAN/GRADUATE/TeRL/Step4-RunTestCase/final-data/single_reuse_test_case/162756_pytorch_to_pytorch_8.output.py"", line 49, in <module>
    mp.spawn(run, args=(world_size,), nprocs=world_size, join=True)
  File ""/home/ubuntu/miniconda3/envs/TeRL-Running/lib/python3.7/site-packages/torch/multiprocessing/spawn.py"", line 240, in spawn
    return start_processes(fn, args, nprocs, join, daemon, start_method='spawn')
  File ""/home/ubuntu/miniconda3/e"
162756_pytorch_to_pytorch_9.output.log,1,API Misuse,生成失败,"Warning: torch._inductor is not available in this PyTorch build. Skipping combo_kernels config.
","Traceback (most recent call last):
  File ""/home/ubuntu/SYAN/GRADUATE/TeRL/Step4-RunTestCase/final-data/single_reuse_test_case/162756_pytorch_to_pytorch_9.output.py"", line 22, in <module>
    @torch.compile
AttributeError: module 'torch' has no attribute 'compile'
"
162860_pytorch_to_pytorch_1.output.log,0,Success,生成成功,"Skipping test: torch.compile is not available (requires PyTorch 2.0+)
",
162860_pytorch_to_pytorch_10.output.log,1,API Misuse,生成失败,,"Traceback (most recent call last):
  File ""/home/ubuntu/SYAN/GRADUATE/TeRL/Step4-RunTestCase/final-data/single_reuse_test_case/162860_pytorch_to_pytorch_10.output.py"", line 50, in <module>
    mp.spawn(run, args=(world_size,), nprocs=world_size, join=True)
  File ""/home/ubuntu/miniconda3/envs/TeRL-Running/lib/python3.7/site-packages/torch/multiprocessing/spawn.py"", line 240, in spawn
    return start_processes(fn, args, nprocs, join, daemon, start_method='spawn')
  File ""/home/ubuntu/miniconda3/"
162860_pytorch_to_pytorch_2.output.log,0,Success,生成成功,,
162860_pytorch_to_pytorch_3.output.log,1,Missing Dependency,执行失败,,"Traceback (most recent call last):
  File ""/home/ubuntu/SYAN/GRADUATE/TeRL/Step4-RunTestCase/final-data/single_reuse_test_case/162860_pytorch_to_pytorch_3.output.py"", line 7, in <module>
    from torch.library import impl_abstract
ImportError: cannot import name 'impl_abstract' from 'torch.library' (/home/ubuntu/miniconda3/envs/TeRL-Running/lib/python3.7/site-packages/torch/library.py)

During handling of the above exception, another exception occurred:

Traceback (most recent call last):
  File"
162860_pytorch_to_pytorch_4.output.log,0,Success,生成成功,,
162860_pytorch_to_pytorch_5.output.log,0,Success,生成成功,,
162860_pytorch_to_pytorch_6.output.log,1,Unknown Failure,生成失败,"Warning: torch.compile is not available in this PyTorch version. Running without compilation.
","Traceback (most recent call last):
  File ""/home/ubuntu/SYAN/GRADUATE/TeRL/Step4-RunTestCase/final-data/single_reuse_test_case/162860_pytorch_to_pytorch_6.output.py"", line 25, in <module>
    eigenvalues, eigenvectors = compiled_fn(A, k, X)
  File ""/home/ubuntu/SYAN/GRADUATE/TeRL/Step4-RunTestCase/final-data/single_reuse_test_case/162860_pytorch_to_pytorch_6.output.py"", line 6, in fn
    return torch.lobpcg(A, k=k, X=X)
  File ""/home/ubuntu/miniconda3/envs/TeRL-Running/lib/python3.7/site-package"
162860_pytorch_to_pytorch_7.output.log,0,Success,生成成功,"Test passed successfully on rank 1.
",
162860_pytorch_to_pytorch_8.output.log,1,API Misuse,生成失败,,"Traceback (most recent call last):
  File ""/home/ubuntu/SYAN/GRADUATE/TeRL/Step4-RunTestCase/final-data/single_reuse_test_case/162860_pytorch_to_pytorch_8.output.py"", line 77, in <module>
    mp.spawn(run, args=(world_size,), nprocs=world_size, join=True)
  File ""/home/ubuntu/miniconda3/envs/TeRL-Running/lib/python3.7/site-packages/torch/multiprocessing/spawn.py"", line 240, in spawn
    return start_processes(fn, args, nprocs, join, daemon, start_method='spawn')
  File ""/home/ubuntu/miniconda3/e"
162860_pytorch_to_pytorch_9.output.log,0,Success,生成成功,"Rank 0 verification passed.
Rank 1 verification passed.
",
162876_pytorch_to_pytorch_1.output.log,0,Success,生成成功,"API Call Result: torch.return_types.max(
values=tensor(5),
indices=tensor(2))
Caught expected error: structseq() missing required argument 'sequence' (pos 1)
",
162876_pytorch_to_pytorch_10.output.log,0,Success,生成成功,"tensor([[-0.6835, -1.2796]], grad_fn=<AddmmBackward0>)
","/home/ubuntu/miniconda3/envs/TeRL-Running/lib/python3.7/site-packages/torch/nn/modules/lazy.py:180: UserWarning: Lazy modules are a new feature under heavy development so changes to the API or functionality can happen at any moment.
  warnings.warn('Lazy modules are a new feature under heavy development '
"
162876_pytorch_to_pytorch_2.output.log,0,Success,生成成功,"Test passed.
",
162876_pytorch_to_pytorch_3.output.log,0,Success,生成成功,"Test passed.
tensor([ 1, -2,  3])
",
162876_pytorch_to_pytorch_4.output.log,0,Success,生成成功,"Test passed.
",
162876_pytorch_to_pytorch_5.output.log,0,Success,生成成功,"torch.return_types.cummin does not support keyword argument construction: structseq() missing required argument 'sequence' (pos 1)
",
162876_pytorch_to_pytorch_6.output.log,1,API Misuse,生成失败,,"Traceback (most recent call last):
  File ""/home/ubuntu/SYAN/GRADUATE/TeRL/Step4-RunTestCase/final-data/single_reuse_test_case/162876_pytorch_to_pytorch_6.output.py"", line 11, in <module>
    torch.tensor([0, 0, 2, 2])
TypeError: torch.return_types.cummax() takes a dict as second arg, if any
"
162876_pytorch_to_pytorch_7.output.log,0,Success,生成成功,,
162876_pytorch_to_pytorch_8.output.log,0,Success,生成成功,,
162876_pytorch_to_pytorch_9.output.log,0,Success,生成成功,,
163061_pytorch_to_pytorch_1.output.log,0,Success,生成成功,,
163061_pytorch_to_pytorch_10.output.log,1,Assertion Mismatch,生成成功，并且找到错误,"Final GIL monitor counter value: 92
","Traceback (most recent call last):
  File ""/home/ubuntu/SYAN/GRADUATE/TeRL/Step4-RunTestCase/final-data/single_reuse_test_case/163061_pytorch_to_pytorch_10.output.py"", line 58, in <module>
    main()
  File ""/home/ubuntu/SYAN/GRADUATE/TeRL/Step4-RunTestCase/final-data/single_reuse_test_case/163061_pytorch_to_pytorch_10.output.py"", line 55, in main
    mp.spawn(run_gather_object_test, args=(world_size,), nprocs=world_size, join=True)
  File ""/home/ubuntu/miniconda3/envs/TeRL-Running/lib/python3.7"
163061_pytorch_to_pytorch_2.output.log,0,Success,生成成功,"Warning: 'triton' module not found. Skipping Triton-specific tests.
",
163061_pytorch_to_pytorch_3.output.log,1,API Misuse,生成失败,,"Traceback (most recent call last):
  File ""/home/ubuntu/SYAN/GRADUATE/TeRL/Step4-RunTestCase/final-data/single_reuse_test_case/163061_pytorch_to_pytorch_3.output.py"", line 12, in <module>
    @torch.library.register_fake(""test_gil_ops::custom_add"")
AttributeError: module 'torch.library' has no attribute 'register_fake'
"
163061_pytorch_to_pytorch_4.output.log,0,Success,生成成功,"torch.compile is not available (requires PyTorch 2.0+). Skipping test.
",
163061_pytorch_to_pytorch_5.output.log,0,Success,生成成功,"Eager torch.any: Result=True, Thread ran concurrently: True
Compiled torch.any: Result=True, Thread ran concurrently: True
Eager torch.any: Result=True, Thread ran concurrently: True
Compiled torch.any: Result=True, Thread ran concurrently: True
Eager torch.any: Result=True, Thread ran concurrently: True
Compiled torch.any: Result=True, Thread ran concurrently: True
Eager torch.any: Result=True, Thread ran concurrently: True
Compiled torch.any: Result=True, Thread ran concurrently: True
Eager to",
163061_pytorch_to_pytorch_6.output.log,0,Success,生成成功,,
163061_pytorch_to_pytorch_7.output.log,0,Success,生成成功,,
163061_pytorch_to_pytorch_8.output.log,0,Success,生成成功,"Test passed: GIL was released.
",
163061_pytorch_to_pytorch_9.output.log,0,Success,生成成功,"Baseline GIL release rate: 5390.00 ticks/sec
Testing torch.distributed.broadcast_object_list...
Duration: 2.6300s
Ticks during call: 5004
Expected ticks (if GIL released): 14175.52
",
163082_pytorch_to_pytorch_1.output.log,0,Success,生成成功,"torch.compile not available. Mocking it as an identity function.
Input vector: [3.7999989986419678, 0.0, 0.0]
Softmax output (compile): [0.9571744799613953, 0.02141275256872177, 0.02141275256872177] Sum: 0.9999999403953552
Softmax output (without compile): [0.9571744799613953, 0.02141275256872177, 0.02141275256872177] Sum: 0.9999999403953552
",
163082_pytorch_to_pytorch_10.output.log,0,Success,生成成功,"torch.compile is not available (requires PyTorch 2.0+). Skipping test.
",
163082_pytorch_to_pytorch_2.output.log,1,API Misuse,生成失败,,"Traceback (most recent call last):
  File ""/home/ubuntu/SYAN/GRADUATE/TeRL/Step4-RunTestCase/final-data/single_reuse_test_case/163082_pytorch_to_pytorch_2.output.py"", line 6, in <module>
    @torch.compile()
AttributeError: module 'torch' has no attribute 'compile'
"
163082_pytorch_to_pytorch_3.output.log,0,Success,生成成功,"torch.compile is not available (PyTorch < 2.0). Using pass-through mock.
Input vector [3.7999989986419678, 0.0, 0.0]
Softmin output (compile): [0.011061668395996094, 0.49446916580200195, 0.49446916580200195] Sum of components: 1.0
Softmin output (without compile): [0.011061668395996094, 0.49446916580200195, 0.49446916580200195] Sum of components: 1.0
",
163082_pytorch_to_pytorch_4.output.log,0,Success,生成成功,"torch.compile is not available (requires PyTorch 2.0+). Skipping test.
",
163082_pytorch_to_pytorch_5.output.log,0,Success,生成成功,"Warning: torch.compile not found (requires PyTorch >= 2.0). Using pass-through mock.
Input vector [3.7999989986419678, 0.0, 0.0]
Output (compile): [3.7999989986419678]
Output (without compile): [3.7999989986419678]
",
163082_pytorch_to_pytorch_6.output.log,0,Success,生成成功,"Input vector [3.7999989986419678, 0.0, 0.0]
LogSoftmax vector (compile): [-0.04376961290836334, -3.84376859664917, -3.84376859664917]
LogSoftmax vector (without compile): [-0.04376961290836334, -3.84376859664917, -3.84376859664917]
Sum of exps (compile): 0.9999999403953552
Sum of exps (without compile): 0.9999999403953552
",
163082_pytorch_to_pytorch_7.output.log,0,Success,生成成功,"torch.compile is not available (requires PyTorch >= 2.0). Skipping test.
",
163082_pytorch_to_pytorch_8.output.log,1,API Misuse,生成失败,,"Traceback (most recent call last):
  File ""/home/ubuntu/SYAN/GRADUATE/TeRL/Step4-RunTestCase/final-data/single_reuse_test_case/163082_pytorch_to_pytorch_8.output.py"", line 7, in <module>
    @torch.compile()
AttributeError: module 'torch' has no attribute 'compile'
"
163082_pytorch_to_pytorch_9.output.log,0,Success,生成成功,"Input vector: [1.0, 0.4000000059604645, -0.6000000238418579]
Output (compile): [1.0, 0.0, -0.6000000238418579]
Output (without compile): [1.0, 0.0, -0.6000000238418579]
",
163153_pytorch_to_pytorch_1.output.log,1,API Misuse,生成失败,,"Traceback (most recent call last):
  File ""/home/ubuntu/SYAN/GRADUATE/TeRL/Step4-RunTestCase/final-data/single_reuse_test_case/163153_pytorch_to_pytorch_1.output.py"", line 51, in <module>
    mp.spawn(test_init_process_group_with_device_id, args=(world_size,), nprocs=world_size, join=True)
  File ""/home/ubuntu/miniconda3/envs/TeRL-Running/lib/python3.7/site-packages/torch/multiprocessing/spawn.py"", line 240, in spawn
    return start_processes(fn, args, nprocs, join, daemon, start_method='spawn'"
163153_pytorch_to_pytorch_10.output.log,0,Success,生成成功,"Running on rank 0 on device cuda:0
Test passed: torch.argsort works correctly on the device.
",
163153_pytorch_to_pytorch_2.output.log,1,Unknown Failure,生成失败,"This test requires torchvision. Please install it via `pip install torchvision`.
",
163153_pytorch_to_pytorch_3.output.log,0,Success,生成成功,"Rank 0 broadcasting object: {'n_layers': 10, 'n_heads': 8, 'dim': 4096}
Rank 0 successfully verified broadcast_object_list.
Rank 1 successfully verified broadcast_object_list.
",
163153_pytorch_to_pytorch_4.output.log,1,Unknown Failure,生成失败,,"Traceback (most recent call last):
  File ""/home/ubuntu/SYAN/GRADUATE/TeRL/Step4-RunTestCase/final-data/single_reuse_test_case/163153_pytorch_to_pytorch_4.output.py"", line 79, in <module>
    main()
  File ""/home/ubuntu/SYAN/GRADUATE/TeRL/Step4-RunTestCase/final-data/single_reuse_test_case/163153_pytorch_to_pytorch_4.output.py"", line 18, in main
    rank = int(os.environ[""LOCAL_RANK""])
  File ""/home/ubuntu/miniconda3/envs/TeRL-Running/lib/python3.7/os.py"", line 678, in __getitem__
    raise KeyE"
163153_pytorch_to_pytorch_5.output.log,0,Success,生成成功,"Running torch.nn.functional.kl_div tests...
Test 1 Passed: Mean reduction loss = -0.19836261868476868
Test 2 Passed: Batchmean reduction loss = -1.983626127243042
Test 3 Passed: No reduction shape = torch.Size([4, 10])
Test 4 Passed: log_target=True loss = -0.19836260378360748
All tests passed.
","/home/ubuntu/miniconda3/envs/TeRL-Running/lib/python3.7/site-packages/torch/nn/functional.py:2917: UserWarning: reduction: 'mean' divides the total loss by both the batch size and the support size.'batchmean' divides only by the batch size, and aligns with the KL div math definition.'mean' will be changed to behave the same as 'batchmean' in the next major release.
  ""reduction: 'mean' divides the total loss by both the batch size and the support size.""
"
163153_pytorch_to_pytorch_6.output.log,0,Success,生成成功,"Running on rank 0 on device cuda:0
Rank 0: Test passed. Group ranks: [0]
",
163153_pytorch_to_pytorch_7.output.log,0,Success,生成成功,"Rank 0 successfully received: object_for_rank_0
Rank 1 successfully received: object_for_rank_1
",
163153_pytorch_to_pytorch_8.output.log,0,Success,生成成功,"Test passed: torch.nn.functional.cross_entropy verified.
",
163153_pytorch_to_pytorch_9.output.log,0,Success,生成成功,"Test 1 Passed: Mean reduction loss = 0.8032716512680054
Test 2 Passed: Sum reduction loss = 3290.20068359375
Test 3 Passed: None reduction shape = torch.Size([4, 1024])
Test 4 Passed: Weighted loss = 0.8032716512680054
All tests for binary_cross_entropy passed successfully.
",
163275_pytorch_to_pytorch_1.output.log,1,API Misuse,生成失败,"Warning: torch.compile not found. Using eager execution (mocking torch.compile).
","Traceback (most recent call last):
  File ""/home/ubuntu/SYAN/GRADUATE/TeRL/Step4-RunTestCase/final-data/single_reuse_test_case/163275_pytorch_to_pytorch_1.output.py"", line 23, in <module>
    result = linear_bmm(A, B)
  File ""/home/ubuntu/SYAN/GRADUATE/TeRL/Step4-RunTestCase/final-data/single_reuse_test_case/163275_pytorch_to_pytorch_1.output.py"", line 20, in linear_bmm
    return torch.bmm(input, weight, out_dtype=torch.float32)
TypeError: bmm() got an unexpected keyword argument 'out_dtype'
"
163275_pytorch_to_pytorch_10.output.log,0,Success,生成成功,,"/home/ubuntu/SYAN/GRADUATE/TeRL/Step4-RunTestCase/final-data/single_reuse_test_case/163275_pytorch_to_pytorch_10.output.py:18: UserWarning: torch.symeig is deprecated in favor of torch.linalg.eigh and will be removed in a future PyTorch release.
The default behavior has changed from using the upper triangular portion of the matrix by default to using the lower triangular portion.
L, _ = torch.symeig(A, upper=upper)
should be replaced with
L = torch.linalg.eigvalsh(A, UPLO='U' if upper else 'L')
"
163275_pytorch_to_pytorch_2.output.log,0,Success,生成成功,,
163275_pytorch_to_pytorch_3.output.log,1,API Misuse,生成失败,,"Traceback (most recent call last):
  File ""/home/ubuntu/SYAN/GRADUATE/TeRL/Step4-RunTestCase/final-data/single_reuse_test_case/163275_pytorch_to_pytorch_3.output.py"", line 18, in <module>
    result = mv_func(A, B)
  File ""/home/ubuntu/SYAN/GRADUATE/TeRL/Step4-RunTestCase/final-data/single_reuse_test_case/163275_pytorch_to_pytorch_3.output.py"", line 15, in mv_func
    return torch.mv(mat, vec, out_dtype=torch.float32)
TypeError: mv() got an unexpected keyword argument 'out_dtype'
"
163275_pytorch_to_pytorch_4.output.log,0,Success,生成成功,,
163275_pytorch_to_pytorch_5.output.log,0,Success,生成成功,,
163275_pytorch_to_pytorch_6.output.log,0,Success,生成成功,"Test passed.
",
163275_pytorch_to_pytorch_7.output.log,0,Success,生成成功,,
163275_pytorch_to_pytorch_8.output.log,1,API Misuse,生成失败,,"Traceback (most recent call last):
  File ""/home/ubuntu/SYAN/GRADUATE/TeRL/Step4-RunTestCase/final-data/single_reuse_test_case/163275_pytorch_to_pytorch_8.output.py"", line 22, in <module>
    @torch.compile
AttributeError: module 'torch' has no attribute 'compile'
"
163275_pytorch_to_pytorch_9.output.log,0,Success,生成成功,,
163329_pytorch_to_pytorch_1.output.log,1,API Misuse,生成失败,,"Traceback (most recent call last):
  File ""/home/ubuntu/SYAN/GRADUATE/TeRL/Step4-RunTestCase/final-data/single_reuse_test_case/163329_pytorch_to_pytorch_1.output.py"", line 55, in <module>
    mp.spawn(demo_reduce, args=(world_size,), nprocs=world_size, join=True)
  File ""/home/ubuntu/miniconda3/envs/TeRL-Running/lib/python3.7/site-packages/torch/multiprocessing/spawn.py"", line 240, in spawn
    return start_processes(fn, args, nprocs, join, daemon, start_method='spawn')
  File ""/home/ubuntu/mini"
163329_pytorch_to_pytorch_10.output.log,0,Success,生成成功,"torch.distributed.gather_object test passed.
",
163329_pytorch_to_pytorch_2.output.log,1,API Misuse,生成失败,,"Traceback (most recent call last):
  File ""/home/ubuntu/SYAN/GRADUATE/TeRL/Step4-RunTestCase/final-data/single_reuse_test_case/163329_pytorch_to_pytorch_2.output.py"", line 15, in <module>
    compiled_model = torch.compile(model_fn)
AttributeError: module 'torch' has no attribute 'compile'
"
163329_pytorch_to_pytorch_3.output.log,0,Success,生成成功,"Skipping test: torch.library.impl_abstract is not available (requires PyTorch 2.0+).
",
163329_pytorch_to_pytorch_4.output.log,1,API Misuse,生成失败,,"Traceback (most recent call last):
  File ""/home/ubuntu/SYAN/GRADUATE/TeRL/Step4-RunTestCase/final-data/single_reuse_test_case/163329_pytorch_to_pytorch_4.output.py"", line 24, in <module>
    compiled_test_func = torch.compile(test_func)
AttributeError: module 'torch' has no attribute 'compile'
"
163329_pytorch_to_pytorch_5.output.log,1,API Misuse,生成失败,,"Traceback (most recent call last):
  File ""/home/ubuntu/SYAN/GRADUATE/TeRL/Step4-RunTestCase/final-data/single_reuse_test_case/163329_pytorch_to_pytorch_5.output.py"", line 37, in <module>
    test_torch_any_compile()
  File ""/home/ubuntu/SYAN/GRADUATE/TeRL/Step4-RunTestCase/final-data/single_reuse_test_case/163329_pytorch_to_pytorch_5.output.py"", line 16, in test_torch_any_compile
    compiled_any_fn = torch.compile(any_fn)
AttributeError: module 'torch' has no attribute 'compile'
"
163329_pytorch_to_pytorch_6.output.log,1,API Misuse,生成失败,,"Traceback (most recent call last):
  File ""/home/ubuntu/SYAN/GRADUATE/TeRL/Step4-RunTestCase/final-data/single_reuse_test_case/163329_pytorch_to_pytorch_6.output.py"", line 55, in <module>
    test_lobpcg_compile()
  File ""/home/ubuntu/SYAN/GRADUATE/TeRL/Step4-RunTestCase/final-data/single_reuse_test_case/163329_pytorch_to_pytorch_6.output.py"", line 31, in test_lobpcg_compile
    compiled_solver = torch.compile(solve_eigenvalues)
AttributeError: module 'torch' has no attribute 'compile'
"
163329_pytorch_to_pytorch_7.output.log,1,API Misuse,生成失败,,"Traceback (most recent call last):
  File ""/home/ubuntu/SYAN/GRADUATE/TeRL/Step4-RunTestCase/final-data/single_reuse_test_case/163329_pytorch_to_pytorch_7.output.py"", line 90, in <module>
    mp.spawn(run_test, args=(world_size,), nprocs=world_size, join=True)
  File ""/home/ubuntu/miniconda3/envs/TeRL-Running/lib/python3.7/site-packages/torch/multiprocessing/spawn.py"", line 240, in spawn
    return start_processes(fn, args, nprocs, join, daemon, start_method='spawn')
  File ""/home/ubuntu/minicon"
163329_pytorch_to_pytorch_8.output.log,1,API Misuse,生成失败,"Rank 1 receiving objects...
Rank 0 sending objects...
","Traceback (most recent call last):
  File ""/home/ubuntu/SYAN/GRADUATE/TeRL/Step4-RunTestCase/final-data/single_reuse_test_case/163329_pytorch_to_pytorch_8.output.py"", line 84, in <module>
    mp.spawn(run_test, args=(world_size,), nprocs=world_size, join=True)
  File ""/home/ubuntu/miniconda3/envs/TeRL-Running/lib/python3.7/site-packages/torch/multiprocessing/spawn.py"", line 240, in spawn
    return start_processes(fn, args, nprocs, join, daemon, start_method='spawn')
  File ""/home/ubuntu/minicon"
163329_pytorch_to_pytorch_9.output.log,0,Success,生成成功,"Rank 0: Test passed. Received: {'prompt': 'A cat holding a sign', 'height': 1024, 'width': 1024}
Rank 1: Test passed. Received: {'prompt': 'A cat holding a sign', 'height': 1024, 'width': 1024}
",
163420_pytorch_to_pytorch_1.output.log,1,API Misuse,生成失败,"Eager Success! 
","Traceback (most recent call last):
  File ""/home/ubuntu/SYAN/GRADUATE/TeRL/Step4-RunTestCase/final-data/single_reuse_test_case/163420_pytorch_to_pytorch_1.output.py"", line 41, in <module>
    compiled_foo = torch.compile(foo, fullgraph=True, dynamic=True)
AttributeError: module 'torch' has no attribute 'compile'
"
163420_pytorch_to_pytorch_10.output.log,0,Success,生成成功,"Gather Success! 
",
163420_pytorch_to_pytorch_2.output.log,0,Success,生成成功,"Skipping test: torch._dynamo is not available (requires PyTorch 2.0+)
",
163420_pytorch_to_pytorch_3.output.log,1,API Misuse,生成失败,,"Traceback (most recent call last):
  File ""/home/ubuntu/SYAN/GRADUATE/TeRL/Step4-RunTestCase/final-data/single_reuse_test_case/163420_pytorch_to_pytorch_3.output.py"", line 14, in <module>
    @library.impl_abstract(""test_ns::custom_fill_diag"")
AttributeError: module 'torch.library' has no attribute 'impl_abstract'
"
163420_pytorch_to_pytorch_4.output.log,0,Success,生成成功,"torch._dynamo is not available. This test requires PyTorch 2.0+. Skipping.
",
163420_pytorch_to_pytorch_5.output.log,0,Success,生成成功,"Eager Success! 
torch.compile is not available in this environment. Skipping compiled execution.
",
163420_pytorch_to_pytorch_6.output.log,0,Success,生成成功,"Warning: torch._dynamo not found. Skipping dynamo config.
Running Eager Mode...
Eager Success! 

Running Compiled Mode (fullgraph=True, dynamic=True)...
Compile Failed: module 'torch' has no attribute 'compile'
",
163420_pytorch_to_pytorch_7.output.log,0,Success,生成成功,"Rank 0: Sent object list successfully.
Rank 1: Received and verified object list successfully.
",
163420_pytorch_to_pytorch_8.output.log,1,API Misuse,生成失败,,"Traceback (most recent call last):
  File ""/home/ubuntu/SYAN/GRADUATE/TeRL/Step4-RunTestCase/final-data/single_reuse_test_case/163420_pytorch_to_pytorch_8.output.py"", line 65, in <module>
    mp.spawn(run_test, args=(world_size,), nprocs=world_size, join=True)
  File ""/home/ubuntu/miniconda3/envs/TeRL-Running/lib/python3.7/site-packages/torch/multiprocessing/spawn.py"", line 240, in spawn
    return start_processes(fn, args, nprocs, join, daemon, start_method='spawn')
  File ""/home/ubuntu/minicon"
163420_pytorch_to_pytorch_9.output.log,0,Success,生成成功,"Eager Success!  [1, 2, 3]
Skipping compiled execution: torch.compile is not available in this PyTorch version.
",
163449_pytorch_to_pytorch_1.output.log,0,Success,生成成功,"Warning: torch._dynamo or torch._inductor not found. Skipping compilation test.
Eager Success! 
Skipping compiled comparison due to missing torch._dynamo.
",
163449_pytorch_to_pytorch_10.output.log,0,Success,生成成功,"Warning: torch._dynamo or torch._inductor not found. Skipping compilation tests.
Eager Success! 
Skipping compiled execution and comparison due to missing torch._dynamo.
",
163449_pytorch_to_pytorch_2.output.log,0,Success,生成成功,"Warning: torch._dynamo or torch._inductor not found. Skipping specific compiler configurations.
Eager Success! 
torch.compile is not available in this environment. Skipping compiled test.
",
163449_pytorch_to_pytorch_3.output.log,0,Success,生成成功,"Eager Success! 
torch.compile is not available in this PyTorch version. Skipping compiled test.
",
163449_pytorch_to_pytorch_4.output.log,1,Unknown Failure,生成失败,,"Traceback (most recent call last):
  File ""/home/ubuntu/SYAN/GRADUATE/TeRL/Step4-RunTestCase/final-data/single_reuse_test_case/163449_pytorch_to_pytorch_4.output.py"", line 35, in <module>
    out_eager = foo(arg0, arg1, arg2, arg3, arg4)
  File ""/home/ubuntu/SYAN/GRADUATE/TeRL/Step4-RunTestCase/final-data/single_reuse_test_case/163449_pytorch_to_pytorch_4.output.py"", line 17, in foo
    t4 = t3.norm() # size=(), stride=(), dtype=float32 (from int64 norm)
  File ""/home/ubuntu/miniconda3/envs/TeRL"
163449_pytorch_to_pytorch_5.output.log,0,Success,生成成功,"Eager Success! 
torch.compile is not available in this environment. Skipping compilation test.
",
163449_pytorch_to_pytorch_6.output.log,1,API Misuse,生成失败,"Eager Success! 
","Traceback (most recent call last):
  File ""/home/ubuntu/SYAN/GRADUATE/TeRL/Step4-RunTestCase/final-data/single_reuse_test_case/163449_pytorch_to_pytorch_6.output.py"", line 54, in <module>
    compiled_foo = torch.compile(foo, fullgraph=True, dynamic=True)
AttributeError: module 'torch' has no attribute 'compile'
"
163449_pytorch_to_pytorch_7.output.log,0,Success,生成成功,"Eager Success! 
torch.compile is not available in this environment. Skipping compiled test.
",
163449_pytorch_to_pytorch_8.output.log,0,Success,生成成功,"Eager Success! 
torch.compile is not available in this environment. Skipping compilation test.
",
163449_pytorch_to_pytorch_9.output.log,0,Success,生成成功,"Eager Success! 
torch.compile is not available in this environment. Skipping compiled test.
",
163483_pytorch_to_pytorch_1.output.log,1,Environment Failure,生成失败,"Running test on 2 GPU(s).
","Traceback (most recent call last):
  File ""/home/ubuntu/SYAN/GRADUATE/TeRL/Step4-RunTestCase/final-data/single_reuse_test_case/163483_pytorch_to_pytorch_1.output.py"", line 64, in <module>
    mp.spawn(run_test, args=(world_size,), nprocs=world_size, join=True)
  File ""/home/ubuntu/miniconda3/envs/TeRL-Running/lib/python3.7/site-packages/torch/multiprocessing/spawn.py"", line 240, in spawn
    return start_processes(fn, args, nprocs, join, daemon, start_method='spawn')
  File ""/home/ubuntu/minicon"
163483_pytorch_to_pytorch_10.output.log,0,Success,生成成功,"Input is channels_last: True
Output is channels_last: True
Values equal: True
Strides match: True

Input storage:
 0
 4
 1
 5
 2
 6
 3
 7
 8
 12
 9
 13
 10
 14
 11
 15
[torch.storage.TypedStorage(dtype=torch.int64, device=cpu) of size 16]

Output storage:
 0.0
 4.0
 1.0
 5.0
 2.0
 6.0
 3.0
 7.0
 8.0
 12.0
 9.0
 13.0
 10.0
 14.0
 11.0
 15.0
[torch.storage.TypedStorage(dtype=torch.float32, device=cpu) of size 16]
",
163483_pytorch_to_pytorch_2.output.log,0,Success,生成成功,"rank_0: Memory format preserved: True
rank_0: Strides preserved: True
rank_0: Values correct: True
rank_0: Original strides: (8, 1, 4, 2), After strides: (8, 1, 4, 2)
rank_1: Memory format preserved: True
rank_1: Strides preserved: True
rank_1: Values correct: True
rank_1: Original strides: (8, 1, 4, 2), After strides: (8, 1, 4, 2)
",
163483_pytorch_to_pytorch_3.output.log,0,Success,生成成功,"rank_0: values_equal=True, is_channels_last=True
rank_1: values_equal=True, is_channels_last=True
",
163483_pytorch_to_pytorch_4.output.log,0,Success,生成成功,"Input is_contiguous: False
Output is_contiguous: True
Input stride: (8, 1, 2)
Output stride: (8, 4, 1)
Values equal: True
WARNING: Memory ordering (strides) changed between input and output!
",
163483_pytorch_to_pytorch_5.output.log,0,Success,生成成功,"Equal: True
 x storage:
 0
 4
 1
 5
 2
 6
 3
 7
 8
 12
 9
 13
 10
 14
 11
 15
[torch.storage.TypedStorage(dtype=torch.int64, device=cuda:0) of size 16]
 y storage:
 0
 4
 1
 5
 2
 6
 3
 7
 8
 12
 9
 13
 10
 14
 11
 15
[torch.storage.TypedStorage(dtype=torch.int64, device=cuda:0) of size 16]

",
163483_pytorch_to_pytorch_6.output.log,0,Success,生成成功,"Test passed: atleast_3d preserves memory ordering and format.
",
163483_pytorch_to_pytorch_7.output.log,0,Success,生成成功,"Test passed: torch.atleast_2d preserves channels_last memory format.
",
163483_pytorch_to_pytorch_8.output.log,1,API Misuse,生成失败,,"Traceback (most recent call last):
  File ""/home/ubuntu/SYAN/GRADUATE/TeRL/Step4-RunTestCase/final-data/single_reuse_test_case/163483_pytorch_to_pytorch_8.output.py"", line 34, in <module>
    test_tile_memory_format()
  File ""/home/ubuntu/SYAN/GRADUATE/TeRL/Step4-RunTestCase/final-data/single_reuse_test_case/163483_pytorch_to_pytorch_8.output.py"", line 22, in test_tile_memory_format
    print(f""Input memory format: {x.memory_format}"")
AttributeError: 'Tensor' object has no attribute 'memory_form"
163483_pytorch_to_pytorch_9.output.log,0,Success,生成成功,"Input is channels_last: True
Output is channels_last: True
Input strides: (8, 1, 4, 2)
Output strides: (8, 1, 4, 2)
Values correct: True
",
163528_pytorch_to_pytorch_1.output.log,0,Success,生成成功,"Testing with equal tensors:
Skipping test on cpu: torch.compile is not available in this PyTorch version.
Skipping test on cuda: torch.compile is not available in this PyTorch version.

Testing with unequal tensors:
Skipping test on cpu: torch.compile is not available in this PyTorch version.
Skipping test on cuda: torch.compile is not available in this PyTorch version.
",
163528_pytorch_to_pytorch_10.output.log,0,Success,生成成功,"torch.compile is not available (requires PyTorch >= 2.0). Mocking it as an identity function.
device: cpu, diff: 0.0
orignal tensor([[[-0.3389, -0.5730],
         [ 0.5180, -0.3303]],

        [[-0.5907,  0.4334],
         [ 0.8541, -0.7172]]])
compiled tensor([[[-0.3389, -0.5730],
         [ 0.5180, -0.3303]],

        [[-0.5907,  0.4334],
         [ 0.8541, -0.7172]]])
device: cuda, diff: 0.0
orignal tensor([[[-0.3389, -0.5730],
         [ 0.5180, -0.3303]],

        [[-0.5907,  0.4334],
     ",
163528_pytorch_to_pytorch_2.output.log,0,Success,生成成功,"torch.compile is not available (requires PyTorch 2.0+). Skipping test on cpu.
torch.compile is not available (requires PyTorch 2.0+). Skipping test on cuda.
",
163528_pytorch_to_pytorch_3.output.log,0,Success,生成成功,"device: cpu, Compilation failed: module 'torch' has no attribute 'compile'
device: cuda, Compilation failed: module 'torch' has no attribute 'compile'
",
163528_pytorch_to_pytorch_4.output.log,0,Success,生成成功,"torch.compile is not available in this environment (PyTorch < 2.0). Skipping compilation test on cpu.
device: cpu, original output shape: torch.Size([32, 10, 5])
torch.compile is not available in this environment (PyTorch < 2.0). Skipping compilation test on cuda.
device: cuda, original output shape: torch.Size([32, 10, 5])
",
163528_pytorch_to_pytorch_5.output.log,0,Success,生成成功,"Skipping test on cpu: torch.compile is not available (requires PyTorch 2.0+)
Skipping test on cuda: torch.compile is not available (requires PyTorch 2.0+)
",
163528_pytorch_to_pytorch_6.output.log,0,Success,生成成功,"Skipping test on cuda: torch.compile is not available (requires PyTorch >= 2.0)
Skipping test on cpu: torch.compile is not available (requires PyTorch >= 2.0)
",
163528_pytorch_to_pytorch_7.output.log,0,Success,生成成功,"Warning: torch.compile is not available (requires PyTorch >= 2.0). Using identity mock.
device: cpu, test passed
device: cuda, test passed
",
163528_pytorch_to_pytorch_8.output.log,0,Success,生成成功,"torch.compile is not available (requires PyTorch 2.0+). Using mock identity function.
device: cpu, diff: 0.0
original tensor([[-0.0431],
        [-0.4974],
        [ 0.8008],
        [-0.2516],
        [-0.8798]])
compiled tensor([[-0.0431],
        [-0.4974],
        [ 0.8008],
        [-0.2516],
        [-0.8798]])
device: cuda, diff: 0.0
original tensor([[-0.0431],
        [-0.4974],
        [ 0.8008],
        [-0.2516],
        [-0.8798]], device='cuda:0')
compiled tensor([[-0.0431],
       ",
163528_pytorch_to_pytorch_9.output.log,0,Success,生成成功,"Skipping test on cpu: torch.compile is not available (requires PyTorch 2.0+)
Skipping test on cuda: torch.compile is not available (requires PyTorch 2.0+)
",
163563_pytorch_to_pytorch_1.output.log,0,Success,生成成功,"Rank 0: Eager Failed!  CUDA out of memory. Tried to allocate 16.31 GiB (GPU 0; 23.52 GiB total capacity; 19.15 GiB already allocated; 2.65 GiB free; 19.15 GiB reserved in total by PyTorch) If reserved memory is >> allocated memory try setting max_split_size_mb to avoid fragmentation.  See documentation for Memory Management and PYTORCH_CUDA_ALLOC_CONF
Rank 0: Compile Failed!  module 'torch' has no attribute 'compile'
",
163563_pytorch_to_pytorch_10.output.log,0,Success,生成成功,"Rank 0 gathered 2 objects successfully.
Gather Object Test Success! 
",
163563_pytorch_to_pytorch_2.output.log,1,Unknown Failure,生成失败,"Eager Failed! : CUDA out of memory. Tried to allocate 16.31 GiB (GPU 0; 23.52 GiB total capacity; 19.15 GiB already allocated; 3.46 GiB free; 19.15 GiB reserved in total by PyTorch) If reserved memory is >> allocated memory try setting max_split_size_mb to avoid fragmentation.  See documentation for Memory Management and PYTORCH_CUDA_ALLOC_CONF
",
163563_pytorch_to_pytorch_3.output.log,1,API Misuse,生成失败,,"Traceback (most recent call last):
  File ""/home/ubuntu/SYAN/GRADUATE/TeRL/Step4-RunTestCase/final-data/single_reuse_test_case/163563_pytorch_to_pytorch_3.output.py"", line 10, in <module>
    @my_lib.impl(""my_baddbmm"", ""CUDA"")
  File ""/home/ubuntu/miniconda3/envs/TeRL-Running/lib/python3.7/site-packages/torch/library.py"", line 90, in impl
    raise TypeError(""Input function is required to be a callable but found type {}"".format(type(fn)))
TypeError: Input function is required to be a callable bu"
163563_pytorch_to_pytorch_4.output.log,1,Unknown Failure,生成失败,"Eager Failed!  Error: CUDA out of memory. Tried to allocate 16.31 GiB (GPU 0; 23.52 GiB total capacity; 19.15 GiB already allocated; 3.46 GiB free; 19.15 GiB reserved in total by PyTorch) If reserved memory is >> allocated memory try setting max_split_size_mb to avoid fragmentation.  See documentation for Memory Management and PYTORCH_CUDA_ALLOC_CONF
",
163563_pytorch_to_pytorch_5.output.log,1,Environment Failure,生成失败,"Warning: torch._dynamo not found. Skipping compiled mode test and specific configs.
","Traceback (most recent call last):
  File ""/home/ubuntu/SYAN/GRADUATE/TeRL/Step4-RunTestCase/final-data/single_reuse_test_case/163563_pytorch_to_pytorch_5.output.py"", line 43, in <module>
    out_eager = foo(arg0, arg1, arg2)
  File ""/home/ubuntu/SYAN/GRADUATE/TeRL/Step4-RunTestCase/final-data/single_reuse_test_case/163563_pytorch_to_pytorch_5.output.py"", line 19, in foo
    t3 = torch.sigmoid(t2) # size=(5699097, 6, 256), stride=(1536, 256, 1), dtype=bfloat16, device=cuda
torch.cuda.OutOfMemory"
163563_pytorch_to_pytorch_6.output.log,1,API Misuse,生成失败,"Eager Success! 
Compile Failed: module 'torch' has no attribute 'compile'
",
163563_pytorch_to_pytorch_7.output.log,1,Environment Failure,生成失败,,"Traceback (most recent call last):
  File ""/home/ubuntu/SYAN/GRADUATE/TeRL/Step4-RunTestCase/final-data/single_reuse_test_case/163563_pytorch_to_pytorch_7.output.py"", line 62, in <module>
    mp.spawn(worker, args=(world_size,), nprocs=world_size, join=True)
  File ""/home/ubuntu/miniconda3/envs/TeRL-Running/lib/python3.7/site-packages/torch/multiprocessing/spawn.py"", line 240, in spawn
    return start_processes(fn, args, nprocs, join, daemon, start_method='spawn')
  File ""/home/ubuntu/miniconda"
163563_pytorch_to_pytorch_8.output.log,1,API Misuse,生成失败,"Rank 1: Testing Eager...
","Traceback (most recent call last):
  File ""/home/ubuntu/SYAN/GRADUATE/TeRL/Step4-RunTestCase/final-data/single_reuse_test_case/163563_pytorch_to_pytorch_8.output.py"", line 82, in <module>
    mp.spawn(run_test, args=(world_size,), nprocs=world_size, join=True)
  File ""/home/ubuntu/miniconda3/envs/TeRL-Running/lib/python3.7/site-packages/torch/multiprocessing/spawn.py"", line 240, in spawn
    return start_processes(fn, args, nprocs, join, daemon, start_method='spawn')
  File ""/home/ubuntu/minicon"
163563_pytorch_to_pytorch_9.output.log,0,Success,生成成功,"Skipping test: torch._dynamo is not available (requires PyTorch 2.0+)
",
163569_pytorch_to_pytorch_1.output.log,0,Success,生成成功,"torch._dynamo is not available in this PyTorch version. Skipping test.
",
163569_pytorch_to_pytorch_10.output.log,1,API Misuse,生成失败,"Eager Success! 
","Traceback (most recent call last):
  File ""/home/ubuntu/SYAN/GRADUATE/TeRL/Step4-RunTestCase/final-data/single_reuse_test_case/163569_pytorch_to_pytorch_10.output.py"", line 63, in <module>
    run_test()
  File ""/home/ubuntu/SYAN/GRADUATE/TeRL/Step4-RunTestCase/final-data/single_reuse_test_case/163569_pytorch_to_pytorch_10.output.py"", line 41, in run_test
    compiled_model = torch.compile(model, fullgraph=True, dynamic=True)
AttributeError: module 'torch' has no attribute 'compile'
"
163569_pytorch_to_pytorch_2.output.log,0,Success,生成成功,"Eager Success! 
Compile Skipped: torch.compile is not available in this environment.
",
163569_pytorch_to_pytorch_3.output.log,0,Success,生成成功,"Eager Success! 
Skipping Compile Test: torch.compile is not available in this environment.
",
163569_pytorch_to_pytorch_4.output.log,0,Success,生成成功,"Eager Success! 
torch.compile is not available in this environment, skipping compiled execution.
",
163569_pytorch_to_pytorch_5.output.log,0,Success,生成成功,"Eager Success! 
Skipped Compile Test: torch.compile is not available in this PyTorch version.
",
163569_pytorch_to_pytorch_6.output.log,1,Execution Failure,生成失败,,"Traceback (most recent call last):
  File ""/home/ubuntu/SYAN/GRADUATE/TeRL/Step4-RunTestCase/final-data/single_reuse_test_case/163569_pytorch_to_pytorch_6.output.py"", line 48, in <module>
    out_eager = foo(arg0, arg1, arg2)
  File ""/home/ubuntu/SYAN/GRADUATE/TeRL/Step4-RunTestCase/final-data/single_reuse_test_case/163569_pytorch_to_pytorch_6.output.py"", line 38, in foo
    t9 = t2 * t7 * t8 # size=(17, 261, 358), dtype=float32
RuntimeError: The size of tensor a (358) must match the size of ten"
163569_pytorch_to_pytorch_7.output.log,1,API Misuse,生成失败,,"Traceback (most recent call last):
  File ""/home/ubuntu/SYAN/GRADUATE/TeRL/Step4-RunTestCase/final-data/single_reuse_test_case/163569_pytorch_to_pytorch_7.output.py"", line 48, in <module>
    out_eager = foo(arg0, arg1)
  File ""/home/ubuntu/SYAN/GRADUATE/TeRL/Step4-RunTestCase/final-data/single_reuse_test_case/163569_pytorch_to_pytorch_7.output.py"", line 32, in foo
    t7 = torch.nn.functional.upsample_bilinear(t4, scale_factor=2, align_corners=True) 
TypeError: upsample_bilinear() got an unexpe"
163569_pytorch_to_pytorch_8.output.log,0,Success,生成成功,"Warning: torch._dynamo or torch._inductor not found. Skipping specific configuration settings.
Eager Success! 
Skipping Compile Test: torch.compile is not available in this PyTorch version.
",
163569_pytorch_to_pytorch_9.output.log,1,API Misuse,生成失败,"Warning: torch._dynamo or torch._inductor not found. Skipping configuration.
Eager Success! 
","Traceback (most recent call last):
  File ""/home/ubuntu/SYAN/GRADUATE/TeRL/Step4-RunTestCase/final-data/single_reuse_test_case/163569_pytorch_to_pytorch_9.output.py"", line 47, in <module>
    compiled_foo = torch.compile(foo, fullgraph=True, dynamic=True)
AttributeError: module 'torch' has no attribute 'compile'
"
163687_pytorch_to_pytorch_1.output.log,0,Success,生成成功,"torch.compile is not available (requires PyTorch 2.0+), skipping test.
",
163687_pytorch_to_pytorch_10.output.log,0,Success,生成成功,"Test passed: torch.distributed.gather_object successfully handled the adapted inputs.
",
163687_pytorch_to_pytorch_2.output.log,0,Success,生成成功,"torch.compile is not available. Skipping compiled execution.
",
163687_pytorch_to_pytorch_3.output.log,1,API Misuse,生成失败,,"Traceback (most recent call last):
  File ""/home/ubuntu/SYAN/GRADUATE/TeRL/Step4-RunTestCase/final-data/single_reuse_test_case/163687_pytorch_to_pytorch_3.output.py"", line 13, in <module>
    @impl(""test_ns::custom_flex_attention"", ""CPU"")
  File ""/home/ubuntu/miniconda3/envs/TeRL-Running/lib/python3.7/site-packages/torch/library.py"", line 146, in wrap
    lib.impl(name, f, dispatch_key)
AttributeError: 'str' object has no attribute 'impl'
"
163687_pytorch_to_pytorch_4.output.log,0,Success,生成成功,"Skipping test: torch._dynamo or torch._inductor is not available.
",
163687_pytorch_to_pytorch_5.output.log,1,API Misuse,生成失败,"Running eager...
Running compiled...
","Traceback (most recent call last):
  File ""/home/ubuntu/SYAN/GRADUATE/TeRL/Step4-RunTestCase/final-data/single_reuse_test_case/163687_pytorch_to_pytorch_5.output.py"", line 42, in <module>
    compiled_foo = torch.compile(foo)
AttributeError: module 'torch' has no attribute 'compile'
"
163687_pytorch_to_pytorch_6.output.log,1,API Misuse,生成失败,,"Traceback (most recent call last):
  File ""/home/ubuntu/SYAN/GRADUATE/TeRL/Step4-RunTestCase/final-data/single_reuse_test_case/163687_pytorch_to_pytorch_6.output.py"", line 43, in <module>
    compiled_test_lobpcg = torch.compile(test_lobpcg)
AttributeError: module 'torch' has no attribute 'compile'
"
163687_pytorch_to_pytorch_7.output.log,1,API Misuse,生成失败,"Rank 0: torch.compile not available, running in eager mode.
","Traceback (most recent call last):
  File ""/home/ubuntu/SYAN/GRADUATE/TeRL/Step4-RunTestCase/final-data/single_reuse_test_case/163687_pytorch_to_pytorch_7.output.py"", line 75, in <module>
    mp.spawn(run_test, args=(world_size,), nprocs=world_size, join=True)
  File ""/home/ubuntu/miniconda3/envs/TeRL-Running/lib/python3.7/site-packages/torch/multiprocessing/spawn.py"", line 240, in spawn
    return start_processes(fn, args, nprocs, join, daemon, start_method='spawn')
  File ""/home/ubuntu/minicon"
163687_pytorch_to_pytorch_8.output.log,1,API Misuse,生成失败,"Warning: torch._dynamo or torch._inductor not found. Skipping specific configuration.
Warning: torch._dynamo or torch._inductor not found. Skipping specific configuration.
Warning: torch._dynamo or torch._inductor not found. Skipping specific configuration.
Rank 1: Testing Eager mode...
","Traceback (most recent call last):
  File ""/home/ubuntu/SYAN/GRADUATE/TeRL/Step4-RunTestCase/final-data/single_reuse_test_case/163687_pytorch_to_pytorch_8.output.py"", line 93, in <module>
    mp.spawn(run, args=(world_size,), nprocs=world_size, join=True)
  File ""/home/ubuntu/miniconda3/envs/TeRL-Running/lib/python3.7/site-packages/torch/multiprocessing/spawn.py"", line 240, in spawn
    return start_processes(fn, args, nprocs, join, daemon, start_method='spawn')
  File ""/home/ubuntu/miniconda3/e"
163687_pytorch_to_pytorch_9.output.log,0,Success,生成成功,"Rank 0: All assertions passed.
Rank 1: All assertions passed.
",
163721_pytorch_to_pytorch_1.output.log,0,Success,生成成功,"Warning: MPS backend not available. Falling back to CPU for testing.
Test passed successfully.
",
163721_pytorch_to_pytorch_10.output.log,0,Success,生成成功,"Test completed successfully.
",
163721_pytorch_to_pytorch_2.output.log,0,Success,生成成功,"MPS is not available. Skipping test.
",
163721_pytorch_to_pytorch_3.output.log,0,Success,生成成功,,
163721_pytorch_to_pytorch_4.output.log,0,Success,生成成功,,
163721_pytorch_to_pytorch_5.output.log,1,Assertion Mismatch,生成成功，并且找到错误,,"Traceback (most recent call last):
  File ""/home/ubuntu/SYAN/GRADUATE/TeRL/Step4-RunTestCase/final-data/single_reuse_test_case/163721_pytorch_to_pytorch_5.output.py"", line 22, in <module>
    assert torch.backends.mps.is_available()
AssertionError
"
163721_pytorch_to_pytorch_6.output.log,0,Success,生成成功,"Test passed.
",
163721_pytorch_to_pytorch_7.output.log,0,Success,生成成功,"MPS device is not available. Skipping test.
",
163721_pytorch_to_pytorch_8.output.log,1,API Misuse,生成失败,,"Traceback (most recent call last):
  File ""/home/ubuntu/SYAN/GRADUATE/TeRL/Step4-RunTestCase/final-data/single_reuse_test_case/163721_pytorch_to_pytorch_8.output.py"", line 13, in <module>
    if 'gloo' not in dist.backends.supported_backends:
AttributeError: module 'torch.distributed' has no attribute 'backends'
"
163721_pytorch_to_pytorch_9.output.log,0,Success,生成成功,"MPS device is not available. Skipping test.
",
163798_pytorch_to_pytorch_1.output.log,0,Success,生成成功,"torch.compile is not available (requires PyTorch 2.0+). Skipping test.
",
163798_pytorch_to_pytorch_10.output.log,0,Success,生成成功,"Test passed: gather_object successfully handled tolist() results.
",
163798_pytorch_to_pytorch_2.output.log,0,Success,生成成功,,
163798_pytorch_to_pytorch_3.output.log,1,API Misuse,生成失败,,"Traceback (most recent call last):
  File ""/home/ubuntu/SYAN/GRADUATE/TeRL/Step4-RunTestCase/final-data/single_reuse_test_case/163798_pytorch_to_pytorch_3.output.py"", line 21, in <module>
    @torch.jit.script
  File ""/home/ubuntu/miniconda3/envs/TeRL-Running/lib/python3.7/site-packages/torch/jit/_script.py"", line 1344, in script
    qualified_name, ast, _rcb, get_default_args(obj)
RuntimeError: 
object has no attribute custom_tolist:
  File ""/home/ubuntu/SYAN/GRADUATE/TeRL/Step4-RunTestCase/fin"
163798_pytorch_to_pytorch_4.output.log,0,Success,生成成功,"Test passed.
",
163798_pytorch_to_pytorch_5.output.log,0,Success,生成成功,,
163798_pytorch_to_pytorch_6.output.log,0,Success,生成成功,,
163798_pytorch_to_pytorch_7.output.log,1,API Misuse,生成失败,,"Traceback (most recent call last):
  File ""/home/ubuntu/SYAN/GRADUATE/TeRL/Step4-RunTestCase/final-data/single_reuse_test_case/163798_pytorch_to_pytorch_7.output.py"", line 49, in <module>
    mp.spawn(worker, args=(world_size,), nprocs=world_size, join=True)
  File ""/home/ubuntu/miniconda3/envs/TeRL-Running/lib/python3.7/site-packages/torch/multiprocessing/spawn.py"", line 240, in spawn
    return start_processes(fn, args, nprocs, join, daemon, start_method='spawn')
  File ""/home/ubuntu/miniconda"
163798_pytorch_to_pytorch_8.output.log,1,API Misuse,生成失败,,"/home/ubuntu/SYAN/GRADUATE/TeRL/Step4-RunTestCase/final-data/single_reuse_test_case/163798_pytorch_to_pytorch_8.output.py:13: UserWarning: The given buffer is not writable, and PyTorch does not support non-writable tensors. This means you can write to the underlying (supposedly non-writable) buffer using the tensor. You may want to copy the buffer to protect its data or make it writable before converting it to a tensor. This type of warning will be suppressed for the rest of this program. (Trigg"
163798_pytorch_to_pytorch_9.output.log,0,Success,生成成功,"Test passed successfully.
",
163894_pytorch_to_pytorch_1.output.log,0,Success,生成成功,"Warning: torch._dynamo is not available in this version of PyTorch. Skipping dynamo config.
 eager success
Warning: torch.compile is not available. Skipping compilation test and comparing eager results to itself.
Eager result: tensor([[-0., -0.]], device='cuda:0', grad_fn=<MulBackward0>)
Compiled result: tensor([[-0., -0.]], device='cuda:0', grad_fn=<MulBackward0>)
Eager shape: torch.Size([1, 2])
Compiled shape: torch.Size([1, 2])
",
163894_pytorch_to_pytorch_10.output.log,1,Unknown Failure,生成失败," eager failed: ""argmin_cuda"" not implemented for 'Bool'
","Traceback (most recent call last):
  File ""/home/ubuntu/SYAN/GRADUATE/TeRL/Step4-RunTestCase/final-data/single_reuse_test_case/163894_pytorch_to_pytorch_10.output.py"", line 52, in <module>
    result_original = fuzzed_program(*args)
  File ""/home/ubuntu/SYAN/GRADUATE/TeRL/Step4-RunTestCase/final-data/single_reuse_test_case/163894_pytorch_to_pytorch_10.output.py"", line 33, in fuzzed_program
    var_node_8 = torch.argmin(var_node_9, dim=1)
RuntimeError: ""argmin_cuda"" not implemented for 'Bool'
"
163894_pytorch_to_pytorch_2.output.log,1,Execution Failure,生成失败,,"Traceback (most recent call last):
  File ""/home/ubuntu/SYAN/GRADUATE/TeRL/Step4-RunTestCase/final-data/single_reuse_test_case/163894_pytorch_to_pytorch_2.output.py"", line 48, in <module>
    result_original = fuzzed_program(*args)
  File ""/home/ubuntu/SYAN/GRADUATE/TeRL/Step4-RunTestCase/final-data/single_reuse_test_case/163894_pytorch_to_pytorch_2.output.py"", line 31, in fuzzed_program
    var_node_2 = torch.ops.aten.add(var_node_3, var_node_8) # size=(3, 4), dtype promotes to float32
  File """
163894_pytorch_to_pytorch_3.output.log,0,Success,生成成功,"Warning: torch._dynamo is not available in this PyTorch version. Skipping dynamo configuration.
 eager success
torch.compile is not available in this environment. Skipping compilation test.
",
163894_pytorch_to_pytorch_4.output.log,1,API Misuse,生成失败,"Warning: torch._dynamo is not available in this environment. Skipping config setup.
 eager success
","Traceback (most recent call last):
  File ""/home/ubuntu/SYAN/GRADUATE/TeRL/Step4-RunTestCase/final-data/single_reuse_test_case/163894_pytorch_to_pytorch_4.output.py"", line 52, in <module>
    compiled_program = torch.compile(fuzzed_program, fullgraph=True, dynamic=True)
AttributeError: module 'torch' has no attribute 'compile'
"
163894_pytorch_to_pytorch_5.output.log,0,Success,生成成功,"Warning: torch._dynamo is not available. Skipping dynamo configuration.
 eager success
Skipping compiled execution: torch.compile is not available.
",
163894_pytorch_to_pytorch_6.output.log,0,Success,生成成功,"Warning: torch._dynamo not found. Skipping dynamo configuration.
 eager success
Skipping compilation: torch.compile is not available in this PyTorch version.
Skipping result comparison as compiled result is not available.
",
163894_pytorch_to_pytorch_7.output.log,0,Success,生成成功,"Skipping test: torch._dynamo is not available in this environment.
",
163894_pytorch_to_pytorch_8.output.log,1,Unknown Failure,生成失败," eager failed: size mismatch, got 2, 1x2,2
","Traceback (most recent call last):
  File ""/home/ubuntu/SYAN/GRADUATE/TeRL/Step4-RunTestCase/final-data/single_reuse_test_case/163894_pytorch_to_pytorch_8.output.py"", line 52, in <module>
    result_original = fuzzed_program(*args)
  File ""/home/ubuntu/SYAN/GRADUATE/TeRL/Step4-RunTestCase/final-data/single_reuse_test_case/163894_pytorch_to_pytorch_8.output.py"", line 31, in fuzzed_program
    var_node_8 = torch.addmv(input_tensor, mat, vec) # size=(1), stride=(1), dtype=float32
RuntimeError: size"
163894_pytorch_to_pytorch_9.output.log,1,Environment Failure,生成失败,"Warning: torch._dynamo not found. Skipping dynamo configuration and compilation test.
","Traceback (most recent call last):
  File ""/home/ubuntu/SYAN/GRADUATE/TeRL/Step4-RunTestCase/final-data/single_reuse_test_case/163894_pytorch_to_pytorch_9.output.py"", line 40, in <module>
    result_original = fuzzed_program(*args)
  File ""/home/ubuntu/SYAN/GRADUATE/TeRL/Step4-RunTestCase/final-data/single_reuse_test_case/163894_pytorch_to_pytorch_9.output.py"", line 23, in fuzzed_program
    var_node_8 = torch.argmax(var_node_9, dim=1, keepdim=True) # size=(3, 1), stride=(1, 1), dtype=int64
Runt"
163929_pytorch_to_pytorch_1.output.log,0,Success,生成成功,,
163929_pytorch_to_pytorch_10.output.log,0,Success,生成成功,,
163929_pytorch_to_pytorch_2.output.log,0,Success,生成成功,"Skipping test: torch.compile is not available (requires PyTorch >= 2.0)
",
163929_pytorch_to_pytorch_3.output.log,0,Success,生成成功,,
163929_pytorch_to_pytorch_4.output.log,1,API Misuse,生成失败,,"Traceback (most recent call last):
  File ""/home/ubuntu/SYAN/GRADUATE/TeRL/Step4-RunTestCase/final-data/single_reuse_test_case/163929_pytorch_to_pytorch_4.output.py"", line 14, in <module>
    cf = torch.compile(foo)
AttributeError: module 'torch' has no attribute 'compile'
"
163929_pytorch_to_pytorch_5.output.log,0,Success,生成成功,,
163929_pytorch_to_pytorch_6.output.log,0,Success,生成成功,,
163929_pytorch_to_pytorch_7.output.log,0,Success,生成成功,,
163929_pytorch_to_pytorch_8.output.log,0,Success,生成成功,,
163929_pytorch_to_pytorch_9.output.log,0,Success,生成成功,,
164063_pytorch_to_pytorch_1.output.log,0,Success,生成成功,"Eager Success! 
torch.compile is not available in this environment. Skipping compiled test.
",
164063_pytorch_to_pytorch_10.output.log,0,Success,生成成功,"Warning: torch._dynamo not found. Skipping dynamo configuration.
Warning: torch._inductor not found. Skipping inductor configuration.
Eager Success! 
Skipping Compile Test: torch.compile is not available in this environment.
",
164063_pytorch_to_pytorch_2.output.log,1,API Misuse,生成失败,"Warning: torch._dynamo is not available in this environment. Skipping dynamo config.
Warning: torch._inductor is not available in this environment. Skipping inductor config.
Eager Success! 
","Traceback (most recent call last):
  File ""/home/ubuntu/SYAN/GRADUATE/TeRL/Step4-RunTestCase/final-data/single_reuse_test_case/164063_pytorch_to_pytorch_2.output.py"", line 52, in <module>
    compiled_foo = torch.compile(foo, fullgraph=True, dynamic=True)
AttributeError: module 'torch' has no attribute 'compile'
"
164063_pytorch_to_pytorch_3.output.log,0,Success,生成成功,"Skipping test: torch._dynamo is not available. This test requires PyTorch 2.0+.
",
164063_pytorch_to_pytorch_4.output.log,1,Unknown Failure,生成失败,,"Traceback (most recent call last):
  File ""/home/ubuntu/SYAN/GRADUATE/TeRL/Step4-RunTestCase/final-data/single_reuse_test_case/164063_pytorch_to_pytorch_4.output.py"", line 46, in <module>
    out_eager = foo(arg0, arg1, arg2, arg3, arg4, sentinel)
  File ""/home/ubuntu/SYAN/GRADUATE/TeRL/Step4-RunTestCase/final-data/single_reuse_test_case/164063_pytorch_to_pytorch_4.output.py"", line 22, in foo
    U, S, V = torch.svd(t1)
RuntimeError: ""svd_cuda_gesvdj"" not implemented for 'BFloat16'
"
164063_pytorch_to_pytorch_5.output.log,1,API Misuse,生成失败,"Eager Success! 
","Traceback (most recent call last):
  File ""/home/ubuntu/SYAN/GRADUATE/TeRL/Step4-RunTestCase/final-data/single_reuse_test_case/164063_pytorch_to_pytorch_5.output.py"", line 48, in <module>
    compiled_foo = torch.compile(foo, fullgraph=True, dynamic=True)
AttributeError: module 'torch' has no attribute 'compile'
"
164063_pytorch_to_pytorch_6.output.log,0,Success,生成成功,"Eager Success! 
torch.compile not available, skipping compiled mode test.
",
164063_pytorch_to_pytorch_7.output.log,0,Success,生成成功,"Testing Eager Execution...
Eager Success! 

Testing Compiled Execution...
Skipping Compiled Execution: torch.compile is not available in this environment.
",
164063_pytorch_to_pytorch_8.output.log,0,Success,生成成功,"Skipping test: torch._dynamo or torch._inductor is not available. This test requires PyTorch 2.0+.
",
164063_pytorch_to_pytorch_9.output.log,0,Success,生成成功,"Warning: torch._dynamo or torch._inductor not found. Skipping compilation test.
Eager Success! 
Compile Skipped: torch._dynamo is not available.
",
164086_pytorch_to_pytorch_1.output.log,0,Success,生成成功,"Skipping test: torch._dynamo or torch._inductor not available. PyTorch 2.0+ is required.
",
164086_pytorch_to_pytorch_10.output.log,0,Success,生成成功,"Eager Success! 
Skipping compiled execution: torch._dynamo or torch.compile not available in this environment.
",
164086_pytorch_to_pytorch_2.output.log,0,Success,生成成功,"Eager Success! 
Skipping Compile Test: torch.compile not available in this PyTorch version.
",
164086_pytorch_to_pytorch_3.output.log,0,Success,生成成功,"Eager Success! 
Skipping Compile Test: torch.compile is not available in this environment.
",
164086_pytorch_to_pytorch_4.output.log,0,Success,生成成功,"Warning: torch._dynamo or torch._inductor not found. Skipping configuration.
Eager Success! 
Skipping Compile Test: torch.compile is not available (requires PyTorch 2.0+).
",
164086_pytorch_to_pytorch_5.output.log,0,Success,生成成功,"Eager Success! 
Skipping compiled test: torch.compile is not available in this environment.
",
164086_pytorch_to_pytorch_6.output.log,0,Success,生成成功,"Eager Success! 
torch.compile is not available in this PyTorch version. Skipping compiled test.
",
164086_pytorch_to_pytorch_7.output.log,0,Success,生成成功,"Eager Success! 
Skipping compile step: torch._dynamo or torch.compile not available in this environment.
",
164086_pytorch_to_pytorch_8.output.log,0,Success,生成成功,"Eager Success! 
Skipping compiled execution: torch.compile is not available in this PyTorch version.
",
164086_pytorch_to_pytorch_9.output.log,1,API Misuse,生成失败,"Eager Success! 
","Traceback (most recent call last):
  File ""/home/ubuntu/SYAN/GRADUATE/TeRL/Step4-RunTestCase/final-data/single_reuse_test_case/164086_pytorch_to_pytorch_9.output.py"", line 51, in <module>
    compiled_foo = torch.compile(foo, fullgraph=True, dynamic=True)
AttributeError: module 'torch' has no attribute 'compile'
"
164157_pytorch_to_pytorch_1.output.log,0,Success,生成成功,"Eager Success! 
torch.compile is not available in this environment. Skipping compiled test.
",
164157_pytorch_to_pytorch_10.output.log,1,API Misuse,生成失败,"Warning: torch._dynamo or torch._inductor attributes not found. Skipping specific config.
Eager Success! 
","Traceback (most recent call last):
  File ""/home/ubuntu/SYAN/GRADUATE/TeRL/Step4-RunTestCase/final-data/single_reuse_test_case/164157_pytorch_to_pytorch_10.output.py"", line 49, in <module>
    compiled_foo = torch.compile(foo, fullgraph=True, dynamic=True)
AttributeError: module 'torch' has no attribute 'compile'
"
164157_pytorch_to_pytorch_2.output.log,0,Success,生成成功,"Eager Success! 
Skipping compiled test: torch._dynamo is not available in this PyTorch version.
",
164157_pytorch_to_pytorch_3.output.log,0,Success,生成成功,"Eager Success! 
Compile Skipped: torch.compile not available (requires PyTorch 2.0+)
",
164157_pytorch_to_pytorch_4.output.log,0,Success,生成成功,"Skipping test: torch._dynamo or torch._inductor is not available (requires PyTorch 2.0+)
",
164157_pytorch_to_pytorch_5.output.log,0,Success,生成成功,"Eager Success! 
Warning: torch.compile not found, skipping compilation test.
Compile Success! 
",
164157_pytorch_to_pytorch_6.output.log,0,Success,生成成功,"Eager Success! 
Skipping compiled test: torch.compile is not available (requires PyTorch 2.0+).
",
164157_pytorch_to_pytorch_7.output.log,0,Success,生成成功,"Eager Success! 
torch.compile is not available in this environment. Skipping compiled execution.
",
164157_pytorch_to_pytorch_8.output.log,0,Success,生成成功,"Skipping test: torch.compile is not available.
",
164157_pytorch_to_pytorch_9.output.log,0,Success,生成成功,"Eager Success! 
torch.compile is not available in this PyTorch version. Skipping compiled execution.
",
164286_pytorch_to_pytorch_1.output.log,0,Success,生成成功,"Direct call result:
tensor([[[3.],
         [2.],
         [1.]]])

VJP call:
VJP successful
",
164286_pytorch_to_pytorch_10.output.log,0,Success,生成成功,"Normal execution:
torch.strided
torch.return_types.symeig(
eigenvalues=tensor([-1.,  3.]),
eigenvectors=tensor([[-0.7071,  0.7071],
        [ 0.7071,  0.7071]]))

VJP execution:
VJP failed with error: module 'torch' has no attribute 'func'
","/home/ubuntu/SYAN/GRADUATE/TeRL/Step4-RunTestCase/final-data/single_reuse_test_case/164286_pytorch_to_pytorch_10.output.py:10: UserWarning: torch.symeig is deprecated in favor of torch.linalg.eigh and will be removed in a future PyTorch release.
The default behavior has changed from using the upper triangular portion of the matrix by default to using the lower triangular portion.
L, _ = torch.symeig(A, upper=upper)
should be replaced with
L = torch.linalg.eigvalsh(A, UPLO='U' if upper else 'L')
"
164286_pytorch_to_pytorch_2.output.log,0,Success,生成成功,"Direct execution result: tensor([1.+2.j, 3.+4.j, 5.+6.j])
VJP test failed with error: module 'torch' has no attribute 'func'
",
164286_pytorch_to_pytorch_3.output.log,1,API Misuse,生成失败,"Direct call:
torch.sparse_coo torch.strided
tensor([3., 2., 1.])

VJP call:
","Traceback (most recent call last):
  File ""/home/ubuntu/SYAN/GRADUATE/TeRL/Step4-RunTestCase/final-data/single_reuse_test_case/164286_pytorch_to_pytorch_3.output.py"", line 20, in <module>
    vjp = torch.autograd.functional.vjp(f, a, x)[1]
  File ""/home/ubuntu/miniconda3/envs/TeRL-Running/lib/python3.7/site-packages/torch/autograd/functional.py"", line 271, in vjp
    outputs = func(*inputs)
TypeError: f() missing 1 required positional argument: 'x'
"
164286_pytorch_to_pytorch_4.output.log,0,Success,生成成功,"Direct call:
torch.strided
tensor([[-0.0603,  1.6386, -0.9707, -0.6076],
        [ 0.7920,  1.1600, -0.7291, -1.2229],
        [-1.6926,  0.4979,  0.8920,  0.3027]],
       grad_fn=<NativeLayerNormBackward0>)

VJP call:
torch.strided
VJP successful
torch.strided
",
164286_pytorch_to_pytorch_5.output.log,0,Success,生成成功,"Broadcasted shape: torch.Size([3, 3])
",
164286_pytorch_to_pytorch_6.output.log,0,Success,生成成功,"Direct call:
a.shape: torch.Size([2, 3]), weight.shape: torch.Size([3])
tensor([[ 0.4785,  0.1703, -0.7376],
        [-0.3416,  0.1814,  1.8048]])

VJP call:
VJP failed with error: module 'torch' has no attribute 'func'
",
164286_pytorch_to_pytorch_7.output.log,1,API Misuse,生成失败,"torch.strided
tensor([[0.0000, 0.5000, 0.0000],
        [0.0000, 0.0000, 0.5000],
        [0.5000, 0.0000, 0.0000]])
","Traceback (most recent call last):
  File ""/home/ubuntu/SYAN/GRADUATE/TeRL/Step4-RunTestCase/final-data/single_reuse_test_case/164286_pytorch_to_pytorch_7.output.py"", line 15, in <module>
    vjp = torch.func.vjp(f, a)[1]  # works fine
AttributeError: module 'torch' has no attribute 'func'
"
164286_pytorch_to_pytorch_8.output.log,0,Success,生成成功,"Skipping test: 'get_ema_multi_avg_fn' is not available in this version of PyTorch.
",
164286_pytorch_to_pytorch_9.output.log,0,Success,生成成功,"Direct call:
torch.sparse_coo
tensor(indices=tensor([[2, 0, 2],
                       [0, 1, 1]]),
       values=tensor([1., 2., 3.]),
       size=(3, 2), nnz=3, layout=torch.sparse_coo)

VJP call:
VJP failed with error: module 'torch' has no attribute 'func'
",
164300_pytorch_to_pytorch_1.output.log,1,Missing Dependency,执行失败,,"Traceback (most recent call last):
  File ""/home/ubuntu/SYAN/GRADUATE/TeRL/Step4-RunTestCase/final-data/single_reuse_test_case/164300_pytorch_to_pytorch_1.output.py"", line 7, in <module>
    from torch.utils.checkpoint import CheckpointPolicy, create_selective_checkpoint_contexts
ImportError: cannot import name 'CheckpointPolicy' from 'torch.utils.checkpoint' (/home/ubuntu/miniconda3/envs/TeRL-Running/lib/python3.7/site-packages/torch/utils/checkpoint.py)

During handling of the above exception,"
164300_pytorch_to_pytorch_10.output.log,0,Success,生成成功,"Expected exception or network error: type object 'torch._C.DispatchKey' has no attribute 'AutocastCPU'
","Using cache found in /home/ubuntu/.cache/torch/hub/pytorch_vision_main
"
164300_pytorch_to_pytorch_2.output.log,1,Assertion Mismatch,生成成功，并且找到错误,,"Traceback (most recent call last):
  File ""/home/ubuntu/SYAN/GRADUATE/TeRL/Step4-RunTestCase/final-data/single_reuse_test_case/164300_pytorch_to_pytorch_2.output.py"", line 44, in <module>
    assert torch.sum(model.linear.weight_mask == 0) > 0, ""No weights were pruned""
AssertionError: No weights were pruned
"
164300_pytorch_to_pytorch_3.output.log,1,API Misuse,生成失败,,"Traceback (most recent call last):
  File ""/home/ubuntu/SYAN/GRADUATE/TeRL/Step4-RunTestCase/final-data/single_reuse_test_case/164300_pytorch_to_pytorch_3.output.py"", line 8, in <module>
    @library.custom_op(""test_ns::custom_op"", mutates_args=())
AttributeError: module 'torch.library' has no attribute 'custom_op'
"
164300_pytorch_to_pytorch_4.output.log,0,Success,生成成功,"Warning: torch.compile not found (requires PyTorch 2.0+). Using a pass-through mock.
Test passed: torch.distributed.new_group executed with partial-generated args inside torch.compile
",
164300_pytorch_to_pytorch_5.output.log,0,Success,生成成功,,"/home/ubuntu/miniconda3/envs/TeRL-Running/lib/python3.7/site-packages/torch/nn/functional.py:3734: UserWarning: nn.functional.upsample is deprecated. Use nn.functional.interpolate instead.
  warnings.warn(""nn.functional.upsample is deprecated. Use nn.functional.interpolate instead."")
"
164300_pytorch_to_pytorch_6.output.log,0,Success,生成成功,"Test skipped: cannot import name 'CheckpointPolicy' from 'torch.utils.checkpoint' (/home/ubuntu/miniconda3/envs/TeRL-Running/lib/python3.7/site-packages/torch/utils/checkpoint.py)
This test requires PyTorch 2.1+ for selective checkpointing features (CheckpointPolicy, create_selective_checkpoint_contexts).
",
164300_pytorch_to_pytorch_7.output.log,0,Success,生成成功,"Test passed: functools.partial objects gathered successfully.
",
164300_pytorch_to_pytorch_8.output.log,0,Success,生成成功,"Test failed with exception: list index out of range
",
164300_pytorch_to_pytorch_9.output.log,-1,Timeout,生成失败,,"Timeout: Command '['python', '/home/ubuntu/SYAN/GRADUATE/TeRL/Step4-RunTestCase/final-data/single_reuse_test_case/164300_pytorch_to_pytorch_9.output.py']' timed out after 60 seconds"
164385_pytorch_to_pytorch_1.output.log,0,Success,生成成功,"Skipping test: sympy module is not installed.
",
164385_pytorch_to_pytorch_10.output.log,0,Success,生成成功,"Testing torch.rand with dimensions derived from the bug report...
Shape: (24, 24, 91)
Result shape: torch.Size([24, 24, 91])
Result type: <class 'torch.Tensor'>
Scaled result shape: torch.Size([24, 24, 91])
Test passed.
",
164385_pytorch_to_pytorch_2.output.log,0,Success,生成成功,"Skipping test: sympy module is not installed.
",
164385_pytorch_to_pytorch_3.output.log,0,Success,生成成功,"Skipping test: sympy module is not installed.
",
164385_pytorch_to_pytorch_4.output.log,0,Success,生成成功,"Skipping test: torch.compile is not available in this PyTorch version (requires PyTorch >= 2.0).
",
164385_pytorch_to_pytorch_5.output.log,0,Success,生成成功,"sympy module not found. Using mock implementation to allow test execution.
Testing Exp with complex symbolic expression...
Argument: ((((24*s37)+672)*(s14//2016))+21)
Exp result: Exp(((((24*s37)+672)*(s14//2016))+21))
Exp result: Exp(((((24*s37)+672)*(s14//2016))+21))
Result type: <class '__main__.MockExp'>
",
164385_pytorch_to_pytorch_6.output.log,1,API Misuse,生成失败,"sympy module not found. Using mock objects to simulate sympy behavior.
Testing Tanh with complex symbolic expression...
","Traceback (most recent call last):
  File ""/home/ubuntu/SYAN/GRADUATE/TeRL/Step4-RunTestCase/final-data/single_reuse_test_case/164385_pytorch_to_pytorch_6.output.py"", line 54, in <module>
    middle_expr = (24 * s37 + 672) * inner_expr
TypeError: unsupported operand type(s) for *: 'int' and 'MockSymbol'
"
164385_pytorch_to_pytorch_7.output.log,0,Success,生成成功,"Test passed: torch.log handles complex symbolic expression correctly.
",
164385_pytorch_to_pytorch_8.output.log,0,Success,生成成功,"Skipping test: sympy module is not installed.
",
164385_pytorch_to_pytorch_9.output.log,0,Success,生成成功,"Testing torch.unique with complex integer expression context...
Generated data value from expression: 3669
Input tensor: tensor([3669, 3669, 3670, 3670, 3671])
Warning: torch.compile is not available in this environment. Skipping compilation and running in eager mode.
Result: tensor([3669, 3670, 3671])
Expected: tensor([3669, 3670, 3671])
Test passed: torch.unique works correctly with complex integer inputs under torch.compile.
",
164465_pytorch_to_pytorch_1.output.log,0,Success,生成成功,"Result on rank 0: tensor([3, 5, 7, 9])
Test passed.
",
164465_pytorch_to_pytorch_10.output.log,0,Success,生成成功,"Test passed: gather_object handles int64 and bfloat16 tensors correctly.
",
164465_pytorch_to_pytorch_2.output.log,1,API Misuse,生成失败,,"Traceback (most recent call last):
  File ""/home/ubuntu/miniconda3/envs/TeRL-Running/lib/python3.7/site-packages/torch/_ops.py"", line 501, in __getattr__
    op, overload_names = torch._C._jit_get_operation(qualified_op_name)
RuntimeError: No such operator prims::iota

The above exception was the direct cause of the following exception:

Traceback (most recent call last):
  File ""/home/ubuntu/SYAN/GRADUATE/TeRL/Step4-RunTestCase/final-data/single_reuse_test_case/164465_pytorch_to_pytorch_2.outpu"
164465_pytorch_to_pytorch_3.output.log,1,Unknown Failure,生成失败,,"Traceback (most recent call last):
  File ""/home/ubuntu/SYAN/GRADUATE/TeRL/Step4-RunTestCase/final-data/single_reuse_test_case/164465_pytorch_to_pytorch_3.output.py"", line 57, in <module>
    result = torch.ops.bug_164465_lib.int64_iota_max(36)
  File ""/home/ubuntu/miniconda3/envs/TeRL-Running/lib/python3.7/site-packages/torch/_ops.py"", line 442, in __call__
    return self._op(*args, **kwargs or {})
NotImplementedError: There were no tensor arguments to this function (e.g., you passed an empty "
164465_pytorch_to_pytorch_4.output.log,1,API Misuse,生成失败,,"Traceback (most recent call last):
  File ""/home/ubuntu/miniconda3/envs/TeRL-Running/lib/python3.7/site-packages/torch/_ops.py"", line 501, in __getattr__
    op, overload_names = torch._C._jit_get_operation(qualified_op_name)
RuntimeError: No such operator prims::iota

The above exception was the direct cause of the following exception:

Traceback (most recent call last):
  File ""/home/ubuntu/SYAN/GRADUATE/TeRL/Step4-RunTestCase/final-data/single_reuse_test_case/164465_pytorch_to_pytorch_4.outpu"
164465_pytorch_to_pytorch_5.output.log,1,API Misuse,生成失败,,"Traceback (most recent call last):
  File ""/home/ubuntu/miniconda3/envs/TeRL-Running/lib/python3.7/site-packages/torch/_ops.py"", line 501, in __getattr__
    op, overload_names = torch._C._jit_get_operation(qualified_op_name)
RuntimeError: No such operator prims::iota

The above exception was the direct cause of the following exception:

Traceback (most recent call last):
  File ""/home/ubuntu/SYAN/GRADUATE/TeRL/Step4-RunTestCase/final-data/single_reuse_test_case/164465_pytorch_to_pytorch_5.outpu"
164465_pytorch_to_pytorch_6.output.log,0,Success,生成成功,"Warning: torch.compile not found (requires PyTorch >= 2.0). Running without compilation.
Test passed: torch.lobpcg compiled and ran successfully.
Eigenvalues shape: torch.Size([2])
",
164465_pytorch_to_pytorch_7.output.log,1,API Misuse,生成失败,,"Traceback (most recent call last):
  File ""/home/ubuntu/SYAN/GRADUATE/TeRL/Step4-RunTestCase/final-data/single_reuse_test_case/164465_pytorch_to_pytorch_7.output.py"", line 70, in <module>
    test_send_object_list_with_int64_max()
  File ""/home/ubuntu/SYAN/GRADUATE/TeRL/Step4-RunTestCase/final-data/single_reuse_test_case/164465_pytorch_to_pytorch_7.output.py"", line 57, in test_send_object_list_with_int64_max
    dist.send_object_list(object_list, dst=1)
AttributeError: module 'torch.distributed'"
164465_pytorch_to_pytorch_8.output.log,0,Success,生成成功,"torch.compile is not available in this environment. Skipping test.
",
164465_pytorch_to_pytorch_9.output.log,0,Success,生成成功,"Warning: torch.compile not found. Mocking it as a pass-through function.
",
164486_pytorch_to_pytorch_1.output.log,1,API Misuse,生成失败,"Eager Success! 
","Traceback (most recent call last):
  File ""/home/ubuntu/SYAN/GRADUATE/TeRL/Step4-RunTestCase/final-data/single_reuse_test_case/164486_pytorch_to_pytorch_1.output.py"", line 38, in <module>
    compiled_program = torch.compile(fuzzed_program, fullgraph=True, dynamic=True)
AttributeError: module 'torch' has no attribute 'compile'
"
164486_pytorch_to_pytorch_10.output.log,0,Success,生成成功,"Eager Success! 
torch.compile is not available in this environment. Skipping compiled execution and mocking output.
Relative diff (sum): 0.000000%
",
164486_pytorch_to_pytorch_2.output.log,1,API Misuse,生成失败,"Eager Success! 
","Traceback (most recent call last):
  File ""/home/ubuntu/SYAN/GRADUATE/TeRL/Step4-RunTestCase/final-data/single_reuse_test_case/164486_pytorch_to_pytorch_2.output.py"", line 36, in <module>
    compiled_program = torch.compile(fuzzed_program, fullgraph=True, dynamic=True)
AttributeError: module 'torch' has no attribute 'compile'
"
164486_pytorch_to_pytorch_3.output.log,0,Success,生成成功,"torch._dynamo is not available (requires PyTorch 2.0+). Skipping test.
",
164486_pytorch_to_pytorch_4.output.log,0,Success,生成成功,"Eager Success! 
torch.compile is not available in this environment. Skipping compiled execution.
Relative diff (sum): 0.000000%
",
164486_pytorch_to_pytorch_5.output.log,0,Success,生成成功,"Eager Success! 
Compile Skipped: torch.compile not available in this PyTorch version
",
164486_pytorch_to_pytorch_6.output.log,0,Success,生成成功,"Skipping test: torch._dynamo not found (requires PyTorch 2.0+)
",
164486_pytorch_to_pytorch_7.output.log,0,Success,生成成功,"torch._dynamo is not available. This test requires PyTorch 2.0+. Skipping test.
",
164486_pytorch_to_pytorch_8.output.log,0,Success,生成成功,"torch.compile is not available in this PyTorch version. Skipping test.
",
164486_pytorch_to_pytorch_9.output.log,0,Success,生成成功,"Eager Success! 
torch.compile is not available in this PyTorch version. Skipping compiled test.
",
164683_pytorch_to_pytorch_1.output.log,0,Success,生成成功,"Eager Success! 
Compile Skipped: torch.compile not available (requires PyTorch 2.0+)
",
164683_pytorch_to_pytorch_10.output.log,1,API Misuse,生成失败,"Eager Success! 
","Traceback (most recent call last):
  File ""/home/ubuntu/SYAN/GRADUATE/TeRL/Step4-RunTestCase/final-data/single_reuse_test_case/164683_pytorch_to_pytorch_10.output.py"", line 46, in <module>
    compiled_foo = torch.compile(foo, fullgraph=True, dynamic=True)
AttributeError: module 'torch' has no attribute 'compile'
"
164683_pytorch_to_pytorch_2.output.log,0,Success,生成成功,"Warning: torch._dynamo not found. Skipping torch.compile specific configurations.
Eager Success! 
Compile Skipped: torch._dynamo is not available (requires PyTorch 2.0+).
",
164683_pytorch_to_pytorch_3.output.log,0,Success,生成成功,"Warning: torch._dynamo or torch._inductor not found. Skipping specific configurations.
Eager Success! 
Skipping compile test: torch.compile is not available in this version of PyTorch.
",
164683_pytorch_to_pytorch_4.output.log,0,Success,生成成功,"Eager Success! 
Skipping compiled test: torch.compile is not available in this environment.
",
164683_pytorch_to_pytorch_5.output.log,1,API Misuse,生成失败,"Eager Success! 
","Traceback (most recent call last):
  File ""/home/ubuntu/SYAN/GRADUATE/TeRL/Step4-RunTestCase/final-data/single_reuse_test_case/164683_pytorch_to_pytorch_5.output.py"", line 39, in <module>
    compiled_foo = torch.compile(foo, fullgraph=True, dynamic=True)
AttributeError: module 'torch' has no attribute 'compile'
"
164683_pytorch_to_pytorch_6.output.log,0,Success,生成成功,"torch._dynamo is not available. This test requires PyTorch 2.0+. Skipping test.
",
164683_pytorch_to_pytorch_7.output.log,0,Success,生成成功,"Eager Success! 
Skipping compiled test: torch._dynamo is not available.
",
164683_pytorch_to_pytorch_8.output.log,0,Success,生成成功,"Eager Success! 
Skipping compiled test: torch.compile is not available in this environment.
",
164683_pytorch_to_pytorch_9.output.log,0,Success,生成成功,"Warning: torch._dynamo or torch._inductor not found. Skipping configuration.
Eager Success! 
Skipping Compile Test: torch.compile is not available in this PyTorch version.
",
164684_pytorch_to_pytorch_1.output.log,1,API Misuse,生成失败," eager success
","Traceback (most recent call last):
  File ""/home/ubuntu/SYAN/GRADUATE/TeRL/Step4-RunTestCase/final-data/single_reuse_test_case/164684_pytorch_to_pytorch_1.output.py"", line 36, in <module>
    compiled_program = torch.compile(fuzzed_program, fullgraph=True, dynamic=True)
AttributeError: module 'torch' has no attribute 'compile'
"
164684_pytorch_to_pytorch_10.output.log,0,Success,生成成功,"Skipping test: torch._dynamo not found (requires PyTorch 2.0+)
",
164684_pytorch_to_pytorch_2.output.log,1,Unknown Failure,生成失败,,"Traceback (most recent call last):
  File ""/home/ubuntu/SYAN/GRADUATE/TeRL/Step4-RunTestCase/final-data/single_reuse_test_case/164684_pytorch_to_pytorch_2.output.py"", line 32, in <module>
    result_original = fuzzed_program(*args)
  File ""/home/ubuntu/SYAN/GRADUATE/TeRL/Step4-RunTestCase/final-data/single_reuse_test_case/164684_pytorch_to_pytorch_2.output.py"", line 18, in fuzzed_program
    result = var_node_0 - sentinel
  File ""/home/ubuntu/miniconda3/envs/TeRL-Running/lib/python3.7/site-packa"
164684_pytorch_to_pytorch_3.output.log,0,Success,生成成功,"Skipping test: torch._dynamo is not available (requires PyTorch 2.0+)
",
164684_pytorch_to_pytorch_4.output.log,0,Success,生成成功,"Warning: torch._dynamo is not available. Skipping compilation-specific configuration.
 eager success
 compile skipped (torch._dynamo not available)
",
164684_pytorch_to_pytorch_5.output.log,1,API Misuse,生成失败,,"Traceback (most recent call last):
  File ""/home/ubuntu/SYAN/GRADUATE/TeRL/Step4-RunTestCase/final-data/single_reuse_test_case/164684_pytorch_to_pytorch_5.output.py"", line 27, in <module>
    result_original = fuzzed_program(*args)
  File ""/home/ubuntu/SYAN/GRADUATE/TeRL/Step4-RunTestCase/final-data/single_reuse_test_case/164684_pytorch_to_pytorch_5.output.py"", line 16, in fuzzed_program
    result = torch.exp(var_node_0) * sentinel
TypeError: exp(): argument 'input' (position 1) must be Tensor,"
164684_pytorch_to_pytorch_6.output.log,0,Success,生成成功," eager success
 compile skipped (torch.compile not available)
",
164684_pytorch_to_pytorch_8.output.log,0,Success,生成成功," eager success
Warning: torch.compile is not available in this PyTorch version. Skipping compiled execution.
",
164684_pytorch_to_pytorch_9.output.log,0,Success,生成成功,"Warning: torch._dynamo is not available. Skipping compile test.
 eager success
",
164685_pytorch_to_pytorch_1.output.log,0,Success,生成成功,"Warning: torch._dynamo not found. Skipping dynamo configuration.
Distributed environment not initialized. Skipping execution.
To run this test, use: torchrun --nproc_per_node=<N> <script_name>
",
164685_pytorch_to_pytorch_10.output.log,0,Success,生成成功," Rank 0 gathered objects successfully.
 All assertions passed for gathered objects.
","/home/ubuntu/SYAN/GRADUATE/TeRL/Step4-RunTestCase/final-data/single_reuse_test_case/164685_pytorch_to_pytorch_10.output.py:22: UserWarning: To copy construct from a tensor, it is recommended to use sourceTensor.clone().detach() or sourceTensor.clone().detach().requires_grad_(True), rather than torch.tensor(sourceTensor).
  arg_0 = torch.tensor(torch.randn(()), dtype=torch.int32).item()
/home/ubuntu/SYAN/GRADUATE/TeRL/Step4-RunTestCase/final-data/single_reuse_test_case/164685_pytorch_to_pytorch_1"
164685_pytorch_to_pytorch_2.output.log,1,API Misuse,生成失败," eager success
","/home/ubuntu/SYAN/GRADUATE/TeRL/Step4-RunTestCase/final-data/single_reuse_test_case/164685_pytorch_to_pytorch_2.output.py:35: UserWarning: To copy construct from a tensor, it is recommended to use sourceTensor.clone().detach() or sourceTensor.clone().detach().requires_grad_(True), rather than torch.tensor(sourceTensor).
  arg_0 = torch.tensor(torch.randn(()), dtype=torch.int32).item()
Traceback (most recent call last):
  File ""/home/ubuntu/SYAN/GRADUATE/TeRL/Step4-RunTestCase/final-data/single_r"
164685_pytorch_to_pytorch_3.output.log,1,API Misuse,生成失败,,"Traceback (most recent call last):
  File ""/home/ubuntu/SYAN/GRADUATE/TeRL/Step4-RunTestCase/final-data/single_reuse_test_case/164685_pytorch_to_pytorch_3.output.py"", line 20, in <module>
    torch._dynamo.config.capture_scalar_outputs = True
AttributeError: module 'torch' has no attribute '_dynamo'
"
164685_pytorch_to_pytorch_4.output.log,0,Success,生成成功,"torch._dynamo is not available in this environment. Skipping test.
",
164685_pytorch_to_pytorch_5.output.log,0,Success,生成成功,"torch._dynamo is not available. This test requires PyTorch 2.0+.
",
164685_pytorch_to_pytorch_6.output.log,1,API Misuse,生成失败," eager success
","/home/ubuntu/SYAN/GRADUATE/TeRL/Step4-RunTestCase/final-data/single_reuse_test_case/164685_pytorch_to_pytorch_6.output.py:38: UserWarning: To copy construct from a tensor, it is recommended to use sourceTensor.clone().detach() or sourceTensor.clone().detach().requires_grad_(True), rather than torch.tensor(sourceTensor).
  arg_0 = torch.tensor(torch.randn(()), dtype=torch.int32).item()
Traceback (most recent call last):
  File ""/home/ubuntu/SYAN/GRADUATE/TeRL/Step4-RunTestCase/final-data/single_r"
164685_pytorch_to_pytorch_7.output.log,0,Success,生成成功," recv_object_list failed: module 'torch.distributed' has no attribute 'recv_object_list'
 send_object_list failed: module 'torch.distributed' has no attribute 'send_object_list'
","/home/ubuntu/SYAN/GRADUATE/TeRL/Step4-RunTestCase/final-data/single_reuse_test_case/164685_pytorch_to_pytorch_7.output.py:35: UserWarning: To copy construct from a tensor, it is recommended to use sourceTensor.clone().detach() or sourceTensor.clone().detach().requires_grad_(True), rather than torch.tensor(sourceTensor).
  arg_0 = torch.tensor(torch.randn(()), dtype=torch.int32).item()
"
164685_pytorch_to_pytorch_8.output.log,1,Environment Failure,生成失败,,"Traceback (most recent call last):
  File ""/home/ubuntu/SYAN/GRADUATE/TeRL/Step4-RunTestCase/final-data/single_reuse_test_case/164685_pytorch_to_pytorch_8.output.py"", line 76, in <module>
    mp.spawn(run_worker, args=(world_size,), nprocs=world_size, join=True)
  File ""/home/ubuntu/miniconda3/envs/TeRL-Running/lib/python3.7/site-packages/torch/multiprocessing/spawn.py"", line 240, in spawn
    return start_processes(fn, args, nprocs, join, daemon, start_method='spawn')
  File ""/home/ubuntu/minic"
164685_pytorch_to_pytorch_9.output.log,0,Success,生成成功,"Rank 0 preparing to broadcast: [6, 6, 1]
Rank 1 received objects successfully: [6, 6, 1]
 broadcast_object_list success
",
164686_pytorch_to_pytorch_1.output.log,0,Success,生成成功,"Skipping test: torch._dynamo not found. This test requires PyTorch 2.0+.
",
164686_pytorch_to_pytorch_10.output.log,0,Success,生成成功,"Rank 0 gathered objects: [{'float_result': 0.2, 'int_addition': -3, 'division_mix': -0.1}, {'float_result': 0.2, 'int_addition': -3, 'division_mix': -0.1}]
 gather_object test passed
","/home/ubuntu/SYAN/GRADUATE/TeRL/Step4-RunTestCase/final-data/single_reuse_test_case/164686_pytorch_to_pytorch_10.output.py:27: UserWarning: To copy construct from a tensor, it is recommended to use sourceTensor.clone().detach() or sourceTensor.clone().detach().requires_grad_(True), rather than torch.tensor(sourceTensor).
  var_node_6 = torch.tensor(torch.randn(()), dtype=torch.int64).item() # int64
/home/ubuntu/SYAN/GRADUATE/TeRL/Step4-RunTestCase/final-data/single_reuse_test_case/164686_pytorch"
164686_pytorch_to_pytorch_2.output.log,0,Success,生成成功,"Warning: torch._dynamo is not available. Skipping dynamo-specific configuration.
 eager success
Skipping compiled mode test as torch._dynamo is not available.
","/home/ubuntu/SYAN/GRADUATE/TeRL/Step4-RunTestCase/final-data/single_reuse_test_case/164686_pytorch_to_pytorch_2.output.py:47: UserWarning: To copy construct from a tensor, it is recommended to use sourceTensor.clone().detach() or sourceTensor.clone().detach().requires_grad_(True), rather than torch.tensor(sourceTensor).
  arg_0 = torch.tensor(torch.randn(()), dtype=torch.int64).item()
/home/ubuntu/SYAN/GRADUATE/TeRL/Step4-RunTestCase/final-data/single_reuse_test_case/164686_pytorch_to_pytorch_2."
164686_pytorch_to_pytorch_3.output.log,1,API Misuse,生成失败,,"Traceback (most recent call last):
  File ""/home/ubuntu/SYAN/GRADUATE/TeRL/Step4-RunTestCase/final-data/single_reuse_test_case/164686_pytorch_to_pytorch_3.output.py"", line 15, in <module>
    @torch.library.impl_abstract(""test_lib::fuzzed_op"")
AttributeError: module 'torch.library' has no attribute 'impl_abstract'
"
164686_pytorch_to_pytorch_4.output.log,0,Success,生成成功,"Warning: torch._dynamo not found. Skipping Dynamo configuration.
 eager success
Warning: torch.compile not found. Skipping compiled execution.
","/home/ubuntu/SYAN/GRADUATE/TeRL/Step4-RunTestCase/final-data/single_reuse_test_case/164686_pytorch_to_pytorch_4.output.py:32: UserWarning: To copy construct from a tensor, it is recommended to use sourceTensor.clone().detach() or sourceTensor.clone().detach().requires_grad_(True), rather than torch.tensor(sourceTensor).
  arg_0 = torch.tensor(torch.randn(()), dtype=torch.int64).item()
/home/ubuntu/SYAN/GRADUATE/TeRL/Step4-RunTestCase/final-data/single_reuse_test_case/164686_pytorch_to_pytorch_4."
164686_pytorch_to_pytorch_5.output.log,0,Success,生成成功,"Skipping test: torch._dynamo is not available (requires PyTorch 2.0+)
",
164686_pytorch_to_pytorch_6.output.log,1,Environment Failure,生成失败,"Skipping torch._dynamo configuration: module not found.
","Traceback (most recent call last):
  File ""/home/ubuntu/SYAN/GRADUATE/TeRL/Step4-RunTestCase/final-data/single_reuse_test_case/164686_pytorch_to_pytorch_6.output.py"", line 43, in <module>
    result_original = test_lobpcg(*args)
  File ""/home/ubuntu/SYAN/GRADUATE/TeRL/Step4-RunTestCase/final-data/single_reuse_test_case/164686_pytorch_to_pytorch_6.output.py"", line 28, in test_lobpcg
    eigenvalues, eigenvectors = torch.lobpcg(A, k=2, X=X, niter=5, tol=1e-5)
  File ""/home/ubuntu/miniconda3/envs/T"
164686_pytorch_to_pytorch_7.output.log,0,Success,生成成功," Objects are picklable (send_object_list prerequisite met)
","/home/ubuntu/SYAN/GRADUATE/TeRL/Step4-RunTestCase/final-data/single_reuse_test_case/164686_pytorch_to_pytorch_7.output.py:35: UserWarning: To copy construct from a tensor, it is recommended to use sourceTensor.clone().detach() or sourceTensor.clone().detach().requires_grad_(True), rather than torch.tensor(sourceTensor).
  arg_0 = torch.tensor(torch.randn(()), dtype=torch.int64).item()
/home/ubuntu/SYAN/GRADUATE/TeRL/Step4-RunTestCase/final-data/single_reuse_test_case/164686_pytorch_to_pytorch_7."
164686_pytorch_to_pytorch_8.output.log,1,API Misuse,生成失败,"Warning: torch._dynamo is not available in this environment. Compilation tests will be skipped.
Warning: torch._dynamo is not available in this environment. Compilation tests will be skipped.
Warning: torch._dynamo is not available in this environment. Compilation tests will be skipped.
Rank 1 testing eager execution...
Rank 0 sending data: [1.0, -3, 1]
","Traceback (most recent call last):
  File ""/home/ubuntu/SYAN/GRADUATE/TeRL/Step4-RunTestCase/final-data/single_reuse_test_case/164686_pytorch_to_pytorch_8.output.py"", line 76, in <module>
    mp.spawn(worker, args=(world_size,), nprocs=world_size)
  File ""/home/ubuntu/miniconda3/envs/TeRL-Running/lib/python3.7/site-packages/torch/multiprocessing/spawn.py"", line 240, in spawn
    return start_processes(fn, args, nprocs, join, daemon, start_method='spawn')
  File ""/home/ubuntu/miniconda3/envs/TeRL"
164686_pytorch_to_pytorch_9.output.log,0,Success,生成成功," broadcast_object_list success. Received: 0.2
","/home/ubuntu/SYAN/GRADUATE/TeRL/Step4-RunTestCase/final-data/single_reuse_test_case/164686_pytorch_to_pytorch_9.output.py:46: UserWarning: To copy construct from a tensor, it is recommended to use sourceTensor.clone().detach() or sourceTensor.clone().detach().requires_grad_(True), rather than torch.tensor(sourceTensor).
  arg_0 = torch.tensor(torch.randn(()), dtype=torch.int64).item()
/home/ubuntu/SYAN/GRADUATE/TeRL/Step4-RunTestCase/final-data/single_reuse_test_case/164686_pytorch_to_pytorch_9."
164700_pytorch_to_pytorch_1.output.log,0,Success,生成成功,,
164700_pytorch_to_pytorch_10.output.log,0,Success,生成成功,"Test failed with exception: 

-- Process 0 terminated with the following error:
Traceback (most recent call last):
  File ""/home/ubuntu/miniconda3/envs/TeRL-Running/lib/python3.7/site-packages/torch/multiprocessing/spawn.py"", line 69, in _wrap
    fn(i, *args)
  File ""/home/ubuntu/SYAN/GRADUATE/TeRL/Step4-RunTestCase/final-data/single_reuse_test_case/164700_pytorch_to_pytorch_10.output.py"", line 65, in worker
    assert torch.equal(obj, result), ""Value mismatch""
RuntimeError: Expected all tensor",
164700_pytorch_to_pytorch_2.output.log,0,Success,生成成功,"Eager execution:
tensor(0, device='cuda:0')
Compiled execution:
Skipped: torch.compile is not available in this version of PyTorch.
",
164700_pytorch_to_pytorch_3.output.log,0,Success,生成成功,"Skipping test: 'torch.library.impl_abstract' is not available.
This test requires PyTorch >= 2.0.
",
164700_pytorch_to_pytorch_4.output.log,0,Success,生成成功,"Eager execution:
tensor(True, device='cuda:0')
Compiled execution:
Skipped: torch.compile is not available (requires PyTorch 2.0+).
",
164700_pytorch_to_pytorch_5.output.log,0,Success,生成成功,"Warning: torch.compile not found (PyTorch < 2.0). Mocking as identity function.
Eager result: False
Compiled result: False
",
164700_pytorch_to_pytorch_6.output.log,0,Success,生成成功,"Eager execution succeeded.
Compiled execution failed: module 'torch' has no attribute 'compile'
",
164700_pytorch_to_pytorch_7.output.log,0,Success,生成成功,"Send successful on rank 0
Receive and verification successful on rank 1
","/home/ubuntu/SYAN/GRADUATE/TeRL/Step4-RunTestCase/final-data/single_reuse_test_case/164700_pytorch_to_pytorch_7.output.py:23: UserWarning: The given buffer is not writable, and PyTorch does not support non-writable tensors. This means you can write to the underlying (supposedly non-writable) buffer using the tensor. You may want to copy the buffer to protect its data or make it writable before converting it to a tensor. This type of warning will be suppressed for the rest of this program. (Trigg"
164700_pytorch_to_pytorch_8.output.log,1,API Misuse,生成失败,,"Traceback (most recent call last):
  File ""/home/ubuntu/SYAN/GRADUATE/TeRL/Step4-RunTestCase/final-data/single_reuse_test_case/164700_pytorch_to_pytorch_8.output.py"", line 78, in <module>
    mp.spawn(run_test, args=(world_size, device, f""file://{tmp_file_name}""), nprocs=world_size)
  File ""/home/ubuntu/miniconda3/envs/TeRL-Running/lib/python3.7/site-packages/torch/multiprocessing/spawn.py"", line 240, in spawn
    return start_processes(fn, args, nprocs, join, daemon, start_method='spawn')
  Fil"
164700_pytorch_to_pytorch_9.output.log,0,Success,生成成功,"Rank 0: Test passed successfully.
Rank 1: Test passed successfully.
",
164701_pytorch_to_pytorch_1.output.log,0,Success,生成成功,"torch.compile is not available. This test requires PyTorch 2.0 or higher. Skipping test.
",
164701_pytorch_to_pytorch_10.output.log,0,Success,生成成功,"Test passed: gather_object correctly handled state tensors.
",
164701_pytorch_to_pytorch_2.output.log,1,Unknown Failure,生成失败,"torch.compile is not available. Using eager mode (identity function) as a mock.
","Traceback (most recent call last):
  File ""/home/ubuntu/SYAN/GRADUATE/TeRL/Step4-RunTestCase/final-data/single_reuse_test_case/164701_pytorch_to_pytorch_2.output.py"", line 49, in <module>
    dev_null.clone()
  File ""/home/ubuntu/SYAN/GRADUATE/TeRL/Step4-RunTestCase/final-data/single_reuse_test_case/164701_pytorch_to_pytorch_2.output.py"", line 23, in slide_with_prod
    concatenated = concatenated[batch_idx, arange]
IndexError: tensors used as indices must be long, byte or bool tensors
"
164701_pytorch_to_pytorch_3.output.log,1,API Misuse,生成失败,,"Traceback (most recent call last):
  File ""/home/ubuntu/SYAN/GRADUATE/TeRL/Step4-RunTestCase/final-data/single_reuse_test_case/164701_pytorch_to_pytorch_3.output.py"", line 14, in <module>
    library.define(qualname + ""(Tensor state, Tensor new_events, Tensor arange, Tensor dev_null) -> ()"")
TypeError: define() missing 1 required positional argument: 'schema'
"
164701_pytorch_to_pytorch_4.output.log,0,Success,生成成功,"Test skipped: torch.compile requires PyTorch 2.0 or higher.
",
164701_pytorch_to_pytorch_5.output.log,1,Unknown Failure,生成失败,"Warning: torch.compile not found (PyTorch < 2.0). Mocking torch.compile to use eager execution.
","Traceback (most recent call last):
  File ""/home/ubuntu/SYAN/GRADUATE/TeRL/Step4-RunTestCase/final-data/single_reuse_test_case/164701_pytorch_to_pytorch_5.output.py"", line 44, in <module>
    expected_any_result = slide_and_check_any_eager(state.clone(), new_events, arange, dev_null)
  File ""/home/ubuntu/SYAN/GRADUATE/TeRL/Step4-RunTestCase/final-data/single_reuse_test_case/164701_pytorch_to_pytorch_5.output.py"", line 23, in slide_and_check_any_eager
    concatenated = concatenated[batch_idx, ar"
164701_pytorch_to_pytorch_6.output.log,0,Success,生成成功,"torch.compile is not available (requires PyTorch >= 2.0). Skipping test.
",
164701_pytorch_to_pytorch_7.output.log,1,API Misuse,生成失败,,"Traceback (most recent call last):
  File ""/home/ubuntu/SYAN/GRADUATE/TeRL/Step4-RunTestCase/final-data/single_reuse_test_case/164701_pytorch_to_pytorch_7.output.py"", line 60, in <module>
    mp.spawn(verify_send_object_list, args=(2,), nprocs=2)
  File ""/home/ubuntu/miniconda3/envs/TeRL-Running/lib/python3.7/site-packages/torch/multiprocessing/spawn.py"", line 240, in spawn
    return start_processes(fn, args, nprocs, join, daemon, start_method='spawn')
  File ""/home/ubuntu/miniconda3/envs/TeRL-"
164701_pytorch_to_pytorch_8.output.log,0,Success,生成成功,,
164701_pytorch_to_pytorch_9.output.log,0,Success,生成成功,"Rank 0: Data prepared and broadcasted.
Rank 1: Test passed. State updated correctly via broadcast.
",
164823_pytorch_to_pytorch_1.output.log,0,Success,生成成功,"Rank 0: Input sparse tensor created.
Rank 1: Input sparse tensor created.
Rank 0: Unexpected error - ProcessGroupGloo::reduce: only supports dense tensors
Rank 1: Unexpected error - ProcessGroupGloo::reduce: only supports dense tensors
",
164823_pytorch_to_pytorch_10.output.log,0,Success,生成成功,"Test passed: torch.distributed.gather_object handled sparse tensor correctly.
",
164823_pytorch_to_pytorch_2.output.log,1,Environment Failure,生成失败,,"/home/ubuntu/SYAN/GRADUATE/TeRL/Step4-RunTestCase/final-data/single_reuse_test_case/164823_pytorch_to_pytorch_2.output.py:9: UserWarning: Sparse CSR tensor support is in beta state. If you miss a functionality in the sparse tensor support, please submit a feature request to https://github.com/pytorch/pytorch/issues. (Triggered internally at ../aten/src/ATen/SparseCsrTensorImpl.cpp:54.)
  x_sparse = x.to_sparse_csr()
Traceback (most recent call last):
  File ""/home/ubuntu/SYAN/GRADUATE/TeRL/Step4"
164823_pytorch_to_pytorch_3.output.log,1,API Misuse,生成失败,"Warning: impl_abstract not available in this PyTorch version. Skipping abstract registration.
","Traceback (most recent call last):
  File ""/home/ubuntu/SYAN/GRADUATE/TeRL/Step4-RunTestCase/final-data/single_reuse_test_case/164823_pytorch_to_pytorch_3.output.py"", line 46, in <module>
    @lib.impl(""sparse_scale"")
TypeError: impl() missing 1 required positional argument: 'fn'
"
164823_pytorch_to_pytorch_4.output.log,1,Environment Failure,生成失败,,"/home/ubuntu/SYAN/GRADUATE/TeRL/Step4-RunTestCase/final-data/single_reuse_test_case/164823_pytorch_to_pytorch_4.output.py:7: UserWarning: Sparse CSR tensor support is in beta state. If you miss a functionality in the sparse tensor support, please submit a feature request to https://github.com/pytorch/pytorch/issues. (Triggered internally at ../aten/src/ATen/SparseCsrTensorImpl.cpp:54.)
  x_sparse = x.to_sparse_csr()
Traceback (most recent call last):
  File ""/home/ubuntu/SYAN/GRADUATE/TeRL/Step4"
164823_pytorch_to_pytorch_5.output.log,0,Success,生成成功,"Eager output: tensor(True)
Error during compilation or execution: module 'torch' has no attribute 'compile'
",
164823_pytorch_to_pytorch_6.output.log,0,Success,生成成功,"Testing Eager...
Eager output: tensor([45.8679, 20.6690])

Testing Compiled...
Compiled failed: module 'torch' has no attribute 'compile'
",
164823_pytorch_to_pytorch_7.output.log,0,Success,生成成功,"Rank 1: Failed to receive or verify sparse tensor. Error: module 'torch.distributed' has no attribute 'recv_object_list'Rank 0: Failed to send sparse tensor. Error: module 'torch.distributed' has no attribute 'send_object_list'

",
164823_pytorch_to_pytorch_8.output.log,0,Success,生成成功,"Rank 0: Sent sparse tensor.
Rank 1: Successfully received sparse tensor. Shape: torch.Size([10, 10]), Is Sparse: True
",
164823_pytorch_to_pytorch_9.output.log,0,Success,生成成功,"Rank 1: Successfully received sparse tensor via broadcast_object_list.
",
164875_pytorch_to_pytorch_1.output.log,0,Success,生成成功,"torch._dynamo is not available in this environment. Skipping test.
",
164875_pytorch_to_pytorch_10.output.log,0,Success,生成成功,"Skipping test: torch._dynamo module not found. This test requires PyTorch 2.0+.
",
164875_pytorch_to_pytorch_2.output.log,0,Success,生成成功," eager success
 compile skipped (torch.compile not available)
",
164875_pytorch_to_pytorch_3.output.log,1,API Misuse,生成失败," eager success
","Traceback (most recent call last):
  File ""/home/ubuntu/SYAN/GRADUATE/TeRL/Step4-RunTestCase/final-data/single_reuse_test_case/164875_pytorch_to_pytorch_3.output.py"", line 40, in <module>
    compiled_program = torch.compile(fuzzed_program, fullgraph=True, dynamic=True)
AttributeError: module 'torch' has no attribute 'compile'
"
164875_pytorch_to_pytorch_4.output.log,0,Success,生成成功," eager success
 compile skipped: torch._dynamo is not available in this environment
",
164875_pytorch_to_pytorch_5.output.log,1,API Misuse,生成失败," eager success
","Traceback (most recent call last):
  File ""/home/ubuntu/SYAN/GRADUATE/TeRL/Step4-RunTestCase/final-data/single_reuse_test_case/164875_pytorch_to_pytorch_5.output.py"", line 31, in <module>
    compiled_program = torch.compile(fuzzed_program, fullgraph=True, dynamic=True)
AttributeError: module 'torch' has no attribute 'compile'
"
164875_pytorch_to_pytorch_6.output.log,0,Success,生成成功," eager success
 compile skipped: torch._dynamo not available
",
164875_pytorch_to_pytorch_7.output.log,1,API Misuse,生成失败," eager success
","Traceback (most recent call last):
  File ""/home/ubuntu/SYAN/GRADUATE/TeRL/Step4-RunTestCase/final-data/single_reuse_test_case/164875_pytorch_to_pytorch_7.output.py"", line 29, in <module>
    compiled_program = torch.compile(fuzzed_program, fullgraph=True, dynamic=True)
AttributeError: module 'torch' has no attribute 'compile'
"
164875_pytorch_to_pytorch_8.output.log,1,API Misuse,生成失败," eager success
","Traceback (most recent call last):
  File ""/home/ubuntu/SYAN/GRADUATE/TeRL/Step4-RunTestCase/final-data/single_reuse_test_case/164875_pytorch_to_pytorch_8.output.py"", line 39, in <module>
    compiled_program = torch.compile(fuzzed_program, fullgraph=True, dynamic=True)
AttributeError: module 'torch' has no attribute 'compile'
"
164875_pytorch_to_pytorch_9.output.log,0,Success,生成成功,"Skipping test: torch._dynamo is not available in this PyTorch version.
",
164876_pytorch_to_pytorch_1.output.log,0,Success,生成成功,"Warning: torch._dynamo is not available. Skipping dynamo configuration.
 eager failed: 'int' object is not callable
 compile skipped: torch._dynamo not available
",
164876_pytorch_to_pytorch_10.output.log,1,Unknown Failure,生成失败,,"Traceback (most recent call last):
  File ""/home/ubuntu/SYAN/GRADUATE/TeRL/Step4-RunTestCase/final-data/single_reuse_test_case/164876_pytorch_to_pytorch_10.output.py"", line 46, in <module>
    result_original = fuzzed_program(*args)
  File ""/home/ubuntu/SYAN/GRADUATE/TeRL/Step4-RunTestCase/final-data/single_reuse_test_case/164876_pytorch_to_pytorch_10.output.py"", line 26, in fuzzed_program
    var_node_0 = torch.matmul(var_node_1.to(torch.float64), var_node_5.to(torch.float64)) # size=(18,), str"
164876_pytorch_to_pytorch_2.output.log,0,Success,生成成功,"Warning: torch._dynamo not found. Skipping dynamo configuration. PyTorch 2.0+ required for torch.compile.
 eager failed: both arguments to matmul need to be at least 1D, but they are 0D and 2D
 compile skipped: torch.compile not available (requires PyTorch 2.0+)
",
164876_pytorch_to_pytorch_3.output.log,1,API Misuse,生成失败," eager success
","Traceback (most recent call last):
  File ""/home/ubuntu/SYAN/GRADUATE/TeRL/Step4-RunTestCase/final-data/single_reuse_test_case/164876_pytorch_to_pytorch_3.output.py"", line 42, in <module>
    compiled_program = torch.compile(fuzzed_program, fullgraph=True, dynamic=True)
AttributeError: module 'torch' has no attribute 'compile'
"
164876_pytorch_to_pytorch_4.output.log,0,Success,生成成功," eager success
 torch.compile not available, skipping compiled execution
",
164876_pytorch_to_pytorch_5.output.log,0,Success,生成成功," eager success
 skipping compiled execution (torch._dynamo not available)
 results match
",
164876_pytorch_to_pytorch_6.output.log,1,API Misuse,生成失败," eager success
","Traceback (most recent call last):
  File ""/home/ubuntu/SYAN/GRADUATE/TeRL/Step4-RunTestCase/final-data/single_reuse_test_case/164876_pytorch_to_pytorch_6.output.py"", line 44, in <module>
    compiled_program = torch.compile(fuzzed_program, fullgraph=True, dynamic=True)
AttributeError: module 'torch' has no attribute 'compile'
"
164876_pytorch_to_pytorch_7.output.log,0,Success,生成成功,"Warning: torch._dynamo not found. Skipping compilation configuration.
 eager success
 compile skipped: torch._dynamo not available
",
164876_pytorch_to_pytorch_8.output.log,0,Success,生成成功," eager success
 torch.compile not available, skipping compiled test
",
164876_pytorch_to_pytorch_9.output.log,0,Success,生成成功," eager success
 compile skipped: torch.compile is not available in this PyTorch version
",
165081_pytorch_to_pytorch_1.output.log,0,Success,生成成功,"torch.compile is not available (requires PyTorch 2.0+). Skipping compiled execution check.
Eager execution passed.
",
165081_pytorch_to_pytorch_10.output.log,0,Success,生成成功,"torch.compile not available, running in eager mode.
Test passed. Result: tensor(215, device='cuda:0')
",
165081_pytorch_to_pytorch_2.output.log,0,Success,生成成功,"Warning: torch._dynamo is not available. Skipping dynamo configuration.
torch.compile is not available in this environment. Skipping compiled execution and assertion.
",
165081_pytorch_to_pytorch_3.output.log,0,Success,生成成功,"Skipping test: torch._dynamo not found (requires PyTorch 2.0+)
",
165081_pytorch_to_pytorch_4.output.log,0,Success,生成成功,"torch._dynamo module not found. Skipping test.
",
165081_pytorch_to_pytorch_5.output.log,0,Success,生成成功,"Test skipped: torch._dynamo is not available in this PyTorch version.
",
165081_pytorch_to_pytorch_6.output.log,0,Success,生成成功,"Skipping test: torch._dynamo is not available (requires PyTorch 2.0+).
",
165081_pytorch_to_pytorch_7.output.log,0,Success,生成成功,"torch._dynamo is not available. This test requires PyTorch 2.0+.
",
165081_pytorch_to_pytorch_8.output.log,0,Success,生成成功,"Test skipped: torch._dynamo is not available (requires PyTorch 2.0+).
",
165081_pytorch_to_pytorch_9.output.log,0,Success,生成成功,"torch._dynamo is not available. Skipping test.
",
165105_pytorch_to_pytorch_1.output.log,0,Success,生成成功,"Warning: torch._dynamo not found. Skipping dynamo configuration. This test requires PyTorch 2.0+.
Running Eager execution...
Eager execution failed: cuFFT error: CUFFT_INTERNAL_ERROR

Running Compiled execution (torch.compile)...
Skipping Compiled execution: torch.compile not found (requires PyTorch 2.0+).

Could not check divergence due to execution failures.
",
165105_pytorch_to_pytorch_10.output.log,0,Success,生成成功,"Warning: torch._dynamo not found. Skipping specific dynamo configurations.
Skipping test: torch.compile is not available in this PyTorch version.
",
165105_pytorch_to_pytorch_2.output.log,0,Success,生成成功,"Test skipped: torch._dynamo is not available (requires PyTorch 2.0+).
",
165105_pytorch_to_pytorch_3.output.log,1,API Misuse,生成失败,"Warning: torch._dynamo or its config attributes are not available in this environment. Proceeding with default settings.
","Traceback (most recent call last):
  File ""/home/ubuntu/SYAN/GRADUATE/TeRL/Step4-RunTestCase/final-data/single_reuse_test_case/165105_pytorch_to_pytorch_3.output.py"", line 63, in <module>
    test_rnn_base_divergence()
  File ""/home/ubuntu/SYAN/GRADUATE/TeRL/Step4-RunTestCase/final-data/single_reuse_test_case/165105_pytorch_to_pytorch_3.output.py"", line 38, in test_rnn_base_divergence
    compiled_model = torch.compile(model)
AttributeError: module 'torch' has no attribute 'compile'
"
165105_pytorch_to_pytorch_4.output.log,0,Success,生成成功,"Test skipped: torch._dynamo is not available. This test requires PyTorch 2.0 or higher.
",
165105_pytorch_to_pytorch_5.output.log,1,API Misuse,生成失败,,"Traceback (most recent call last):
  File ""/home/ubuntu/SYAN/GRADUATE/TeRL/Step4-RunTestCase/final-data/single_reuse_test_case/165105_pytorch_to_pytorch_5.output.py"", line 32, in <module>
    compiled_fn = torch.compile(fuzzed_program)
AttributeError: module 'torch' has no attribute 'compile'
"
165105_pytorch_to_pytorch_6.output.log,0,Success,生成成功,"[Rank 0] torch._dynamo is not available. Skipping test (requires PyTorch 2.0+).
[Rank 1] torch._dynamo is not available. Skipping test (requires PyTorch 2.0+).
",
165105_pytorch_to_pytorch_7.output.log,0,Success,生成成功,"torch._dynamo not available (requires PyTorch 2.0+), skipping test.
",
165105_pytorch_to_pytorch_8.output.log,0,Success,生成成功,"Test skipped: torch._dynamo not available (requires PyTorch 2.0+)
",
165105_pytorch_to_pytorch_9.output.log,0,Success,生成成功,"Warning: torch._dynamo module not found. Proceeding with default configuration.
torch.compile is not available in this environment. Skipping compiled mode comparison.
",
165297_pytorch_to_pytorch_1.output.log,0,Success,生成成功,"Testing AvgPool2d with bfloat16 + channels_last...
  Passed: No NaNs or Infs detected.
Testing AvgPool2d with float32 + channels_last...
  Passed: No NaNs or Infs detected.
All tests passed.
",
165297_pytorch_to_pytorch_10.output.log,0,Success,生成成功,"Input tensor: contiguous=False, channels_last=True
Input stride: (31457280, 1, 61440, 64)
Output contains NaN? False
Output contains Inf? False
Stats: loss=0.8046875
Test passed: No NaNs detected.
",
165297_pytorch_to_pytorch_2.output.log,0,Success,生成成功,"Input tensor: contiguous=False, channels_last_3d=True
Input stride: (262144, 1, 16384, 512, 16)
Output contains NaN? False
Output contains Inf? False
Stats: min=-0.83984375, max=0.96875
",
165297_pytorch_to_pytorch_3.output.log,1,Unknown Failure,生成失败,,"Traceback (most recent call last):
  File ""/home/ubuntu/SYAN/GRADUATE/TeRL/Step4-RunTestCase/final-data/single_reuse_test_case/165297_pytorch_to_pytorch_3.output.py"", line 41, in <module>
    test_maxpool3d_nan()
  File ""/home/ubuntu/SYAN/GRADUATE/TeRL/Step4-RunTestCase/final-data/single_reuse_test_case/165297_pytorch_to_pytorch_3.output.py"", line 20, in test_maxpool3d_nan
    x = x.to(memory_format=torch.channels_last)
RuntimeError: required rank 4 tensor to use channels_last format
"
165297_pytorch_to_pytorch_4.output.log,0,Success,生成成功,"Input tensor: contiguous=False, shape=torch.Size([32, 64, 200000]), stride=(12800000, 1, 64)
Output contains NaN? False
Output contains Inf? False
Stats: min=-3.015625, max=6.03125
",
165297_pytorch_to_pytorch_5.output.log,0,Success,生成成功,"Input tensor: contiguous=True
Input shape: torch.Size([84, 64, 491520])
Output contains NaN? False
Output contains Inf? False
Stats: min=-3.421875, max=3.375
No NaNs detected.
",
165297_pytorch_to_pytorch_6.output.log,0,Success,生成成功,"Input tensor: contiguous=False, channels_last=True
Input stride: (31457280, 1, 61440, 64)
Output contains NaN? True
Output contains Inf? True
Stats: loss=9.183549615799121e-41
Detected NaNs in CrossEntropyLoss output!
","../aten/src/ATen/native/cuda/NLLLoss2d.cu:107: nll_loss2d_forward_kernel: block: [233,0,0], thread: [896,0,0] Assertion `input_index >= 0` failed.
../aten/src/ATen/native/cuda/NLLLoss2d.cu:107: nll_loss2d_forward_kernel: block: [233,0,0], thread: [897,0,0] Assertion `input_index >= 0` failed.
../aten/src/ATen/native/cuda/NLLLoss2d.cu:107: nll_loss2d_forward_kernel: block: [233,0,0], thread: [898,0,0] Assertion `input_index >= 0` failed.
../aten/src/ATen/native/cuda/NLLLoss2d.cu:107: nll_loss2d_f"
165297_pytorch_to_pytorch_7.output.log,0,Success,生成成功,"Input tensor: contiguous=False, channels_last=True
Input stride: (31457280, 1, 61440, 64)
Output contains NaN? False
Output contains Inf? False
Stats: min=0.2041015625, max=7.59375
",
165297_pytorch_to_pytorch_8.output.log,0,Success,生成成功,"Input tensor: contiguous=True
Input stride: (10000, 1)
Output contains NaN? False
Output contains Inf? False
Stats: loss=1.1953125
Test passed.
",
165297_pytorch_to_pytorch_9.output.log,0,Success,生成成功,"Input tensor: contiguous=False, channels_last=True
Input stride: (31457280, 1, 61440, 64)
Loss value: 9.183549615799121e-41
Loss contains NaN? True
Loss contains Inf? True
Detected NaNs or Infs in NLLLoss output!
","../aten/src/ATen/native/cuda/NLLLoss2d.cu:107: nll_loss2d_forward_kernel: block: [243,0,0], thread: [896,0,0] Assertion `input_index >= 0` failed.
../aten/src/ATen/native/cuda/NLLLoss2d.cu:107: nll_loss2d_forward_kernel: block: [243,0,0], thread: [897,0,0] Assertion `input_index >= 0` failed.
../aten/src/ATen/native/cuda/NLLLoss2d.cu:107: nll_loss2d_forward_kernel: block: [243,0,0], thread: [898,0,0] Assertion `input_index >= 0` failed.
../aten/src/ATen/native/cuda/NLLLoss2d.cu:107: nll_loss2d_f"
165549_pytorch_to_pytorch_1.output.log,0,Success,生成成功,"Skipping test: 'privateuse1' backend is not registered.
",
165549_pytorch_to_pytorch_10.output.log,0,Success,生成成功,"Skipping test: 'privateuse1' backend is not registered in this environment.
",
165549_pytorch_to_pytorch_2.output.log,0,Success,生成成功,"Skipping test: 'privateuse1' backend is not registered.
",
165549_pytorch_to_pytorch_3.output.log,0,Success,生成成功,,"s
----------------------------------------------------------------------
Ran 1 test in 0.000s

OK (skipped=1)
"
165549_pytorch_to_pytorch_4.output.log,0,Success,生成成功,"Skipping test: 'privateuse1' backend is not registered.
",
165549_pytorch_to_pytorch_5.output.log,0,Success,生成成功,"SKIP: 'privateuse1' backend is not registered. Skipping test.
",
165549_pytorch_to_pytorch_6.output.log,1,API Misuse,生成失败,,"Traceback (most recent call last):
  File ""/home/ubuntu/SYAN/GRADUATE/TeRL/Step4-RunTestCase/final-data/single_reuse_test_case/165549_pytorch_to_pytorch_6.output.py"", line 7, in <module>
    torch.register_privateuse1_backend(""privateuse1"")
AttributeError: module 'torch' has no attribute 'register_privateuse1_backend'
"
165549_pytorch_to_pytorch_7.output.log,1,API Misuse,生成失败,,"Traceback (most recent call last):
  File ""/home/ubuntu/SYAN/GRADUATE/TeRL/Step4-RunTestCase/final-data/single_reuse_test_case/165549_pytorch_to_pytorch_7.output.py"", line 6, in <module>
    if not torch._privateuse1_backend_registered:
AttributeError: module 'torch' has no attribute '_privateuse1_backend_registered'
"
165549_pytorch_to_pytorch_8.output.log,0,Success,生成成功,"Skipping test: 'privateuse1' backend is not registered.
",
165549_pytorch_to_pytorch_9.output.log,0,Success,生成成功,"Skipping test: privateuse1 backend not available.
",
165624_pytorch_to_pytorch_1.output.log,0,Success,生成成功,"Skipping test: torch._inductor module not found.
",
165624_pytorch_to_pytorch_10.output.log,0,Success,生成成功,"Test Passed: gather_object handles duplicate execution correctly.
",
165624_pytorch_to_pytorch_2.output.log,0,Success,生成成功,"Skipping test: torch._inductor module not found. This requires PyTorch 2.0+ with inductor support.
",
165624_pytorch_to_pytorch_3.output.log,1,Missing Dependency,执行失败,,"Traceback (most recent call last):
  File ""/home/ubuntu/SYAN/GRADUATE/TeRL/Step4-RunTestCase/final-data/single_reuse_test_case/165624_pytorch_to_pytorch_3.output.py"", line 7, in <module>
    from torch.library import impl_abstract, define, impl
ImportError: cannot import name 'impl_abstract' from 'torch.library' (/home/ubuntu/miniconda3/envs/TeRL-Running/lib/python3.7/site-packages/torch/library.py)

During handling of the above exception, another exception occurred:

Traceback (most recent call"
165624_pytorch_to_pytorch_4.output.log,0,Success,生成成功,"Skipping test: 'torch._inductor' module not found. This test requires a PyTorch build with inductor support.
",
165624_pytorch_to_pytorch_5.output.log,0,Success,生成成功,"Test skipped: torch._inductor module not found. This test requires a recent version of PyTorch (2.0+).
",
165624_pytorch_to_pytorch_6.output.log,0,Success,生成成功,"Skipping torch.compile test due to environment limitation: module 'torch' has no attribute 'compile'
",
165624_pytorch_to_pytorch_7.output.log,1,API Misuse,生成失败,,"Traceback (most recent call last):
  File ""/home/ubuntu/SYAN/GRADUATE/TeRL/Step4-RunTestCase/final-data/single_reuse_test_case/165624_pytorch_to_pytorch_7.output.py"", line 68, in <module>
    mp.spawn(run_test, args=(world_size,), nprocs=world_size, join=True)
  File ""/home/ubuntu/miniconda3/envs/TeRL-Running/lib/python3.7/site-packages/torch/multiprocessing/spawn.py"", line 240, in spawn
    return start_processes(fn, args, nprocs, join, daemon, start_method='spawn')
  File ""/home/ubuntu/minicon"
165624_pytorch_to_pytorch_8.output.log,0,Success,生成成功,,
165624_pytorch_to_pytorch_9.output.log,0,Success,生成成功,,
165649_pytorch_to_pytorch_1.output.log,0,Success,生成成功,"Input tensor: tensor([[[-9223372036854775808, -9223372036854775808, -9223372036854775808],
         [-9223372036854775808, -9223372036854775808, -9223372036854775808],
         [-9223372036854775808, -9223372036854775808, -9223372036854775808]],

        [[-9223372036854775808, -9223372036854775808, -9223372036854775808],
         [-9223372036854775808, -9223372036854775808, -9223372036854775808],
         [-9223372036854775808, -9223372036854775808, -9223372036854775808]]])
Batch1 tensor: tenso",
165649_pytorch_to_pytorch_10.output.log,0,Success,生成成功,"Rank 1 before broadcast: 0
Rank 0 before broadcast: -9223372036854775808
Rank 0 after broadcast: -9223372036854775808
Rank 1 after broadcast: -9223372036854775808
",
165649_pytorch_to_pytorch_2.output.log,0,Success,生成成功,"Rank 0: Test passed. torch.distributed.all_gather handled edge cases correctly.
Rank 1: Test passed. torch.distributed.all_gather handled edge cases correctly.
",
165649_pytorch_to_pytorch_3.output.log,0,Success,生成成功,"Rank 0 input tensor:
tensor([[-9223372036854775808, -9223372036854775808, -9223372036854775808],
        [-9223372036854775808, -9223372036854775808, -9223372036854775808]])
Rank 1 input tensor:
tensor([[-1, -1, -1],
        [-1, -1, -1]])
Rank 1 result after all_reduce:
tensor([[-9223372036854775808, -9223372036854775808, -9223372036854775808],
        [-9223372036854775808, -9223372036854775808, -9223372036854775808]])Rank 0 result after all_reduce:
tensor([[-9223372036854775808, -922337203685",
165649_pytorch_to_pytorch_4.output.log,0,Success,生成成功,"Rank 0 - Dividend tensor: Rank 1 - Dividend tensor: tensor([[-9223372036854775808, -9223372036854775808, -9223372036854775808],
        [-9223372036854775808, -9223372036854775808, -9223372036854775808]])tensor([[-9223372036854775808, -9223372036854775808, -9223372036854775808],
        [-9223372036854775808, -9223372036854775808, -9223372036854775808]])

Rank 0 - Divisor tensor:Rank 1 - Divisor tensor:  tensor([-1, -1, -1])tensor([-1, -1, -1])

Rank 0 - Exception occurred: Invalid function argu",
165649_pytorch_to_pytorch_5.output.log,0,Success,生成成功,"Dividend tensor: tensor([[-9223372036854775808, -9223372036854775808, -9223372036854775808],
        [-9223372036854775808, -9223372036854775808, -9223372036854775808]])
Divisor tensor: tensor([-1, -1, -1])
Result: (tensor([[-9223372036854775808, -9223372036854775808, -9223372036854775808],
        [-9223372036854775808, -9223372036854775808, -9223372036854775808]]), tensor([-1, -1, -1]))
Test passed: torch.atleast_1d handled the inputs correctly without crashing.
",
165649_pytorch_to_pytorch_6.output.log,0,Success,生成成功,"Dividend tensor: tensor([[-9223372036854775808, -9223372036854775808, -9223372036854775808],
        [-9223372036854775808, -9223372036854775808, -9223372036854775808]])
Divisor tensor: tensor([-1, -1, -1])
Result: (tensor([[[-9223372036854775808],
         [-9223372036854775808],
         [-9223372036854775808]],

        [[-9223372036854775808],
         [-9223372036854775808],
         [-9223372036854775808]]]), tensor([[[-1],
         [-1],
         [-1]]]))
",
165649_pytorch_to_pytorch_7.output.log,0,Success,生成成功,"Dividend tensor: tensor([[-9223372036854775808, -9223372036854775808, -9223372036854775808],
        [-9223372036854775808, -9223372036854775808, -9223372036854775808]])
Divisor tensor: tensor([-1, -1, -1])
Result (dividend): tensor([[-9223372036854775808, -9223372036854775808, -9223372036854775808],
        [-9223372036854775808, -9223372036854775808, -9223372036854775808]])
Result (divisor): tensor([-1, -1, -1])
Result (list): tensor([-9223372036854775808,                   -1])
Test passed: t",
165649_pytorch_to_pytorch_8.output.log,0,Success,生成成功,"Dividend tensor: tensor([[-9223372036854775808, -9223372036854775808, -9223372036854775808],
        [-9223372036854775808, -9223372036854775808, -9223372036854775808]])
Divisor tensor: tensor([-1, -1, -1])
Result: (tensor([[-9223372036854775808, -9223372036854775808, -9223372036854775808],
        [-9223372036854775808, -9223372036854775808, -9223372036854775808]]), tensor([[-1, -1, -1]]))
Test passed.
",
165649_pytorch_to_pytorch_9.output.log,0,Success,生成成功,"Dividend tensor: tensor([[-9223372036854775808, -9223372036854775808, -9223372036854775808],
        [-9223372036854775808, -9223372036854775808, -9223372036854775808]])
Divisor tensor: tensor([-1, -1, -1])
Result: tensor([[-9223372036854775808, -9223372036854775808, -9223372036854775808,
         -9223372036854775808, -9223372036854775808, -9223372036854775808],
        [-9223372036854775808, -9223372036854775808, -9223372036854775808,
         -9223372036854775808, -9223372036854775808, -92233",
165749_pytorch_to_pytorch_1.output.log,0,Success,生成成功,,
165749_pytorch_to_pytorch_10.output.log,0,Success,生成成功,"Warning: torch.compile is not available (requires PyTorch >= 2.0). Running without compilation.
Test passed: torch.distributed.gather_object works with torch.compile and d=65
",
165749_pytorch_to_pytorch_2.output.log,1,API Misuse,生成失败,,"Traceback (most recent call last):
  File ""/home/ubuntu/SYAN/GRADUATE/TeRL/Step4-RunTestCase/final-data/single_reuse_test_case/165749_pytorch_to_pytorch_2.output.py"", line 12, in <module>
    model = torch.compile(weight_norm(nn.Conv2d(2, d, 2)).train().cuda())
AttributeError: module 'torch' has no attribute 'compile'
"
165749_pytorch_to_pytorch_3.output.log,0,Success,生成成功,"Skipping test: PyTorch 2.0+ is required for torch.compile and torch.library.impl_abstract.
",
165749_pytorch_to_pytorch_4.output.log,1,Unknown Failure,生成失败,,"Traceback (most recent call last):
  File ""/home/ubuntu/SYAN/GRADUATE/TeRL/Step4-RunTestCase/final-data/single_reuse_test_case/165749_pytorch_to_pytorch_4.output.py"", line 32, in <module>
    opt = SGD(model.parameters())
  File ""/home/ubuntu/miniconda3/envs/TeRL-Running/lib/python3.7/site-packages/torch/optim/sgd.py"", line 109, in __init__
    super(SGD, self).__init__(params, defaults)
  File ""/home/ubuntu/miniconda3/envs/TeRL-Running/lib/python3.7/site-packages/torch/optim/optimizer.py"", line"
165749_pytorch_to_pytorch_5.output.log,1,API Misuse,生成失败,,"Traceback (most recent call last):
  File ""/home/ubuntu/SYAN/GRADUATE/TeRL/Step4-RunTestCase/final-data/single_reuse_test_case/165749_pytorch_to_pytorch_5.output.py"", line 22, in <module>
    model = torch.compile(AnyConvModel().train().cuda())
AttributeError: module 'torch' has no attribute 'compile'
"
165749_pytorch_to_pytorch_6.output.log,0,Success,生成成功,"Test passed: torch.lobpcg works with eager mode (torch.compile not available) and backward pass.
",
165749_pytorch_to_pytorch_7.output.log,0,Success,生成成功,"Rank 1: Error during recv_object_list: module 'torch.distributed' has no attribute 'recv_object_list'
Rank 0: Error during compiled send_object_list: module 'torch' has no attribute 'compile'
",
165749_pytorch_to_pytorch_8.output.log,0,Success,生成成功,"Skipping test: send_object_list/recv_object_list not available in this PyTorch version.
",
165749_pytorch_to_pytorch_9.output.log,0,Success,生成成功,"Rank 0 passed assertions.
Rank 1 passed assertions.
",
165854_pytorch_to_pytorch_1.output.log,0,Success,生成成功,"Rank 0: torch.compile not available (requires PyTorch 2.0+). Running uncompiled.
Rank 0: Running distributed reduce with dynamic sizes on cuda:0, dtype=torch.float16
Rank 0: Testing sizes: [4, 8, 4, 16, 4] (uncompiled)

Rank 0: Iteration 1:
  Rank 0: Running with N=4
Rank 1: torch.compile not available (requires PyTorch 2.0+). Running uncompiled.
Rank 1: Running distributed reduce with dynamic sizes on cuda:1, dtype=torch.float16
Rank 1: Testing sizes: [4, 8, 4, 16, 4] (uncompiled)

Rank 1: Iter",
165854_pytorch_to_pytorch_10.output.log,0,Success,生成成功,"Running gather_object with dynamic data sizes
Testing sizes: [4, 8, 4, 16, 4]

Iteration 1:
  Rank 0: Running with size=4, local_obj=[0, 1, 2, 3]
Running gather_object with dynamic data sizes
Testing sizes: [4, 8, 4, 16, 4]

Iteration 1:
  Rank 1: Running with size=4, local_obj=[4, 5, 6, 7]
Iteration 2:
  Rank 1: Running with size=8, local_obj=[8, 9, 10, 11, 12, 13, 14, 15]
   Rank 0: Verified gather for size=4
Iteration 2:
  Rank 0: Running with size=8, local_obj=[0, 1, 2, 3, 4, 5, 6, 7]
Iterat",
165854_pytorch_to_pytorch_2.output.log,0,Success,生成成功,"Warning: torch.compile not found (PyTorch < 2.0). Using eager mode (pass-through mock).
Running torch.prod with dynamic sizes on cuda, dtype=torch.float16
Testing sizes: [4, 8, 4, 16, 4]

Iteration 1:
  Running with N=4, scale.shape=torch.Size([4])
   Completed 5 iterations
Iteration 2:
  Running with N=8, scale.shape=torch.Size([8])
   Completed 5 iterations
Iteration 3:
  Running with N=4, scale.shape=torch.Size([4])
   Completed 5 iterations
Iteration 4:
  Running with N=16, scale.shape=torch",
165854_pytorch_to_pytorch_3.output.log,1,API Misuse,生成失败,,"Traceback (most recent call last):
  File ""/home/ubuntu/SYAN/GRADUATE/TeRL/Step4-RunTestCase/final-data/single_reuse_test_case/165854_pytorch_to_pytorch_3.output.py"", line 18, in <module>
    @torch.library.register_fake(""test_dyn::dynamic_buffer_op"")
AttributeError: module 'torch.library' has no attribute 'register_fake'
"
165854_pytorch_to_pytorch_4.output.log,1,Execution Failure,生成失败,"torch.compile is not available (requires PyTorch 2.0+). Running in eager mode.
Running torch.all with dynamic sizes on cuda, dtype=torch.float16
Testing sizes: [4, 8, 4, 16, 4]

Iteration 1:
  Running with N=4, x.shape=torch.Size([4])
","Traceback (most recent call last):
  File ""/home/ubuntu/SYAN/GRADUATE/TeRL/Step4-RunTestCase/final-data/single_reuse_test_case/165854_pytorch_to_pytorch_4.output.py"", line 58, in <module>
    main()
  File ""/home/ubuntu/SYAN/GRADUATE/TeRL/Step4-RunTestCase/final-data/single_reuse_test_case/165854_pytorch_to_pytorch_4.output.py"", line 54, in main
    run_with_size(compiled_all, N, device, dtype)
  File ""/home/ubuntu/SYAN/GRADUATE/TeRL/Step4-RunTestCase/final-data/single_reuse_test_case/165854_pyt"
165854_pytorch_to_pytorch_5.output.log,0,Success,生成成功,"torch.compile is not available (requires PyTorch 2.0+). Running without compilation.
Running torch.any with dynamic sizes on cuda, dtype=torch.float16
Testing sizes: [4, 8, 4, 16, 4]

Iteration 1:
  Running with N=4, buffer.shape=torch.Size([4])
   Completed 5 iterations
Iteration 2:
  Running with N=8, buffer.shape=torch.Size([8])
   Completed 5 iterations
Iteration 3:
  Running with N=4, buffer.shape=torch.Size([4])
   Completed 5 iterations
Iteration 4:
  Running with N=16, buffer.shape=torch",
165854_pytorch_to_pytorch_6.output.log,0,Success,生成成功,"torch.compile is not available (requires PyTorch 2.0+). Running in eager mode.
Running lobpcg with dynamic k on cuda, dtype=torch.float32
Testing k values: [4, 8, 4, 16, 4]

Iteration 1:
  Running with k=4, buffer.shape=torch.Size([4])
   Completed 5 iterations
Iteration 2:
  Running with k=8, buffer.shape=torch.Size([8])
   Completed 5 iterations
Iteration 3:
  Running with k=4, buffer.shape=torch.Size([4])
   Completed 5 iterations
Iteration 4:
  Running with k=16, buffer.shape=torch.Size([16]",
165854_pytorch_to_pytorch_7.output.log,1,API Misuse,生成失败,"Running send_object_list with dynamic sizes on rank 0, device=cpu
Testing sizes: [4, 8, 4, 16, 4]

Iteration 1:
Running send_object_list with dynamic sizes on rank 1, device=cpu
Testing sizes: [4, 8, 4, 16, 4]

  Running with H=4, dynamic_buffer.shape=torch.Size([4])
","Traceback (most recent call last):
  File ""/home/ubuntu/SYAN/GRADUATE/TeRL/Step4-RunTestCase/final-data/single_reuse_test_case/165854_pytorch_to_pytorch_7.output.py"", line 66, in <module>
    main()
  File ""/home/ubuntu/SYAN/GRADUATE/TeRL/Step4-RunTestCase/final-data/single_reuse_test_case/165854_pytorch_to_pytorch_7.output.py"", line 62, in main
    mp.spawn(setup_and_run, args=(world_size, device, dtype, sizes), nprocs=world_size, join=True)
  File ""/home/ubuntu/miniconda3/envs/TeRL-Running/lib"
165854_pytorch_to_pytorch_8.output.log,0,Success,生成成功,"Patching torch.distributed with fallback send/recv_object_list implementations...
Patching torch.distributed with fallback send/recv_object_list implementations...
Patching torch.distributed with fallback send/recv_object_list implementations...
Compilation failed (expected in some versions): module 'torch' has no attribute 'compile'
Rank 1: Running recv_object_list with dynamic sizes
Testing sizes: [4, 8, 4, 16, 4]

Iteration 1:
  Rank 1: Receiving with size=4, object_list length=4
  Rank 1:  C",
165854_pytorch_to_pytorch_9.output.log,0,Success,生成成功,"Running broadcast_object_list with dynamic sizes on rank 0
Testing sizes: [4, 8, 4, 16, 4]

Iteration 1:
Running broadcast_object_list with dynamic sizes on rank 1
Testing sizes: [4, 8, 4, 16, 4]

Iteration 1:
  Rank 0: Broadcasting with size=4, buffer.shape=torch.Size([4])
  Rank 0:  Verified broadcast for size=4
Iteration 2:
  Rank 0: Broadcasting with size=8, buffer.shape=torch.Size([8])
  Rank 1:  Verified broadcast for size=4
Iteration 2:
  Rank 0:  Verified broadcast for size=8
Iteration 3",
165861_pytorch_to_pytorch_1.output.log,0,Success,生成成功,"conv1d reflect padding ok
conv1d zeros padding ok
",
165861_pytorch_to_pytorch_10.output.log,0,Success,生成成功,"grid_sample with reflection padding ok
grid_sample with zeros padding ok
","/home/ubuntu/miniconda3/envs/TeRL-Running/lib/python3.7/site-packages/torch/nn/functional.py:4228: UserWarning: Default grid_sample and affine_grid behavior has changed to align_corners=False since 1.3.0. Please specify align_corners=True if the old behavior is desired. See the documentation of grid_sample for details.
  ""Default grid_sample and affine_grid behavior has changed ""
"
165861_pytorch_to_pytorch_2.output.log,0,Success,生成成功,"MaxUnpool3d with large batch dimension succeeded
",
165861_pytorch_to_pytorch_3.output.log,0,Success,生成成功,"conv3d reflect padding ok
conv3d constant padding ok
",
165861_pytorch_to_pytorch_4.output.log,0,Success,生成成功,"conv2d reflect: OK
conv2d zeros: OK
conv2d replicate: OK
",
165861_pytorch_to_pytorch_5.output.log,0,Success,生成成功,"CosineEmbeddingLoss test passed with batch size 65536. Loss: 0.4990466237068176
",
165861_pytorch_to_pytorch_6.output.log,0,Success,生成成功,"Testing MaxUnpool2d with dimensions > 65536 on cuda...

1. Testing large batch dimension...
   Large Batch Dimension: OK

2. Testing large spatial dimension...
   Large Spatial Dimension: FAILED with 
",
165861_pytorch_to_pytorch_7.output.log,0,Success,生成成功,"gammainc ok
",
165861_pytorch_to_pytorch_8.output.log,0,Success,生成成功,"Testing torch.special.gammaincc with large dimensions on CUDA...
Case 1 (2**16, 2): Passed
Case 2 (1, 2**16, 2): Passed
Case 3 (Broadcasting 2**16): Passed
Case 4 (2**16 - 1, 2): Passed
",
165861_pytorch_to_pytorch_9.output.log,0,Success,生成成功,"MSELoss with large batch dimension ok
",
165964_pytorch_to_pytorch_1.output.log,0,Success,生成成功,"Test passed.
",
165964_pytorch_to_pytorch_10.output.log,0,Success,生成成功,"1.0
",
165964_pytorch_to_pytorch_2.output.log,0,Success,生成成功,"Test passed: torch.eye(1, device='cuda') executed successfully.
",
165964_pytorch_to_pytorch_3.output.log,0,Success,生成成功,"0.0
",
165964_pytorch_to_pytorch_4.output.log,0,Success,生成成功,"-0.34298160672187805
",
165964_pytorch_to_pytorch_5.output.log,0,Success,生成成功,"1.0
",
165964_pytorch_to_pytorch_6.output.log,0,Success,生成成功,"1.0
",
165964_pytorch_to_pytorch_7.output.log,0,Success,生成成功,"Sign: 1.0, LogAbsDet: 0.0
",
165964_pytorch_to_pytorch_8.output.log,0,Success,生成成功,"1.0
",
165964_pytorch_to_pytorch_9.output.log,0,Success,生成成功,"tensor([[2., 2.],
        [2., 2.]], device='cuda:0')
",
166042_pytorch_to_pytorch_1.output.log,0,Success,生成成功,"Warning: torch._dynamo is not available in this PyTorch version. Skipping config.
Testing Eager mode...
Eager mode error: Expected tensor for argument #1 'indices' to have one of the following scalar types: Long, Int; but got CUDABFloat16Type instead (while checking arguments for embedding_bag_cuda)

Testing Compiled mode...
torch.compile is not available in this PyTorch version. Skipping compiled mode test.
",
166042_pytorch_to_pytorch_10.output.log,1,API Misuse,生成失败,"Eager execution passed.
Compiled execution failed: module 'torch' has no attribute 'compile'
","Traceback (most recent call last):
  File ""/home/ubuntu/SYAN/GRADUATE/TeRL/Step4-RunTestCase/final-data/single_reuse_test_case/166042_pytorch_to_pytorch_10.output.py"", line 51, in <module>
    test_feature_alpha_dropout()
  File ""/home/ubuntu/SYAN/GRADUATE/TeRL/Step4-RunTestCase/final-data/single_reuse_test_case/166042_pytorch_to_pytorch_10.output.py"", line 37, in test_feature_alpha_dropout
    compiled_model = torch.compile(run_model)
AttributeError: module 'torch' has no attribute 'compile'
"
166042_pytorch_to_pytorch_2.output.log,0,Success,生成成功,"Testing Eager mode...
Eager Exception: ""nll_loss_forward_reduce_cuda_kernel_2d_index"" not implemented for 'BFloat16'

Testing Compiled mode...
Compiled Exception: module 'torch' has no attribute 'compile'
",
166042_pytorch_to_pytorch_3.output.log,0,Success,生成成功,"Warning: torch._dynamo is not available. Skipping dynamo configuration.
Eager execution successful.
Skipping compiled execution (torch.compile not available).
",
166042_pytorch_to_pytorch_4.output.log,0,Success,生成成功,"torch.compile is not available (requires PyTorch 2.0+). Skipping test.
",
166042_pytorch_to_pytorch_5.output.log,0,Success,生成成功,"Skipping test: torch._dynamo is not available in this environment.
",
166042_pytorch_to_pytorch_6.output.log,0,Success,生成成功,"torch.compile is not available in this environment. Skipping compilation test.
Eager execution error: ""nll_loss_forward_reduce_cuda_kernel_2d_index"" not implemented for 'BFloat16'
",
166042_pytorch_to_pytorch_7.output.log,0,Success,生成成功,"This test requires torch._dynamo (PyTorch 2.0+). Skipping.
",
166042_pytorch_to_pytorch_8.output.log,0,Success,生成成功,"Test requires torch.compile (PyTorch 2.0+) to run.
",
166042_pytorch_to_pytorch_9.output.log,0,Success,生成成功,"Test requires PyTorch 2.x (torch.compile) to run. Skipping.
",
166245_pytorch_to_pytorch_1.output.log,0,Success,生成成功,"Test passed.
",
166245_pytorch_to_pytorch_10.output.log,1,Environment Failure,生成失败,,"Traceback (most recent call last):
  File ""/home/ubuntu/SYAN/GRADUATE/TeRL/Step4-RunTestCase/final-data/single_reuse_test_case/166245_pytorch_to_pytorch_10.output.py"", line 105, in <module>
    mp.spawn(run_test, args=(world_size,), nprocs=world_size, join=True)
  File ""/home/ubuntu/miniconda3/envs/TeRL-Running/lib/python3.7/site-packages/torch/multiprocessing/spawn.py"", line 240, in spawn
    return start_processes(fn, args, nprocs, join, daemon, start_method='spawn')
  File ""/home/ubuntu/minic"
166245_pytorch_to_pytorch_2.output.log,0,Success,生成成功,,"s
----------------------------------------------------------------------
Ran 1 test in 0.000s

OK (skipped=1)
"
166245_pytorch_to_pytorch_3.output.log,0,Success,生成成功,"Warning: torch._dynamo is not available in this environment. Skipping compilation test.
Test Skipped: torch._dynamo module not found.
",
166245_pytorch_to_pytorch_4.output.log,1,API Misuse,生成失败,,"Traceback (most recent call last):
  File ""/home/ubuntu/SYAN/GRADUATE/TeRL/Step4-RunTestCase/final-data/single_reuse_test_case/166245_pytorch_to_pytorch_4.output.py"", line 74, in <module>
    compiled_fn = torch.compile(fuzzed_program)
AttributeError: module 'torch' has no attribute 'compile'
"
166245_pytorch_to_pytorch_5.output.log,0,Success,生成成功,"torch._dynamo not available, skipping test.
",
166245_pytorch_to_pytorch_6.output.log,0,Success,生成成功,"torch._dynamo not available, skipping test.
",
166245_pytorch_to_pytorch_7.output.log,1,Unknown Failure,生成失败,,"Traceback (most recent call last):
  File ""/home/ubuntu/SYAN/GRADUATE/TeRL/Step4-RunTestCase/final-data/single_reuse_test_case/166245_pytorch_to_pytorch_7.output.py"", line 61, in <module>
    arg_0 = torch.randn(15, 108, 4, dtype=torch.int16, device=device)
RuntimeError: ""normal_kernel_cuda"" not implemented for 'Short'
"
166245_pytorch_to_pytorch_8.output.log,0,Success,生成成功,"Warning: torch._dynamo module not found. Skipping Dynamo-specific test.
Test skipped: torch._dynamo is not available.
",
166245_pytorch_to_pytorch_9.output.log,1,Unknown Failure,生成失败,,"Traceback (most recent call last):
  File ""/home/ubuntu/SYAN/GRADUATE/TeRL/Step4-RunTestCase/final-data/single_reuse_test_case/166245_pytorch_to_pytorch_9.output.py"", line 71, in <module>
    base_arg_0 = torch.randn(15, 4, 108, dtype=torch.int16, device='cuda')
RuntimeError: ""normal_kernel_cuda"" not implemented for 'Short'
"
166253_pytorch_to_pytorch_1.output.log,0,Success,生成成功,"No JIT:
tensor(5., dtype=torch.float64)
tensor(10., dtype=torch.float64)
JIT:
tensor(5., dtype=torch.float64)
tensor(10., dtype=torch.float64)
",
166253_pytorch_to_pytorch_10.output.log,0,Success,生成成功,"torch.compile is not available (requires PyTorch >= 2.0). Skipping JIT test.
Testing torch.rand_like with torch.compile and dtype=torch.float64

No JIT:
tensor([0.7925, 0.7535], dtype=torch.float64)
tensor([0.8276, 0.6122], dtype=torch.float64)

Test passed successfully.
",
166253_pytorch_to_pytorch_2.output.log,0,Success,生成成功,"Warning: torch.compile is not available in this PyTorch version. Skipping JIT compilation test.
Test passed.
",
166253_pytorch_to_pytorch_3.output.log,1,Unknown Failure,生成失败,"Note: torch.compile not found. Using torch.jit.script (fallback) for compatibility.
No JIT:
Range [0, 5): tensor([2, 2])
Range [10, 20): tensor([19, 13])

With JIT (torch.jit.script (fallback)):
","Traceback (most recent call last):
  File ""/home/ubuntu/SYAN/GRADUATE/TeRL/Step4-RunTestCase/final-data/single_reuse_test_case/166253_pytorch_to_pytorch_3.output.py"", line 32, in <module>
    y1 = func_jit(0, 5)
RuntimeError: func_nojit() Expected a value of type 'Tensor (inferred)' for argument 'low' but instead found type 'int'.
Inferred 'low' to be of type 'Tensor' because it was not annotated with an explicit type.
Position: 0
Value: 0
Declaration: func_nojit(Tensor low, Tensor high) -> Tens"
166253_pytorch_to_pytorch_4.output.log,0,Success,生成成功,"Warning: torch.compile not found (requires PyTorch 2.0+). Using torch.jit.script as fallback.
All assertions passed.
",
166253_pytorch_to_pytorch_5.output.log,0,Success,生成成功,"Skipping test: torch.compile is not available (requires PyTorch 2.0+).
",
166253_pytorch_to_pytorch_6.output.log,0,Success,生成成功,"Test skipped: torch.compile is not available (requires PyTorch 2.0+).
",
166253_pytorch_to_pytorch_7.output.log,0,Success,生成成功,"All tests passed.
",
166253_pytorch_to_pytorch_8.output.log,0,Success,生成成功,"Warning: torch.compile is not available in this PyTorch version. Skipping JIT test.
tensor(10., dtype=torch.float64)
tensor(20., dtype=torch.float64)
",
166253_pytorch_to_pytorch_9.output.log,0,Success,生成成功,"Skipping torch.compile test (requires PyTorch 2.0+)
Testing func_nojit
  is_complex(float64): False
  is_complex(complex128): True
",
166270_pytorch_to_pytorch_1.output.log,0,Success,生成成功,"Skipping torch._dynamo config (requires PyTorch 2.0+)
Testing Eager...
 eager success
Skipping Compile test (torch.compile not available, requires PyTorch 2.0+)
",
166270_pytorch_to_pytorch_10.output.log,1,API Misuse,生成失败," eager success
","Traceback (most recent call last):
  File ""/home/ubuntu/SYAN/GRADUATE/TeRL/Step4-RunTestCase/final-data/single_reuse_test_case/166270_pytorch_to_pytorch_10.output.py"", line 39, in <module>
    compiled_program = torch.compile(fuzzed_program, fullgraph=True, dynamic=True)
AttributeError: module 'torch' has no attribute 'compile'
"
166270_pytorch_to_pytorch_2.output.log,1,API Misuse,生成失败,"Using device: cuda
 eager success
","/home/ubuntu/miniconda3/envs/TeRL-Running/lib/python3.7/site-packages/torch/nn/modules/lazy.py:180: UserWarning: Lazy modules are a new feature under heavy development so changes to the API or functionality can happen at any moment.
  warnings.warn('Lazy modules are a new feature under heavy development '
Traceback (most recent call last):
  File ""/home/ubuntu/SYAN/GRADUATE/TeRL/Step4-RunTestCase/final-data/single_reuse_test_case/166270_pytorch_to_pytorch_2.output.py"", line 50, in <module>
    c"
166270_pytorch_to_pytorch_3.output.log,0,Success,生成成功,"Skipping test: torch.compile is not available (requires PyTorch 2.0+)
",
166270_pytorch_to_pytorch_4.output.log,1,API Misuse,生成失败," eager success
","Traceback (most recent call last):
  File ""/home/ubuntu/SYAN/GRADUATE/TeRL/Step4-RunTestCase/final-data/single_reuse_test_case/166270_pytorch_to_pytorch_4.output.py"", line 49, in <module>
    compiled_program = torch.compile(fuzzed_program, fullgraph=True, dynamic=True)
AttributeError: module 'torch' has no attribute 'compile'
"
166270_pytorch_to_pytorch_5.output.log,0,Success,生成成功," eager success
 compile skipped (torch.compile not available)
",
166270_pytorch_to_pytorch_6.output.log,1,API Misuse,生成失败," eager success
","Traceback (most recent call last):
  File ""/home/ubuntu/SYAN/GRADUATE/TeRL/Step4-RunTestCase/final-data/single_reuse_test_case/166270_pytorch_to_pytorch_6.output.py"", line 41, in <module>
    compiled_program = torch.compile(fuzzed_program, fullgraph=True, dynamic=True)
AttributeError: module 'torch' has no attribute 'compile'
"
166270_pytorch_to_pytorch_7.output.log,1,API Misuse,生成失败,,"Traceback (most recent call last):
  File ""/home/ubuntu/SYAN/GRADUATE/TeRL/Step4-RunTestCase/final-data/single_reuse_test_case/166270_pytorch_to_pytorch_7.output.py"", line 39, in <module>
    result_original = fuzzed_program(*args)
  File ""/home/ubuntu/SYAN/GRADUATE/TeRL/Step4-RunTestCase/final-data/single_reuse_test_case/166270_pytorch_to_pytorch_7.output.py"", line 20, in fuzzed_program
    cseq = [boolean(), boolean()]
TypeError: '_Boolean' object is not callable
"
166270_pytorch_to_pytorch_8.output.log,1,API Misuse,生成失败," eager success
","Traceback (most recent call last):
  File ""/home/ubuntu/SYAN/GRADUATE/TeRL/Step4-RunTestCase/final-data/single_reuse_test_case/166270_pytorch_to_pytorch_8.output.py"", line 40, in <module>
    compiled_program = torch.compile(fuzzed_program, fullgraph=True, dynamic=True)
AttributeError: module 'torch' has no attribute 'compile'
"
166270_pytorch_to_pytorch_9.output.log,0,Success,生成成功,"Warning: torch._dynamo is not available. Skipping compilation steps.
 eager success
 compile skipped (torch._dynamo or torch.compile not available)
",
166279_pytorch_to_pytorch_1.output.log,0,Success,生成成功," eager success
 compile skipped (torch.compile not available)
",
166279_pytorch_to_pytorch_10.output.log,0,Success,生成成功," eager success
Warning: torch.compile is not available in this environment. Skipping compiled execution and assertion.
",
166279_pytorch_to_pytorch_2.output.log,0,Success,生成成功," eager success
 compile failed: module 'torch' has no attribute 'compile'
",
166279_pytorch_to_pytorch_3.output.log,0,Success,生成成功,"Warning: torch._dynamo not found. Skipping dynamo config. PyTorch version might be < 2.0.
Running eager execution...
 eager success
Running compiled execution...
Skipping compiled execution: torch.compile is not available.
 Test skipped: Cannot verify compiled results without torch.compile.
",
166279_pytorch_to_pytorch_4.output.log,0,Success,生成成功,"Warning: torch._dynamo not found. Skipping dynamo configuration.
 eager success
Skipping compiled mode: module 'torch' has no attribute 'compile'
Test requires PyTorch 2.0+
",
166279_pytorch_to_pytorch_5.output.log,1,API Misuse,生成失败," eager success
","Traceback (most recent call last):
  File ""/home/ubuntu/SYAN/GRADUATE/TeRL/Step4-RunTestCase/final-data/single_reuse_test_case/166279_pytorch_to_pytorch_5.output.py"", line 44, in <module>
    compiled_program = torch.compile(fuzzed_program, fullgraph=True, dynamic=True)
AttributeError: module 'torch' has no attribute 'compile'
"
166279_pytorch_to_pytorch_6.output.log,1,Unknown Failure,生成失败,,"Traceback (most recent call last):
  File ""/home/ubuntu/SYAN/GRADUATE/TeRL/Step4-RunTestCase/final-data/single_reuse_test_case/166279_pytorch_to_pytorch_6.output.py"", line 51, in <module>
    result_original = fuzzed_program(*args)
  File ""/home/ubuntu/SYAN/GRADUATE/TeRL/Step4-RunTestCase/final-data/single_reuse_test_case/166279_pytorch_to_pytorch_6.output.py"", line 30, in fuzzed_program
    var_node_1 = torch.cat([var_node_2, var_node_4, var_node_8], dim=0) # size=(28,), stride=(1,), dtype=bool"
166279_pytorch_to_pytorch_7.output.log,0,Success,生成成功,"torch.compile not available (PyTorch < 2.0), skipping test.
",
166279_pytorch_to_pytorch_8.output.log,1,API Misuse,生成失败," eager success
 compile failed: module 'torch' has no attribute 'compile'
","Traceback (most recent call last):
  File ""/home/ubuntu/SYAN/GRADUATE/TeRL/Step4-RunTestCase/final-data/single_reuse_test_case/166279_pytorch_to_pytorch_8.output.py"", line 63, in <module>
    compiled_program = torch.compile(fuzzed_program, fullgraph=True, dynamic=True)
AttributeError: module 'torch' has no attribute 'compile'
"
166279_pytorch_to_pytorch_9.output.log,0,Success,生成成功," eager success
 compile failed: module 'torch' has no attribute 'compile'
",
166290_pytorch_to_pytorch_1.output.log,0,Success,生成成功,"Warning: torch._dynamo is not available in this PyTorch version. Skipping dynamo config.
 eager success
Skipping torch.compile test as it is not available in this environment.
",
166290_pytorch_to_pytorch_10.output.log,1,API Misuse,生成失败,,"Traceback (most recent call last):
  File ""/home/ubuntu/SYAN/GRADUATE/TeRL/Step4-RunTestCase/final-data/single_reuse_test_case/166290_pytorch_to_pytorch_10.output.py"", line 4, in <module>
    torch._dynamo.config.capture_scalar_outputs = True
AttributeError: module 'torch' has no attribute '_dynamo'
"
166290_pytorch_to_pytorch_2.output.log,0,Success,生成成功,"Warning: torch._dynamo not found. Skipping dynamo config.
 eager failed: ""addmm_cuda"" not implemented for 'Bool'
 compile skipped: torch.compile not available
","/home/ubuntu/miniconda3/envs/TeRL-Running/lib/python3.7/site-packages/torch/nn/modules/lazy.py:180: UserWarning: Lazy modules are a new feature under heavy development so changes to the API or functionality can happen at any moment.
  warnings.warn('Lazy modules are a new feature under heavy development '
"
166290_pytorch_to_pytorch_3.output.log,1,Environment Failure,生成失败,"Warning: torch._dynamo not found. Skipping dynamo configuration.
 eager failed: index out of range in self
","Traceback (most recent call last):
  File ""/home/ubuntu/SYAN/GRADUATE/TeRL/Step4-RunTestCase/final-data/single_reuse_test_case/166290_pytorch_to_pytorch_3.output.py"", line 48, in <module>
    result_original = fuzzed_program(*args)
  File ""/home/ubuntu/SYAN/GRADUATE/TeRL/Step4-RunTestCase/final-data/single_reuse_test_case/166290_pytorch_to_pytorch_3.output.py"", line 28, in fuzzed_program
    var_node_0 = torch.index_select(var_node_1, 0, _index_var_node_1)
IndexError: index out of range in self
"
166290_pytorch_to_pytorch_4.output.log,0,Success,生成成功,"Warning: torch._dynamo is not available. Compilation test will be skipped.
 eager success
 compile skipped: torch._dynamo not available
",
166290_pytorch_to_pytorch_5.output.log,0,Success,生成成功,"Warning: torch._dynamo not found. Skipping dynamo config.
 eager success
 compile skipped: torch.compile not available
",
166290_pytorch_to_pytorch_6.output.log,1,API Misuse,生成失败,,"Traceback (most recent call last):
  File ""/home/ubuntu/SYAN/GRADUATE/TeRL/Step4-RunTestCase/final-data/single_reuse_test_case/166290_pytorch_to_pytorch_6.output.py"", line 3, in <module>
    torch._dynamo.config.capture_scalar_outputs = True
AttributeError: module 'torch' has no attribute '_dynamo'
"
166290_pytorch_to_pytorch_7.output.log,0,Success,生成成功,"Using device: cuda
 eager success
 compile skipped: torch.compile not available in this PyTorch version
",
166290_pytorch_to_pytorch_8.output.log,1,API Misuse,生成失败," eager success
","Traceback (most recent call last):
  File ""/home/ubuntu/SYAN/GRADUATE/TeRL/Step4-RunTestCase/final-data/single_reuse_test_case/166290_pytorch_to_pytorch_8.output.py"", line 47, in <module>
    compiled_program = torch.compile(fuzzed_program, fullgraph=True, dynamic=True)
AttributeError: module 'torch' has no attribute 'compile'
"
166290_pytorch_to_pytorch_9.output.log,1,API Misuse,生成失败," eager success
","Traceback (most recent call last):
  File ""/home/ubuntu/SYAN/GRADUATE/TeRL/Step4-RunTestCase/final-data/single_reuse_test_case/166290_pytorch_to_pytorch_9.output.py"", line 49, in <module>
    compiled_program = torch.compile(fuzzed_program, fullgraph=True, dynamic=True)
AttributeError: module 'torch' has no attribute 'compile'
"
166305_pytorch_to_pytorch_1.output.log,1,Unknown Failure,生成失败,,"Traceback (most recent call last):
  File ""/home/ubuntu/SYAN/GRADUATE/TeRL/Step4-RunTestCase/final-data/single_reuse_test_case/166305_pytorch_to_pytorch_1.output.py"", line 19, in <module>
    dist.init_process_group(backend=backend)
  File ""/home/ubuntu/miniconda3/envs/TeRL-Running/lib/python3.7/site-packages/torch/distributed/distributed_c10d.py"", line 754, in init_process_group
    store, rank, world_size = next(rendezvous_iterator)
  File ""/home/ubuntu/miniconda3/envs/TeRL-Running/lib/python3"
166305_pytorch_to_pytorch_10.output.log,0,Success,生成成功,"Iter 1: Gathered losses from all ranks: [0.6210646629333496]
Iter 2: Gathered losses from all ranks: [0.6168218851089478]
Iter 3: Gathered losses from all ranks: [0.611066460609436]
","[W reducer.cpp:1298] Warning: find_unused_parameters=True was specified in DDP constructor, but did not find any unused parameters in the forward pass. This flag results in an extra traversal of the autograd graph every iteration,  which can adversely affect performance. If your model indeed never has any unused parameters in the forward pass, consider turning this flag off. Note that this warning may be a false positive if your model has flow control causing later iterations to have unused para"
166305_pytorch_to_pytorch_2.output.log,1,Environment Failure,生成失败,,"Traceback (most recent call last):
  File ""/home/ubuntu/SYAN/GRADUATE/TeRL/Step4-RunTestCase/final-data/single_reuse_test_case/166305_pytorch_to_pytorch_2.output.py"", line 5, in <module>
    import torch._dynamo as dynamo
ModuleNotFoundError: No module named 'torch._dynamo'
"
166305_pytorch_to_pytorch_3.output.log,1,API Misuse,生成失败,,"Traceback (most recent call last):
  File ""/home/ubuntu/SYAN/GRADUATE/TeRL/Step4-RunTestCase/final-data/single_reuse_test_case/166305_pytorch_to_pytorch_3.output.py"", line 35, in <module>
    @torch.library.register_fake(QUALNAME)
AttributeError: module 'torch.library' has no attribute 'register_fake'
"
166305_pytorch_to_pytorch_4.output.log,0,Success,生成成功,"Warning: torch._dynamo not found. Skipping dynamo config.
torch.compile is not available in this environment. Exiting.
",
166305_pytorch_to_pytorch_5.output.log,1,Unknown Failure,生成失败,,"Traceback (most recent call last):
  File ""/home/ubuntu/SYAN/GRADUATE/TeRL/Step4-RunTestCase/final-data/single_reuse_test_case/166305_pytorch_to_pytorch_5.output.py"", line 19, in <module>
    dist.init_process_group(backend=backend)
  File ""/home/ubuntu/miniconda3/envs/TeRL-Running/lib/python3.7/site-packages/torch/distributed/distributed_c10d.py"", line 754, in init_process_group
    store, rank, world_size = next(rendezvous_iterator)
  File ""/home/ubuntu/miniconda3/envs/TeRL-Running/lib/python3"
166305_pytorch_to_pytorch_6.output.log,1,Unknown Failure,生成失败,,"Traceback (most recent call last):
  File ""/home/ubuntu/SYAN/GRADUATE/TeRL/Step4-RunTestCase/final-data/single_reuse_test_case/166305_pytorch_to_pytorch_6.output.py"", line 18, in <module>
    dist.init_process_group(backend=""nccl"" if dist.is_nccl_available() else ""gloo"")
  File ""/home/ubuntu/miniconda3/envs/TeRL-Running/lib/python3.7/site-packages/torch/distributed/distributed_c10d.py"", line 754, in init_process_group
    store, rank, world_size = next(rendezvous_iterator)
  File ""/home/ubuntu/m"
166305_pytorch_to_pytorch_7.output.log,0,Success,生成成功,"Skipping test: Distributed environment variables (RANK, WORLD_SIZE) not set. This test requires a distributed environment (e.g., torchrun).
",
166305_pytorch_to_pytorch_8.output.log,1,Unknown Failure,生成失败,,"Traceback (most recent call last):
  File ""/home/ubuntu/SYAN/GRADUATE/TeRL/Step4-RunTestCase/final-data/single_reuse_test_case/166305_pytorch_to_pytorch_8.output.py"", line 9, in <module>
    dist.init_process_group(backend=backend)
  File ""/home/ubuntu/miniconda3/envs/TeRL-Running/lib/python3.7/site-packages/torch/distributed/distributed_c10d.py"", line 754, in init_process_group
    store, rank, world_size = next(rendezvous_iterator)
  File ""/home/ubuntu/miniconda3/envs/TeRL-Running/lib/python3."
166305_pytorch_to_pytorch_9.output.log,1,Environment Failure,生成失败,"Warning: torch._dynamo is not available. Skipping dynamo-specific configurations and compilation.
","Traceback (most recent call last):
  File ""/home/ubuntu/SYAN/GRADUATE/TeRL/Step4-RunTestCase/final-data/single_reuse_test_case/166305_pytorch_to_pytorch_9.output.py"", line 22, in <module>
    dist.init_process_group(backend=""nccl"" if dist.is_nccl_available() else ""gloo"")
  File ""/home/ubuntu/miniconda3/envs/TeRL-Running/lib/python3.7/site-packages/torch/distributed/distributed_c10d.py"", line 754, in init_process_group
    store, rank, world_size = next(rendezvous_iterator)
  File ""/home/ubuntu/m"
166319_pytorch_to_pytorch_1.output.log,0,Success,生成成功,"torch._dynamo not available, skipping dynamo configuration
 eager success
 torch.compile not available, skipping compiled test
",
166319_pytorch_to_pytorch_10.output.log,0,Success,生成成功,"[Rank 0] Running Eager...
[Rank 1] Running Eager...
[Rank 1] torch.compile is not available in this environment. Skipping compiled test.
[Rank 0] torch.compile is not available in this environment. Skipping compiled test.
[Rank 0] Verifying results...
 Test Skipped: Compiled execution was not available.
",
166319_pytorch_to_pytorch_2.output.log,0,Success,生成成功,"Warning: torch._dynamo not found. Skipping compilation test.
 eager success
",
166319_pytorch_to_pytorch_3.output.log,1,API Misuse,生成失败,"Warning: torch._dynamo not found, skipping config.
","Traceback (most recent call last):
  File ""/home/ubuntu/SYAN/GRADUATE/TeRL/Step4-RunTestCase/final-data/single_reuse_test_case/166319_pytorch_to_pytorch_3.output.py"", line 29, in <module>
    @torch.library.impl_abstract(qualname)
AttributeError: module 'torch.library' has no attribute 'impl_abstract'
"
166319_pytorch_to_pytorch_4.output.log,0,Success,生成成功," eager success
 torch.compile is not available in this environment. Skipping compiled test.
",
166319_pytorch_to_pytorch_5.output.log,0,Success,生成成功," eager success: True
Skipping compiled mode: torch.compile is not available in this PyTorch version.
",
166319_pytorch_to_pytorch_6.output.log,0,Success,生成成功,"Testing Eager mode...
 eager success
Testing Compiled mode...
 torch.compile not available, skipping compiled mode test
",
166319_pytorch_to_pytorch_7.output.log,0,Success,生成成功,"Test skipped: torch.compile not found. This test requires PyTorch 2.0+.
",
166319_pytorch_to_pytorch_8.output.log,1,Environment Failure,生成失败,"CUDA detected. Running on CUDA.
Rank 1: torch.compile not available, running eager mode.
Rank 1: Error during eager execution: [../third_party/gloo/gloo/transport/tcp/pair.cc:598] Connection closed by peer [127.0.1.1]:8614
","Traceback (most recent call last):
  File ""/home/ubuntu/SYAN/GRADUATE/TeRL/Step4-RunTestCase/final-data/single_reuse_test_case/166319_pytorch_to_pytorch_8.output.py"", line 119, in <module>
    mp.spawn(run, args=(world_size,), nprocs=world_size, join=True)
  File ""/home/ubuntu/miniconda3/envs/TeRL-Running/lib/python3.7/site-packages/torch/multiprocessing/spawn.py"", line 240, in spawn
    return start_processes(fn, args, nprocs, join, daemon, start_method='spawn')
  File ""/home/ubuntu/miniconda3/"
166319_pytorch_to_pytorch_9.output.log,0,Success,生成成功,"Rank 1:  broadcast_object_list success with specific strides
",
166888_pytorch_to_pytorch_1.output.log,0,Success,生成成功,"Test skipped: torch.compile is not available (requires PyTorch 2.0+)
",
166888_pytorch_to_pytorch_10.output.log,0,Success,生成成功,"Skipping test: torch.compile requires PyTorch 2.0+
",
166888_pytorch_to_pytorch_2.output.log,0,Success,生成成功,,
166888_pytorch_to_pytorch_3.output.log,1,API Misuse,生成失败,,"Traceback (most recent call last):
  File ""/home/ubuntu/SYAN/GRADUATE/TeRL/Step4-RunTestCase/final-data/single_reuse_test_case/166888_pytorch_to_pytorch_3.output.py"", line 26, in <module>
    library.impl_abstract(""test_ns::clamp_with_item"", f_abstract)
AttributeError: module 'torch.library' has no attribute 'impl_abstract'
"
166888_pytorch_to_pytorch_4.output.log,0,Success,生成成功,,
166888_pytorch_to_pytorch_5.output.log,0,Success,生成成功,,
166888_pytorch_to_pytorch_6.output.log,0,Success,生成成功,"torch.compile is not available (requires PyTorch 2.0+). Mocking it to proceed.
Test failed with error: LPBPCG algorithm is not applicable when the number of A rows (=10) is smaller than 3 x the number of requested eigenpairs (=5)
",
166888_pytorch_to_pytorch_7.output.log,1,Environment Failure,生成失败,,"Traceback (most recent call last):
  File ""/home/ubuntu/SYAN/GRADUATE/TeRL/Step4-RunTestCase/final-data/single_reuse_test_case/166888_pytorch_to_pytorch_7.output.py"", line 68, in <module>
    mp.spawn(worker, args=(world_size,), nprocs=world_size, join=True)
  File ""/home/ubuntu/miniconda3/envs/TeRL-Running/lib/python3.7/site-packages/torch/multiprocessing/spawn.py"", line 240, in spawn
    return start_processes(fn, args, nprocs, join, daemon, start_method='spawn')
  File ""/home/ubuntu/miniconda"
166888_pytorch_to_pytorch_8.output.log,0,Success,生成成功,"Rank 1 successfully received objects.
",
166888_pytorch_to_pytorch_9.output.log,0,Success,生成成功,"Test Failed with error: module 'torch' has no attribute 'compile'
",
166900_pytorch_to_pytorch_1.output.log,1,API Misuse,生成失败,,"Traceback (most recent call last):
  File ""/home/ubuntu/SYAN/GRADUATE/TeRL/Step4-RunTestCase/final-data/single_reuse_test_case/166900_pytorch_to_pytorch_1.output.py"", line 27, in <module>
    pytree.register_pytree_node(Bar, _flatten_bar, _unflatten_bar)
AttributeError: module 'torch.utils._pytree' has no attribute 'register_pytree_node'
"
166900_pytorch_to_pytorch_10.output.log,0,Success,生成成功,"Test passed on rank 0.
",
166900_pytorch_to_pytorch_2.output.log,1,API Misuse,生成失败,,"Traceback (most recent call last):
  File ""/home/ubuntu/SYAN/GRADUATE/TeRL/Step4-RunTestCase/final-data/single_reuse_test_case/166900_pytorch_to_pytorch_2.output.py"", line 22, in <module>
    pytree.register_pytree_node(Bar, _flatten_constant, _unflatten_constant)
AttributeError: module 'torch.utils._pytree' has no attribute 'register_pytree_node'
"
166900_pytorch_to_pytorch_3.output.log,1,API Misuse,生成失败,,"Traceback (most recent call last):
  File ""/home/ubuntu/SYAN/GRADUATE/TeRL/Step4-RunTestCase/final-data/single_reuse_test_case/166900_pytorch_to_pytorch_3.output.py"", line 17, in <module>
    pytree.register_pytree_node(Bar, lambda x: ([], x), lambda ctx, xs: ctx)
AttributeError: module 'torch.utils._pytree' has no attribute 'register_pytree_node'
"
166900_pytorch_to_pytorch_4.output.log,1,API Misuse,生成失败,,"Traceback (most recent call last):
  File ""/home/ubuntu/SYAN/GRADUATE/TeRL/Step4-RunTestCase/final-data/single_reuse_test_case/166900_pytorch_to_pytorch_4.output.py"", line 24, in <module>
    pytree.register_pytree_node(Bar, _flatten_bar, _unflatten_bar)
AttributeError: module 'torch.utils._pytree' has no attribute 'register_pytree_node'
"
166900_pytorch_to_pytorch_5.output.log,1,API Misuse,生成失败,,"Traceback (most recent call last):
  File ""/home/ubuntu/SYAN/GRADUATE/TeRL/Step4-RunTestCase/final-data/single_reuse_test_case/166900_pytorch_to_pytorch_5.output.py"", line 16, in <module>
    pytree.register_pytree_node(
AttributeError: module 'torch.utils._pytree' has no attribute 'register_pytree_node'
"
166900_pytorch_to_pytorch_6.output.log,1,API Misuse,生成失败,,"Traceback (most recent call last):
  File ""/home/ubuntu/SYAN/GRADUATE/TeRL/Step4-RunTestCase/final-data/single_reuse_test_case/166900_pytorch_to_pytorch_6.output.py"", line 22, in <module>
    pytree.register_pytree_node(Bar, _flatten_bar, _unflatten_bar)
AttributeError: module 'torch.utils._pytree' has no attribute 'register_pytree_node'
"
166900_pytorch_to_pytorch_7.output.log,1,API Misuse,生成失败,,"Traceback (most recent call last):
  File ""/home/ubuntu/SYAN/GRADUATE/TeRL/Step4-RunTestCase/final-data/single_reuse_test_case/166900_pytorch_to_pytorch_7.output.py"", line 76, in <module>
    mp.spawn(run, args=(world_size,), nprocs=world_size, join=True)
  File ""/home/ubuntu/miniconda3/envs/TeRL-Running/lib/python3.7/site-packages/torch/multiprocessing/spawn.py"", line 240, in spawn
    return start_processes(fn, args, nprocs, join, daemon, start_method='spawn')
  File ""/home/ubuntu/miniconda3/e"
166900_pytorch_to_pytorch_8.output.log,1,API Misuse,生成失败,,"Traceback (most recent call last):
  File ""/home/ubuntu/SYAN/GRADUATE/TeRL/Step4-RunTestCase/final-data/single_reuse_test_case/166900_pytorch_to_pytorch_8.output.py"", line 19, in <module>
    pytree.register_pytree_node(
AttributeError: module 'torch.utils._pytree' has no attribute 'register_pytree_node'
"
166900_pytorch_to_pytorch_9.output.log,1,API Misuse,生成失败,,"Traceback (most recent call last):
  File ""/home/ubuntu/SYAN/GRADUATE/TeRL/Step4-RunTestCase/final-data/single_reuse_test_case/166900_pytorch_to_pytorch_9.output.py"", line 27, in <module>
    pytree.register_pytree_node(Bar, _flatten_bar, _unflatten_bar)
AttributeError: module 'torch.utils._pytree' has no attribute 'register_pytree_node'
"
167064_pytorch_to_pytorch_1.output.log,0,Success,生成成功,"Skipping test: torch.compile is not available (requires PyTorch 2.0+)
",
167064_pytorch_to_pytorch_10.output.log,0,Success,生成成功,,
167064_pytorch_to_pytorch_2.output.log,1,Assertion Mismatch,生成成功，并且找到错误,,"Traceback (most recent call last):
  File ""/home/ubuntu/SYAN/GRADUATE/TeRL/Step4-RunTestCase/final-data/single_reuse_test_case/167064_pytorch_to_pytorch_2.output.py"", line 29, in <module>
    test_prod_no_distribution_side_effect()
  File ""/home/ubuntu/SYAN/GRADUATE/TeRL/Step4-RunTestCase/final-data/single_reuse_test_case/167064_pytorch_to_pytorch_2.output.py"", line 25, in test_prod_no_distribution_side_effect
    assert dist.Distribution.default_validate_args == True, \
AttributeError: type obj"
167064_pytorch_to_pytorch_3.output.log,0,Success,生成成功,"Skipping test: torch.library.impl_abstract is not available in this PyTorch version (requires PyTorch 2.0+).
",
167064_pytorch_to_pytorch_4.output.log,1,API Misuse,生成失败,,"Traceback (most recent call last):
  File ""/home/ubuntu/SYAN/GRADUATE/TeRL/Step4-RunTestCase/final-data/single_reuse_test_case/167064_pytorch_to_pytorch_4.output.py"", line 34, in <module>
    test_torch_all_with_compile()
  File ""/home/ubuntu/SYAN/GRADUATE/TeRL/Step4-RunTestCase/final-data/single_reuse_test_case/167064_pytorch_to_pytorch_4.output.py"", line 14, in test_torch_all_with_compile
    compiled_fn = torch.compile(fn)
AttributeError: module 'torch' has no attribute 'compile'
"
167064_pytorch_to_pytorch_5.output.log,1,API Misuse,生成失败,,"Traceback (most recent call last):
  File ""/home/ubuntu/SYAN/GRADUATE/TeRL/Step4-RunTestCase/final-data/single_reuse_test_case/167064_pytorch_to_pytorch_5.output.py"", line 44, in <module>
    test_torch_any_no_distribution_side_effects()
  File ""/home/ubuntu/SYAN/GRADUATE/TeRL/Step4-RunTestCase/final-data/single_reuse_test_case/167064_pytorch_to_pytorch_5.output.py"", line 23, in test_torch_any_no_distribution_side_effects
    compiled_any_func = torch.compile(any_func)
AttributeError: module 'to"
167064_pytorch_to_pytorch_6.output.log,0,Success,生成成功,"Test passed: torch.lobpcg did not affect distribution validation args.
",
167064_pytorch_to_pytorch_7.output.log,1,Environment Failure,生成失败,,"terminate called after throwing an instance of 'gloo::EnforceNotMet'
  what():  [enforce fail at ../third_party/gloo/gloo/transport/tcp/pair.cc:510] op.preamble.length <= op.nbytes. 24 vs 12
Traceback (most recent call last):
  File ""/home/ubuntu/SYAN/GRADUATE/TeRL/Step4-RunTestCase/final-data/single_reuse_test_case/167064_pytorch_to_pytorch_7.output.py"", line 61, in <module>
    mp.spawn(test_send_object_list_no_distribution_side_effect, args=(world_size,), nprocs=world_size, join=True)
  File "
167064_pytorch_to_pytorch_8.output.log,0,Success,生成成功,"Skipping test: send_object_list/recv_object_list not available in this PyTorch version.
",
167064_pytorch_to_pytorch_9.output.log,0,Success,生成成功,,
167154_pytorch_to_pytorch_1.output.log,0,Success,生成成功,"MPS is not available. Skipping test.
",
167154_pytorch_to_pytorch_10.output.log,0,Success,生成成功,"MPS device not available. Skipping test.
",
167154_pytorch_to_pytorch_2.output.log,0,Success,生成成功,"MPS device not found. Skipping test.
",
167154_pytorch_to_pytorch_3.output.log,0,Success,生成成功,"MPS device not available. Skipping test.
",
167154_pytorch_to_pytorch_4.output.log,0,Success,生成成功,"Test passed.
",
167154_pytorch_to_pytorch_5.output.log,0,Success,生成成功,"MPS device is not available. Skipping test.
",
167154_pytorch_to_pytorch_6.output.log,0,Success,生成成功,"MPS device is not available. Skipping test.
",
167154_pytorch_to_pytorch_7.output.log,0,Success,生成成功,,
167154_pytorch_to_pytorch_8.output.log,0,Success,生成成功,"MPS device not available. Skipping test.
",
167154_pytorch_to_pytorch_9.output.log,0,Success,生成成功,"Warning: Distributed environment variables not found. Skipping test.
",
167263_pytorch_to_pytorch_1.output.log,0,Success,生成成功,"forward strides torch.Size([4, 4]) (4, 1)
x_view hook - shape: torch.Size([4, 4]), stride: (4, 1)
",
167263_pytorch_to_pytorch_10.output.log,0,Success,生成成功,"forward strides torch.Size([20, 4, 128]) (512, 128, 1)
values_view hook - shape: torch.Size([20, 4, 128]), stride: (512, 128, 1)
",
167263_pytorch_to_pytorch_2.output.log,0,Success,生成成功,"forward strides torch.Size([2, 5, 4, 5, 5]) (500, 25, 125, 5, 1)
values_view hook - shape: torch.Size([2, 5, 4, 5, 5]), stride: (500, 100, 25, 5, 1)
",
167263_pytorch_to_pytorch_3.output.log,0,Success,生成成功,"Forward stride: (512, 128, 1)
Gradient stride: (512, 128, 1)
",
167263_pytorch_to_pytorch_4.output.log,0,Success,生成成功,"Input strides torch.Size([4, 16, 8, 8]) (1024, 64, 8, 1)
x hook - shape: torch.Size([4, 16, 8, 8]), stride: (1024, 64, 8, 1)
",
167263_pytorch_to_pytorch_5.output.log,0,Success,生成成功,"Forward strides torch.Size([20, 4, 128]) (512, 128, 1)
values_view hook - shape: torch.Size([20, 4, 128]), stride: (512, 128, 1)
",
167263_pytorch_to_pytorch_6.output.log,0,Success,生成成功,"forward strides torch.Size([20, 4, 128]) (512, 128, 1)
values_view hook - shape: torch.Size([20, 4, 128]), stride: (512, 128, 1)
",
167263_pytorch_to_pytorch_7.output.log,0,Success,生成成功,"forward strides torch.Size([20, 4, 128]) (512, 128, 1)
values_view hook - shape: torch.Size([20, 4, 128]), stride: (512, 128, 1)
",
167263_pytorch_to_pytorch_8.output.log,0,Success,生成成功,"Forward strides - shape: torch.Size([20, 4, 128]) stride: (512, 128, 1)
Gradient strides - shape: torch.Size([20, 4, 128]) stride: (512, 128, 1)
",
167263_pytorch_to_pytorch_9.output.log,0,Success,生成成功,"forward strides torch.Size([20, 4, 128]) (512, 128, 1)
values_view hook - shape: torch.Size([20, 4, 128]), stride: (512, 128, 1)
",
167369_pytorch_to_pytorch_1.output.log,0,Success,生成成功,,
167369_pytorch_to_pytorch_10.output.log,0,Success,生成成功,"Test passed: gather_object handled the custom object correctly.
",
167369_pytorch_to_pytorch_2.output.log,0,Success,生成成功,"Skipping test: torch.compile is not available (requires PyTorch >= 2.0)
",
167369_pytorch_to_pytorch_3.output.log,1,Missing Dependency,执行失败,,"Traceback (most recent call last):
  File ""/home/ubuntu/SYAN/GRADUATE/TeRL/Step4-RunTestCase/final-data/single_reuse_test_case/167369_pytorch_to_pytorch_3.output.py"", line 46, in <module>
    from torch.ops import my_namespace
ModuleNotFoundError: No module named 'torch.ops'
"
167369_pytorch_to_pytorch_4.output.log,0,Success,生成成功,"torch.compile is not available in this PyTorch version. Mocking it to allow test execution.
Test passed.
",
167369_pytorch_to_pytorch_5.output.log,0,Success,生成成功,,
167369_pytorch_to_pytorch_6.output.log,1,Unknown Failure,生成失败,"Warning: torch.compile not found. Running in eager mode (mocking torch.compile).
","Traceback (most recent call last):
  File ""/home/ubuntu/SYAN/GRADUATE/TeRL/Step4-RunTestCase/final-data/single_reuse_test_case/167369_pytorch_to_pytorch_6.output.py"", line 35, in <module>
    result = compiled(x, config)
  File ""/home/ubuntu/SYAN/GRADUATE/TeRL/Step4-RunTestCase/final-data/single_reuse_test_case/167369_pytorch_to_pytorch_6.output.py"", line 22, in forward
    eigenvalues, _ = torch.lobpcg(A, k=1)
  File ""/home/ubuntu/miniconda3/envs/TeRL-Running/lib/python3.7/site-packages/torch/_"
167369_pytorch_to_pytorch_7.output.log,1,API Misuse,生成失败,,"Traceback (most recent call last):
  File ""/home/ubuntu/SYAN/GRADUATE/TeRL/Step4-RunTestCase/final-data/single_reuse_test_case/167369_pytorch_to_pytorch_7.output.py"", line 57, in <module>
    mp.spawn(worker, args=(world_size,), nprocs=world_size, join=True)
  File ""/home/ubuntu/miniconda3/envs/TeRL-Running/lib/python3.7/site-packages/torch/multiprocessing/spawn.py"", line 240, in spawn
    return start_processes(fn, args, nprocs, join, daemon, start_method='spawn')
  File ""/home/ubuntu/miniconda"
167369_pytorch_to_pytorch_8.output.log,1,API Misuse,生成失败,"Rank 1 failed with error: module 'torch.distributed' has no attribute 'recv_object_list'
","Traceback (most recent call last):
  File ""/home/ubuntu/SYAN/GRADUATE/TeRL/Step4-RunTestCase/final-data/single_reuse_test_case/167369_pytorch_to_pytorch_8.output.py"", line 58, in <module>
    mp.spawn(worker, args=(world_size,), nprocs=world_size, join=True)
  File ""/home/ubuntu/miniconda3/envs/TeRL-Running/lib/python3.7/site-packages/torch/multiprocessing/spawn.py"", line 240, in spawn
    return start_processes(fn, args, nprocs, join, daemon, start_method='spawn')
  File ""/home/ubuntu/miniconda"
167369_pytorch_to_pytorch_9.output.log,0,Success,生成成功,"Rank 0 passed.
Rank 1 passed.
",
167639_pytorch_to_pytorch_1.output.log,0,Success,生成成功,"Distributed environment variables not found. Please run with torchrun (e.g., torchrun --nproc_per_node=2 script.py). Skipping test.
",
167639_pytorch_to_pytorch_10.output.log,0,Success,生成成功,"Starting distributed test with world size 2
Rank 1 sent object: {'rank': 1, 'data': [0, 1, 2, 3, 4]}
Rank 0 gathered objects: [{'rank': 0, 'data': [0, 0, 0, 0, 0]}, {'rank': 1, 'data': [0, 1, 2, 3, 4]}]
Gather object test passed successfully.
",
167639_pytorch_to_pytorch_2.output.log,0,Success,生成成功,"Original prod output: 0.012580938637256622
Captured graph prod output: 0.012580938637256622
",
167639_pytorch_to_pytorch_3.output.log,0,Success,生成成功,"Skipping test: 'impl_abstract' is not available in this version of PyTorch (requires PyTorch 2.0+).
",
167639_pytorch_to_pytorch_4.output.log,0,Success,生成成功,"Original output: False
Graph output: False
",
167639_pytorch_to_pytorch_5.output.log,1,API Misuse,生成失败,"Original output: True
","Traceback (most recent call last):
  File ""/home/ubuntu/SYAN/GRADUATE/TeRL/Step4-RunTestCase/final-data/single_reuse_test_case/167639_pytorch_to_pytorch_5.output.py"", line 63, in <module>
    main()
  File ""/home/ubuntu/SYAN/GRADUATE/TeRL/Step4-RunTestCase/final-data/single_reuse_test_case/167639_pytorch_to_pytorch_5.output.py"", line 54, in main
    graph.run()
AttributeError: 'CUDAGraph' object has no attribute 'run'
"
167639_pytorch_to_pytorch_6.output.log,0,Success,生成成功,"Original lobpcg output shape: torch.Size([2])
RuntimeError during graph capture/replay: Invalid capture.
",
167639_pytorch_to_pytorch_7.output.log,0,Success,生成成功,,
167639_pytorch_to_pytorch_8.output.log,1,API Misuse,生成失败,"CUDA available with sufficient devices. Starting distributed test.
Rank 0: Starting test.
Rank 0: Attempting to capture CUDA Graph with recv_object...
Rank 1: Sending object...
Rank 0: Error during graph capture or replay: module 'torch.distributed' has no attribute 'recv_object'
","Traceback (most recent call last):
  File ""/home/ubuntu/SYAN/GRADUATE/TeRL/Step4-RunTestCase/final-data/single_reuse_test_case/167639_pytorch_to_pytorch_8.output.py"", line 75, in <module>
    mp.spawn(run, args=(world_size,), nprocs=world_size, join=True)
  File ""/home/ubuntu/miniconda3/envs/TeRL-Running/lib/python3.7/site-packages/torch/multiprocessing/spawn.py"", line 240, in spawn
    return start_processes(fn, args, nprocs, join, daemon, start_method='spawn')
  File ""/home/ubuntu/miniconda3/e"
167639_pytorch_to_pytorch_9.output.log,0,Success,生成成功,"Rank 0: Starting CUDA Graph capture test with broadcast_object_list
Rank 1: Starting CUDA Graph capture test with broadcast_object_list
Rank 0: Test failed with error: Invalid capture.
Rank 1: Test failed with error: [1] is setting up NCCL communicator and retreiving ncclUniqueId from [0] via c10d key-value store by key '0', but store->get('0') got error: Connection reset by peer
",
167707_pytorch_to_pytorch_1.output.log,0,Success,生成成功,,
167707_pytorch_to_pytorch_10.output.log,0,Success,生成成功,"Test passed: torch.distributions.constraints.dependent_property works as expected.
","/home/ubuntu/miniconda3/envs/TeRL-Running/lib/python3.7/site-packages/torch/distributions/distribution.py:47: UserWarning: <class '__main__.CustomUniform'> does not define `arg_constraints`. Please set `arg_constraints = {}` or initialize the distribution with `validate_args=False` to turn off validation.
  'with `validate_args=False` to turn off validation.')
"
167707_pytorch_to_pytorch_2.output.log,1,Assertion Mismatch,生成成功，并且找到错误,,"Traceback (most recent call last):
  File ""/home/ubuntu/SYAN/GRADUATE/TeRL/Step4-RunTestCase/final-data/single_reuse_test_case/167707_pytorch_to_pytorch_2.output.py"", line 33, in <module>
    test_get_group_rank()
  File ""/home/ubuntu/SYAN/GRADUATE/TeRL/Step4-RunTestCase/final-data/single_reuse_test_case/167707_pytorch_to_pytorch_2.output.py"", line 26, in test_get_group_rank
    assert result_rank == -1, f""Expected -1 for rank not in group, got {result_rank}""
AssertionError: Expected -1 for rank"
167707_pytorch_to_pytorch_3.output.log,0,Success,生成成功,,"WARNING:2026-06-23 09:04:20 70705:70705 init.cpp:111] function cbapi.getCuptiStatus() failed with error CUPTI_ERROR_NOT_INITIALIZED (15)
WARNING:2026-06-23 09:04:20 70705:70705 init.cpp:112] CUPTI initialization failed - CUDA profiler activities will be missing
INFO:2026-06-23 09:04:20 70705:70705 init.cpp:114] If you see CUPTI_ERROR_INSUFFICIENT_PRIVILEGES, refer to https://developer.nvidia.com/nvidia-development-tools-solutions-err-nvgpuctrperm-cupti
STAGE:2026-06-23 09:04:20 70705:70705 Activ"
167707_pytorch_to_pytorch_4.output.log,0,Success,生成成功,,
167707_pytorch_to_pytorch_5.output.log,0,Success,生成成功,"Test passed. Trace file created: batchnorm_trace.1782176509483.pt.trace.json.gz (Size: 1799 bytes)
","WARNING:2026-06-23 09:01:47 70156:70156 init.cpp:111] function cbapi.getCuptiStatus() failed with error CUPTI_ERROR_NOT_INITIALIZED (15)
WARNING:2026-06-23 09:01:47 70156:70156 init.cpp:112] CUPTI initialization failed - CUDA profiler activities will be missing
INFO:2026-06-23 09:01:47 70156:70156 init.cpp:114] If you see CUPTI_ERROR_INSUFFICIENT_PRIVILEGES, refer to https://developer.nvidia.com/nvidia-development-tools-solutions-err-nvgpuctrperm-cupti
STAGE:2026-06-23 09:01:47 70156:70156 Activ"
167707_pytorch_to_pytorch_6.output.log,0,Success,生成成功,,
167707_pytorch_to_pytorch_7.output.log,0,Success,生成成功,,
167707_pytorch_to_pytorch_8.output.log,0,Success,生成成功,,
167707_pytorch_to_pytorch_9.output.log,0,Success,生成成功,"All torch.diff tests passed.
",
167716_pytorch_to_pytorch_1.output.log,1,Unknown Failure,生成失败,,"Traceback (most recent call last):
  File ""/home/ubuntu/SYAN/GRADUATE/TeRL/Step4-RunTestCase/final-data/single_reuse_test_case/167716_pytorch_to_pytorch_1.output.py"", line 49, in <module>
    test_sparse_bmm_to_dense()
  File ""/home/ubuntu/SYAN/GRADUATE/TeRL/Step4-RunTestCase/final-data/single_reuse_test_case/167716_pytorch_to_pytorch_1.output.py"", line 30, in test_sparse_bmm_to_dense
    C = torch.bmm(A, B)
RuntimeError: bmm_sparse: Tensor 'mat2' must be dense
"
167716_pytorch_to_pytorch_10.output.log,0,Success,生成成功,"Test passed: torch.symeig returned valid results.
","/home/ubuntu/SYAN/GRADUATE/TeRL/Step4-RunTestCase/final-data/single_reuse_test_case/167716_pytorch_to_pytorch_10.output.py:18: UserWarning: torch.symeig is deprecated in favor of torch.linalg.eigh and will be removed in a future PyTorch release.
The default behavior has changed from using the upper triangular portion of the matrix by default to using the lower triangular portion.
L, _ = torch.symeig(A, upper=upper)
should be replaced with
L = torch.linalg.eigvalsh(A, UPLO='U' if upper else 'L')
"
167716_pytorch_to_pytorch_2.output.log,0,Success,生成成功,,
167716_pytorch_to_pytorch_3.output.log,0,Success,生成成功,"RuntimeError (expected if sparse vector unsupported): Could not run 'aten::as_strided' with arguments from the 'SparseCPU' backend. This could be because the operator doesn't exist for this backend, or was omitted during the selective/custom build process (if using custom build). If you are a Facebook employee using PyTorch on mobile, please visit https://fburl.com/ptmfixes for possible resolutions. 'aten::as_strided' is only available for these backends: [CPU, CUDA, Meta, QuantizedCPU, Quantize",
167716_pytorch_to_pytorch_4.output.log,0,Success,生成成功,"RuntimeError caught (Sparse input might not be supported): reshape is not implemented for sparse tensors
",
167716_pytorch_to_pytorch_5.output.log,0,Success,生成成功,"RuntimeError caught: Shape mismatch: objects cannot be broadcast to a single shape
",
167716_pytorch_to_pytorch_6.output.log,0,Success,生成成功,"Test failed with exception: Could not run 'aten::prelu' with arguments from the 'SparseCPU' backend. This could be because the operator doesn't exist for this backend, or was omitted during the selective/custom build process (if using custom build). If you are a Facebook employee using PyTorch on mobile, please visit https://fburl.com/ptmfixes for possible resolutions. 'aten::prelu' is only available for these backends: [CPU, CUDA, Meta, QuantizedCPU, MkldnnCPU, BackendSelect, Python, FuncTorchD",
167716_pytorch_to_pytorch_7.output.log,1,Unknown Failure,生成失败,,"Traceback (most recent call last):
  File ""/home/ubuntu/SYAN/GRADUATE/TeRL/Step4-RunTestCase/final-data/single_reuse_test_case/167716_pytorch_to_pytorch_7.output.py"", line 18, in <module>
    C = F.softshrink(A, lambd=0.5)
NotImplementedError: Could not run 'aten::softshrink' with arguments from the 'SparseCPU' backend. This could be because the operator doesn't exist for this backend, or was omitted during the selective/custom build process (if using custom build). If you are a Facebook employe"
167716_pytorch_to_pytorch_8.output.log,0,Success,生成成功,"Test passed: to_dense() succeeded without segmentation fault.
",
167716_pytorch_to_pytorch_9.output.log,0,Success,生成成功,"Test passed: torch.t handles sparse tensors and to_dense() correctly.
",
167727_pytorch_to_pytorch_1.output.log,1,Unknown Failure,生成失败,,"Traceback (most recent call last):
  File ""/home/ubuntu/SYAN/GRADUATE/TeRL/Step4-RunTestCase/final-data/single_reuse_test_case/167727_pytorch_to_pytorch_1.output.py"", line 8, in <module>
    input_tensor = torch.rand((64, 10000), dtype=torch.complex64, device=""mps"")
NotImplementedError: Could not run 'aten::empty.memory_format' with arguments from the 'MPS' backend. This could be because the operator doesn't exist for this backend, or was omitted during the selective/custom build process (if usi"
167727_pytorch_to_pytorch_10.output.log,0,Success,生成成功,"Skipping test: MPS backend or complex64 support not available. Error: Could not run 'aten::empty.memory_format' with arguments from the 'MPS' backend. This could be because the operator doesn't exist for this backend, or was omitted during the selective/custom build process (if using custom build). If you are a Facebook employee using PyTorch on mobile, please visit https://fburl.com/ptmfixes for possible resolutions. 'aten::empty.memory_format' is only available for these backends: [CPU, CUDA, ",
167727_pytorch_to_pytorch_2.output.log,1,Unknown Failure,生成失败,,"Traceback (most recent call last):
  File ""/home/ubuntu/SYAN/GRADUATE/TeRL/Step4-RunTestCase/final-data/single_reuse_test_case/167727_pytorch_to_pytorch_2.output.py"", line 6, in <module>
    x = torch.rand((64, 10000), dtype=torch.float32, device=""mps"")
NotImplementedError: Could not run 'aten::empty.memory_format' with arguments from the 'MPS' backend. This could be because the operator doesn't exist for this backend, or was omitted during the selective/custom build process (if using custom bui"
167727_pytorch_to_pytorch_3.output.log,0,Success,生成成功,"MPS backend is not available. Skipping test.
",
167727_pytorch_to_pytorch_4.output.log,0,Success,生成成功,"Skipping test: MPS backend is not available on this system.
",
167727_pytorch_to_pytorch_5.output.log,0,Success,生成成功,"MPS device is not available. Skipping test.
",
167727_pytorch_to_pytorch_6.output.log,0,Success,生成成功,"MPS device not available, skipping test.
",
167727_pytorch_to_pytorch_7.output.log,0,Success,生成成功,"Skipping test: MPS backend does not support complex64 in this environment. Error: Could not run 'aten::empty.memory_format' with arguments from the 'MPS' backend. This could be because the operator doesn't exist for this backend, or was omitted during the selective/custom build process (if using custom build). If you are a Facebook employee using PyTorch on mobile, please visit https://fburl.com/ptmfixes for possible resolutions. 'aten::empty.memory_format' is only available for these backends: ",
167727_pytorch_to_pytorch_8.output.log,0,Success,生成成功,,
167727_pytorch_to_pytorch_9.output.log,0,Success,生成成功,"Skipping test: MPS backend is not available on this system.
",
167767_pytorch_to_pytorch_1.output.log,0,Success,生成成功,"MPS backend is not available. Skipping test.
",
167767_pytorch_to_pytorch_10.output.log,1,API Misuse,生成失败,"Input Vector: tensor([1., 2., 3.])
Diagonal Matrix: tensor([[1., 0., 0.],
        [0., 2., 0.],
        [0., 0., 3.]])
Input Matrix: tensor([[1., 0.],
        [0., 2.]])
Extracted Diagonal: tensor([1., 2.])
Input Vector: tensor([1., 2.])
","Traceback (most recent call last):
  File ""/home/ubuntu/SYAN/GRADUATE/TeRL/Step4-RunTestCase/final-data/single_reuse_test_case/167767_pytorch_to_pytorch_10.output.py"", line 25, in <module>
    m_k = torch.diag(v_k, k=1)
TypeError: diag() got an unexpected keyword argument 'k'
"
167767_pytorch_to_pytorch_2.output.log,0,Success,生成成功,"Test 1: Basic load
tensor([0., 1., 2.])
Test 2: Load with map_location='cpu'
tensor([0., 1., 2.])
MPS backend not available, skipping MPS specific tests.
",
167767_pytorch_to_pytorch_3.output.log,0,Success,生成成功,"Input: tensor([1., 2., 3.])
Vander (default): tensor([[1., 1., 1.],
        [4., 2., 1.],
        [9., 3., 1.]])
Vander (N=4): tensor([[ 1.,  1.,  1.,  1.],
        [ 8.,  4.,  2.,  1.],
        [27.,  9.,  3.,  1.]])
Vander (increasing=True): tensor([[1., 1., 1.],
        [1., 2., 4.],
        [1., 3., 9.]])
Vander (N=2, increasing=True): tensor([[1., 1.],
        [1., 2.],
        [1., 3.]])
",
167767_pytorch_to_pytorch_4.output.log,0,Success,生成成功,"MPS backend is not available. Skipping test.
",
167767_pytorch_to_pytorch_5.output.log,0,Success,生成成功,"MPS backend is not available. Skipping test.
",
167767_pytorch_to_pytorch_6.output.log,0,Success,生成成功,"MPS backend is not available. Skipping test.
",
167767_pytorch_to_pytorch_7.output.log,0,Success,生成成功,"MPS device not available. Skipping test.
",
167767_pytorch_to_pytorch_8.output.log,0,Success,生成成功,"MPS backend is not available. Skipping test.
",
167767_pytorch_to_pytorch_9.output.log,1,API Misuse,生成失败,"Test 1: Basic square matrix
tensor([0, 0, 0, 1, 1, 2]) tensor([0, 1, 2, 1, 2, 2])

Test 2: Square matrix with offset
tensor([0, 0, 1]) tensor([1, 2, 2])

Test 3: Rectangular matrix
tensor([0, 0, 0, 0, 1, 1, 1, 2, 2]) tensor([0, 1, 2, 3, 1, 2, 3, 2, 3])

Test 4: Default m parameter
","Traceback (most recent call last):
  File ""/home/ubuntu/SYAN/GRADUATE/TeRL/Step4-RunTestCase/final-data/single_reuse_test_case/167767_pytorch_to_pytorch_9.output.py"", line 29, in <module>
    row, col = torch.triu_indices(3)
TypeError: triu_indices() missing 1 required positional arguments: ""col""
"
167789_pytorch_to_pytorch_1.output.log,0,Success,生成成功,"torch.compile is not available (requires PyTorch 2.0+). Mocking as identity function.
Test passed.
",
167789_pytorch_to_pytorch_10.output.log,0,Success,生成成功,"Test passed: gather_object handled deep recursion with setrecursionlimit
",
167789_pytorch_to_pytorch_2.output.log,1,API Misuse,生成失败,,"Traceback (most recent call last):
  File ""/home/ubuntu/SYAN/GRADUATE/TeRL/Step4-RunTestCase/final-data/single_reuse_test_case/167789_pytorch_to_pytorch_2.output.py"", line 16, in <module>
    @torch.compile(backend=""eager"")
TypeError: compile() missing 1 required positional argument: 'func'
"
167789_pytorch_to_pytorch_3.output.log,1,API Misuse,生成失败,,"Traceback (most recent call last):
  File ""/home/ubuntu/SYAN/GRADUATE/TeRL/Step4-RunTestCase/final-data/single_reuse_test_case/167789_pytorch_to_pytorch_3.output.py"", line 32, in <module>
    @torch.compile(backend=""eager"")
AttributeError: module 'torch' has no attribute 'compile'
"
167789_pytorch_to_pytorch_4.output.log,0,Success,生成成功,,
167789_pytorch_to_pytorch_5.output.log,0,Success,生成成功,,
167789_pytorch_to_pytorch_6.output.log,0,Success,生成成功,,
167789_pytorch_to_pytorch_7.output.log,1,API Misuse,生成失败,,"Traceback (most recent call last):
  File ""/home/ubuntu/SYAN/GRADUATE/TeRL/Step4-RunTestCase/final-data/single_reuse_test_case/167789_pytorch_to_pytorch_7.output.py"", line 18, in <module>
    @torch.compile(backend=""eager"")
TypeError: <lambda>() missing 1 required positional argument: 'func'
"
167789_pytorch_to_pytorch_8.output.log,1,API Misuse,生成失败,,"Traceback (most recent call last):
  File ""/home/ubuntu/SYAN/GRADUATE/TeRL/Step4-RunTestCase/final-data/single_reuse_test_case/167789_pytorch_to_pytorch_8.output.py"", line 52, in <module>
    mp.spawn(run_test, args=(world_size,), nprocs=world_size, join=True)
  File ""/home/ubuntu/miniconda3/envs/TeRL-Running/lib/python3.7/site-packages/torch/multiprocessing/spawn.py"", line 240, in spawn
    return start_processes(fn, args, nprocs, join, daemon, start_method='spawn')
  File ""/home/ubuntu/minicon"
167789_pytorch_to_pytorch_9.output.log,0,Success,生成成功,"torch.compile is not available in this environment (requires PyTorch >= 2.0). Test skipped.
",
167924_pytorch_to_pytorch_1.output.log,0,Success,生成成功,"MPS is not available. Skipping test.
",
167924_pytorch_to_pytorch_10.output.log,0,Success,生成成功,"MPS device not available. Test skipped.
",
167924_pytorch_to_pytorch_2.output.log,0,Success,生成成功,"MPS device is not available. Skipping test.
",
167924_pytorch_to_pytorch_3.output.log,0,Success,生成成功,"MPS device is not available. Skipping test.
",
167924_pytorch_to_pytorch_4.output.log,0,Success,生成成功,"MPS is not available. Skipping test.
",
167924_pytorch_to_pytorch_5.output.log,0,Success,生成成功,"MPS device not available. Skipping test.
",
167924_pytorch_to_pytorch_6.output.log,0,Success,生成成功,"MPS device not available. Skipping test.
",
167924_pytorch_to_pytorch_7.output.log,0,Success,生成成功,"MPS is not available. Skipping test.
",
167924_pytorch_to_pytorch_8.output.log,0,Success,生成成功,"MPS device is not available. Skipping test.
",
167924_pytorch_to_pytorch_9.output.log,0,Success,生成成功,"MPS device not available, skipping test.
",
167974_pytorch_to_pytorch_1.output.log,0,Success,生成成功,"Test passed: torch.nn.Embedding handles 2D input correctly.
",
167974_pytorch_to_pytorch_10.output.log,0,Success,生成成功,,
167974_pytorch_to_pytorch_2.output.log,0,Success,生成成功,,
167974_pytorch_to_pytorch_3.output.log,0,Success,生成成功,"Test passed.
",
167974_pytorch_to_pytorch_4.output.log,0,Success,生成成功,"Test passed.
",
167974_pytorch_to_pytorch_5.output.log,0,Success,生成成功,,
167974_pytorch_to_pytorch_6.output.log,0,Success,生成成功,,
167974_pytorch_to_pytorch_7.output.log,0,Success,生成成功,"Test passed.
",
167974_pytorch_to_pytorch_8.output.log,0,Success,生成成功,"Test passed.
",
167974_pytorch_to_pytorch_9.output.log,0,Success,生成成功,"Test passed: torch.nn.LeakyReLU handles 2D input correctly.
",
168071_pytorch_to_pytorch_1.output.log,0,Success,生成成功,"Test Failed with RuntimeError: Calculated padded input size per channel: (0). Kernel size: (1). Kernel size can't be greater than actual input size
",
168071_pytorch_to_pytorch_10.output.log,0,Success,生成成功,"Test failed with RuntimeError: grid_sampler(): expected input to have non-empty spatial dimensions, but input has sizes [1, 1, 0, 10] with dimension 2 being empty
","/home/ubuntu/miniconda3/envs/TeRL-Running/lib/python3.7/site-packages/torch/nn/functional.py:4228: UserWarning: Default grid_sample and affine_grid behavior has changed to align_corners=False since 1.3.0. Please specify align_corners=True if the old behavior is desired. See the documentation of grid_sample for details.
  ""Default grid_sample and affine_grid behavior has changed ""
"
168071_pytorch_to_pytorch_2.output.log,0,Success,生成成功,"Test Failed with RuntimeError: max_unpooling3d_forward_out_cpu(): Expected input to have non-zero size for non-batch dimensions, but got [1, 1, 0, 2, 2] with dimension 2 being empty.
",
168071_pytorch_to_pytorch_3.output.log,0,Success,生成成功,"RuntimeError encountered: expected padding to be a single integer value or a list of 3 values to match the convolution dimensions, but got padding=[0, 0, 0, 0, 0, 0]
Test failed (similar to original pad bug).
",
168071_pytorch_to_pytorch_4.output.log,0,Success,生成成功,"RuntimeError encountered: Calculated padded input size per channel: (0 x 10). Kernel size: (1 x 1). Kernel size can't be greater than actual input size
",
168071_pytorch_to_pytorch_5.output.log,0,Success,生成成功,"Test passed. Loss computed: 1.0
",
168071_pytorch_to_pytorch_6.output.log,0,Success,生成成功,"Test passed. Output shape: torch.Size([1, 1, 12, 4])
",
168071_pytorch_to_pytorch_7.output.log,0,Success,生成成功,"Input shape: torch.Size([6, 0])
Output shape: torch.Size([6, 0])
",
168071_pytorch_to_pytorch_8.output.log,0,Success,生成成功,"torch.Size([6, 0])
",
168071_pytorch_to_pytorch_9.output.log,0,Success,生成成功,"Test passed: MSELoss handles 0-shape tensors correctly.
",
168240_pytorch_to_pytorch_1.output.log,1,Missing Dependency,执行失败,,"Traceback (most recent call last):
  File ""/home/ubuntu/SYAN/GRADUATE/TeRL/Step4-RunTestCase/final-data/single_reuse_test_case/168240_pytorch_to_pytorch_1.output.py"", line 9, in <module>
    import torchvision
  File ""/home/ubuntu/miniconda3/envs/TeRL-Running/lib/python3.7/site-packages/torchvision/__init__.py"", line 5, in <module>
    from torchvision import datasets, io, models, ops, transforms, utils
  File ""/home/ubuntu/miniconda3/envs/TeRL-Running/lib/python3.7/site-packages/torchvision/mod"
168240_pytorch_to_pytorch_10.output.log,0,Success,生成成功,,
168240_pytorch_to_pytorch_2.output.log,1,Missing Dependency,执行失败,,"Traceback (most recent call last):
  File ""/home/ubuntu/SYAN/GRADUATE/TeRL/Step4-RunTestCase/final-data/single_reuse_test_case/168240_pytorch_to_pytorch_2.output.py"", line 10, in <module>
    import torchvision
  File ""/home/ubuntu/miniconda3/envs/TeRL-Running/lib/python3.7/site-packages/torchvision/__init__.py"", line 5, in <module>
    from torchvision import datasets, io, models, ops, transforms, utils
  File ""/home/ubuntu/miniconda3/envs/TeRL-Running/lib/python3.7/site-packages/torchvision/mo"
168240_pytorch_to_pytorch_3.output.log,0,Success,生成成功,,
168240_pytorch_to_pytorch_4.output.log,1,Missing Dependency,执行失败,,"Traceback (most recent call last):
  File ""/home/ubuntu/SYAN/GRADUATE/TeRL/Step4-RunTestCase/final-data/single_reuse_test_case/168240_pytorch_to_pytorch_4.output.py"", line 11, in <module>
    import torchvision
  File ""/home/ubuntu/miniconda3/envs/TeRL-Running/lib/python3.7/site-packages/torchvision/__init__.py"", line 5, in <module>
    from torchvision import datasets, io, models, ops, transforms, utils
  File ""/home/ubuntu/miniconda3/envs/TeRL-Running/lib/python3.7/site-packages/torchvision/mo"
168240_pytorch_to_pytorch_5.output.log,0,Success,生成成功,,"/home/ubuntu/miniconda3/envs/TeRL-Running/lib/python3.7/site-packages/torch/nn/parallel/data_parallel.py:32: UserWarning: 
    There is an imbalance between your GPUs. You may want to exclude GPU 2 which
    has less than 75% of the memory or cores of GPU 0. You can do so by setting
    the device_ids argument to DataParallel, or by setting the CUDA_VISIBLE_DEVICES
    environment variable.
  warnings.warn(imbalance_warn.format(device_ids[min_pos], device_ids[max_pos]))
"
168240_pytorch_to_pytorch_6.output.log,0,Success,生成成功,,
168240_pytorch_to_pytorch_7.output.log,0,Success,生成成功,,
168240_pytorch_to_pytorch_8.output.log,1,API Misuse,生成失败,,"Traceback (most recent call last):
  File ""/home/ubuntu/SYAN/GRADUATE/TeRL/Step4-RunTestCase/final-data/single_reuse_test_case/168240_pytorch_to_pytorch_8.output.py"", line 17, in <module>
    torch.library.register_fake(""test_ns::custom_op"", custom_op_meta)
AttributeError: module 'torch.library' has no attribute 'register_fake'
"
168240_pytorch_to_pytorch_9.output.log,1,Missing Dependency,执行失败,,"Traceback (most recent call last):
  File ""/home/ubuntu/SYAN/GRADUATE/TeRL/Step4-RunTestCase/final-data/single_reuse_test_case/168240_pytorch_to_pytorch_9.output.py"", line 10, in <module>
    import torchvision
  File ""/home/ubuntu/miniconda3/envs/TeRL-Running/lib/python3.7/site-packages/torchvision/__init__.py"", line 5, in <module>
    from torchvision import datasets, io, models, ops, transforms, utils
  File ""/home/ubuntu/miniconda3/envs/TeRL-Running/lib/python3.7/site-packages/torchvision/mo"
168251_pytorch_to_pytorch_1.output.log,0,Success,生成成功,"Distributed environment initialized successfully.
Input tensor: tensor([[ 0.1434,  0.0621,  0.7405,  ..., -0.3856, -1.2768, -0.9339],
        [ 1.0776,  1.2450, -0.0668,  ..., -0.6824,  1.0329,  0.4635],
        [ 0.2906,  0.2186, -1.3804,  ...,  1.4102,  0.4595,  1.5213],
        ...,
        [-1.5142, -0.7529, -0.5269,  ..., -0.0617, -0.3469, -0.8006],
        [ 0.0621,  0.0127, -0.0608,  ..., -0.6241,  1.0469,  0.9754],
        [-0.4560,  1.1901, -1.8243,  ..., -0.8534, -0.9955, -0.4585]])
",
168251_pytorch_to_pytorch_10.output.log,0,Success,生成成功,"Rank 0 - Local output shapes: torch.Size([32, 784]), torch.Size([32, 20]), torch.Size([32, 20])
Rank 1 - Local output shapes: torch.Size([32, 784]), torch.Size([32, 20]), torch.Size([32, 20])
Rank 0 - Gathered list type: <class 'list'>
Rank 0 - Verified gathered item from rank 0: torch.Size([32, 784]), torch.Size([32, 20]), torch.Size([32, 20])
Rank 0 - Verified gathered item from rank 1: torch.Size([32, 784]), torch.Size([32, 20]), torch.Size([32, 20])
Rank 0 - Correctly raised AttributeError w",
168251_pytorch_to_pytorch_2.output.log,0,Success,生成成功,"Model executed successfully!
Input shape: torch.Size([32, 784])
Reconstruction shape: torch.Size([32, 784])
Mu shape: torch.Size([32, 20])
Log_var shape: torch.Size([32, 20])
Prod Reconstruction shape: torch.Size([])
Prod Mu shape: torch.Size([])
Prod Log_var shape: torch.Size([])
Prod Reconstruction (dim=0) shape: torch.Size([784])
torch.prod test passed!
",
168251_pytorch_to_pytorch_3.output.log,1,API Misuse,生成失败,,"Traceback (most recent call last):
  File ""/home/ubuntu/SYAN/GRADUATE/TeRL/Step4-RunTestCase/final-data/single_reuse_test_case/168251_pytorch_to_pytorch_3.output.py"", line 14, in <module>
    @torch.library.impl_abstract(""test_vae::forward"")
AttributeError: module 'torch.library' has no attribute 'impl_abstract'
"
168251_pytorch_to_pytorch_4.output.log,1,API Misuse,生成失败,"Eager output type: <class 'tuple'>
","Traceback (most recent call last):
  File ""/home/ubuntu/SYAN/GRADUATE/TeRL/Step4-RunTestCase/final-data/single_reuse_test_case/168251_pytorch_to_pytorch_4.output.py"", line 99, in <module>
    main()
  File ""/home/ubuntu/SYAN/GRADUATE/TeRL/Step4-RunTestCase/final-data/single_reuse_test_case/168251_pytorch_to_pytorch_4.output.py"", line 74, in main
    compiled_model = torch.compile(model)
AttributeError: module 'torch' has no attribute 'compile'
"
168251_pytorch_to_pytorch_5.output.log,0,Success,生成成功,"Warning: torch.compile is not available in this environment. Using a pass-through mock.
Model executed successfully!
Input shape: torch.Size([32, 784])
Reconstruction shape: torch.Size([32, 784])
Mu shape: torch.Size([32, 20])
Log_var shape: torch.Size([32, 20])
Eager any(reconstruction > 0.5): True
Eager any(mu > 0): True
Compile any(reconstruction > 0.5): True
Compile any(mu > 0): True
Test passed: torch.any works correctly on compiled model outputs.
",
168251_pytorch_to_pytorch_6.output.log,0,Success,生成成功,"Model executed successfully in eager mode!
Input shape: torch.Size([10, 10])
Eager AttributeError: 'tuple' object has no attribute 'shape'
Actual output type: <class 'tuple'>
Element 0 shape: torch.Size([2])
Element 1 shape: torch.Size([10, 2])
torch.compile is not available in this PyTorch version. Skipping compile test.
",
168251_pytorch_to_pytorch_7.output.log,0,Success,生成成功,"Rank 1: Error receiving or verifying object list - module 'torch.distributed' has no attribute 'recv_object_list'
Rank 0: Error sending object list - module 'torch.distributed' has no attribute 'send_object_list'
",
168251_pytorch_to_pytorch_8.output.log,1,API Misuse,生成失败,"Rank 1: Receiving model and input tensor...
Rank 0: Sending model and input tensor...
","Traceback (most recent call last):
  File ""/home/ubuntu/SYAN/GRADUATE/TeRL/Step4-RunTestCase/final-data/single_reuse_test_case/168251_pytorch_to_pytorch_8.output.py"", line 168, in <module>
    mp.spawn(run, args=(world_size,), nprocs=world_size, join=True)
  File ""/home/ubuntu/miniconda3/envs/TeRL-Running/lib/python3.7/site-packages/torch/multiprocessing/spawn.py"", line 240, in spawn
    return start_processes(fn, args, nprocs, join, daemon, start_method='spawn')
  File ""/home/ubuntu/miniconda3/"
168251_pytorch_to_pytorch_9.output.log,0,Success,生成成功,"Model executed successfully!
Input shape: torch.Size([32, 784])
Reconstruction shape: torch.Size([32, 784])
Mu shape: torch.Size([32, 20])
Log_var shape: torch.Size([32, 20])
Broadcasted Element 0 shape: torch.Size([32, 784])
Broadcasted Element 1 shape: torch.Size([32, 20])
Broadcasted Element 2 shape: torch.Size([32, 20])
Correctly caught AttributeError when accessing .shape on the list object.
",
