tf_api,tf_doc,pytorch_api,pytorch_doc
tensorflow.python.summary.writer.event_file_writer_v2.flush,,torch.utils.tensorboard.writer.flush,Flushes the event file to disk. Call this method to make sure that all pending events have been written to disk.
tensorflow.python.data.ops.dataset_ops.is_subtype_of,,torch.distributed.elastic.rendezvous.dynamic_rendezvous.state,See base class.
tensorflow.python.distribute.tpu_strategy.run,,torch.distributed.elastic.rendezvous.dynamic_rendezvous.shutdown,See base class.
tensorflow.python.data.ops.dataset_ops.most_specific_common_supertype,,torch.distributed.elastic.rendezvous.c10d_rendezvous_backend.name,See base class.
tensorflow.python.training.monitored_session.run,,torch.distributed.elastic.rendezvous.dynamic_rendezvous.is_closed,See base class.
tensorflow.python.summary.writer.writer.close,,torch.utils.tensorboard.writer.close,Flushes the event file to disk and close the file. Call this method when you do not need the summary writer anymore.
tensorflow.python.summary.writer.writer.reopen,,torch.utils.tensorboard.writer.reopen,Reopens the EventFileWriter. Can be called after `close()` to add more events in the same directory. The events will go into a new events file. Does nothing if the EventFileWriter was not closed.
tensorflow.python.lib.io.file_io.name,,torch.profiler.profiler.get_output_file_path,Returns the output file name.
tensorflow.python.distribute.test_util.get_running_threads,,torch.onnx._internal.registration.all_functions,Returns the set of all registered function names.
tensorflow.python.summary.writer.event_file_writer.get_logdir,,torch.utils.tensorboard.writer.get_logdir,Return the directory where event file will be written.
tensorflow.python.framework.function.grad_func_name,,torch.onnx._internal.registration.get_function_group,Returns the function group for the given name.
tensorflow.python.ops.logging_ops.merge_summary,,torch.utils.tensorboard.summary.histogram,Output a `Summary` protocol buffer with a histogram. The generated [`Summary`](https://www.tensorflow.org/code/tensorflow/core/framework/summary.proto) has one summary value containing a histogram for `values`. This op reports an `InvalidArgument` error if any value is not finite. Args: name: A name for the generated node. Will also serve as a series name in TensorBoard. values: A real numeric `Tensor`. Any shape. Values to use to build the histogram. Returns: A scalar `Tensor` of type `string`. The serialized `Summary` protocol buffer.
tensorflow.python.keras.engine.base_layer_utils.make_variable,,torch.distributed.checkpoint.state_dict_loader.load,"Load a distributed ``state_dict`` in SPMD style. Each rank will try to read the least amount of data necessary to fullfill the requested `state_dict`. When loading :class:`ShardedTensor` or :class:`DTensor` instances, each rank only reads data for their local shards. For each ``Stateful`` object (having both a ``state_dict`` and a ``load_state_dict``), load will first call ``state_dict`` before attempting deserialization, followed by ``load_state_dict`` once the deserialization is complete. .. warning:: All tensors in ``state_dict`` must be allocated on their destination device *prior to* calling this function. All non-tensor data is loaded using `torch.load()` and modified in place on state_dict. .. warning:: Users must call `load_state_dict` on the root module to ensure load pos-processing and non-tensor data properly propagates. .. note: If no process group is initialized, this function will assume the intent is to load a checkpoint into the local process. This can be useful in the case of local inference, and when using regular Tensors (as opposed to DTensor or ShardedTensor) .. note: Rank 0 is assumed to be the coordinator rank. Args: state_dict (Dict[str, Any]): The state_dict to save. checkpoint_id (Union[str, os.PathLike, None]): The ID of this checkpoint instance. The meaning of the checkpoint_id depends on the storage. It can be a path to a folder or to a file. It can also be a key if the storage is a key-value store. (Default: ``None``) storage_reader (Optional[StorageReader]): Instance of StorageWriter used to perform reads. If this is not specified, DCP will automatically infer the reader based on the checkpoint_id. If checkpoint_id is also None, an exception will be raised. (Default: ``None``) planner (Optional[LoadPlanner]): Instance of LoadPlanner. If this is not specificed, the default planner will be used. (Default: ``None``) process_group (Optional[ProcessGroup]): ProcessGroup to be used for cross-rank synchronization. (Default: ``None``) Returns:"
tensorflow.python.ops.math_ops.reduce_std,,torch.autograd.functional.hvp,"Compute the dot product between the scalar function's Hessian and a vector ``v`` at a specified point. Args: func (function): a Python function that takes Tensor inputs and returns a Tensor with a single element. inputs (tuple of Tensors or Tensor): inputs to the function ``func``. v (tuple of Tensors or Tensor): The vector for which the Hessian vector product is computed. Must be the same size as the input of ``func``. This argument is optional when ``func``'s input contains a single element and (if it is not provided) will be set as a Tensor containing a single ``1``. create_graph (bool, optional): If ``True``, both the output and result will be computed in a differentiable way. Note that when ``strict`` is ``False``, the result can not require gradients or be disconnected from the inputs. Defaults to ``False``. strict (bool, optional): If ``True``, an error will be raised when we detect that there exists an input such that all the outputs are independent of it. If ``False``, we return a Tensor of zeros as the hvp for said inputs, which is the expected mathematical value. Defaults to ``False``. Returns: output (tuple): tuple with: func_output (tuple of Tensors or Tensor): output of ``func(inputs)`` hvp (tuple of Tensors or Tensor): result of the dot product with the same shape as the inputs. Example: >>> # xdoctest: +REQUIRES(env:TORCH_DOCTEST_AUTOGRAD) >>> def pow_reducer(x): ... return x.pow(3).sum() >>> inputs = torch.rand(2, 2) >>> v = torch.ones(2, 2) >>> # xdoctest: +IGNORE_WANT(""non-deterministic"") >>> hvp(pow_reducer, inputs, v) (tensor(0.1448), tensor([[2.0239, 1.6456], [2.4988, 1.4310]])) >>> hvp(pow_reducer, inputs, v, create_graph=True) (tensor(0.1448, grad_fn=<SumBackward0>), tensor([[2.0239, 1.6456], [2.4988, 1.4310]], grad_fn=<MulBackward0>)) >>> def pow_adder_reducer(x, y): ... return (2 * x.pow(2) + 3 * y.pow(2)).sum() >>> inputs = (torch.rand(2), torch.rand(2)) >>> v = (torch.zeros(2), torch.ones(2)) >>> hvp(pow_adder_reducer, inputs, v) (tensor("
tensorflow.python.framework.experimental.context_stack.get_default,,torch.onnx._internal.diagnostics.infra.utils.python_call_stack,Returns the current Python call stack.
tensorflow.python.ops.template.non_trainable_variables,,torch._higher_order_ops.auto_functionalize.get_mutable_arg_names,Returns the list of argument names that get mutated according to the schema.
tensorflow.python.summary.writer.writer.add_session_log,,torch.utils.tensorboard.writer.add_summary,Add a `Summary` protocol buffer to the event file. This method wraps the provided summary in an `Event` protocol buffer and adds it to the event file. Args: summary: A `Summary` protocol buffer. global_step: Number. Optional global step value for training process to record with the summary. walltime: float. Optional walltime to override the default (current) walltime (from time.time()) seconds after epoch
tensorflow.python.eager.polymorphic_function.eager_function_run.functions_run_eagerly,,torch.distributed.checkpoint.staging.stage,Returns a copy of `state_dict` on the CPU.
tensorflow.python.keras.engine.base_layer_utils.from_saved_model,,torch.cuda.tunable.is_enabled,Returns whether the TunableOp feature is enabled.
tensorflow.python.keras.engine.training.fit,,torch._functorch.apis.chunk_vmap,"chunk_vmap is the vectorizing map (vmap) using chunks of input data. It is a mix of vmap (which vectorizes everything) and map (which executes things sequentially). ``chunk_vmap`` vectorizes the input with number of chunks at a time. For more details about vectorizing map, see :func:`vmap`. .. note:: Please use :func:`vmap` with ``chunk_size`` argument instead of this API. Args: func (function): A Python function that takes one or more arguments. Must return one or more Tensors. in_dims (int or nested structure): Specifies which dimension of the inputs should be mapped over. ``in_dims`` should have a structure like the inputs. If the ``in_dim`` for a particular input is None, then that indicates there is no map dimension. Default: 0. out_dims (int or Tuple[int]): Specifies where the mapped dimension should appear in the outputs. If ``out_dims`` is a Tuple, then it should have one element per output. Default: 0. randomness (str): Specifies whether the randomness in this vmap should be the same or different across batches. If 'different', the randomness for each batch will be different. If 'same', the randomness will be the same across batches. If 'error', any calls to random functions will error. Default: 'error'. WARNING: this flag only applies to random PyTorch operations and does not apply to Python's random module or numpy randomness. chunks (int): Number of chunks to use to split the input data. Default is 2. If equals to 1 then :func:`vmap` is called. Returns: Returns a new ""batched"" function. It takes the same inputs as ``func``, except each input has an extra dimension at the index specified by ``in_dims``. It takes returns the same outputs as ``func``, except each output has an extra dimension at the index specified by ``out_dims``."
tensorflow.python.ops.math_ops.unsorted_segment_sqrt_n,,torch.functional.meshgrid,"Creates grids of coordinates specified by the 1D inputs in `attr`:tensors. This is helpful when you want to visualize data over some range of inputs. See below for a plotting example. Given :math:`N` 1D tensors :math:`T_0 \ldots T_{N-1}` as inputs with corresponding sizes :math:`S_0 \ldots S_{N-1}`, this creates :math:`N` N-dimensional tensors :math:`G_0 \ldots G_{N-1}`, each with shape :math:`(S_0, ..., S_{N-1})` where the output :math:`G_i` is constructed by expanding :math:`T_i` to the result shape. .. note:: 0D inputs are treated equivalently to 1D inputs of a single element. .. warning:: `torch.meshgrid(*tensors)` currently has the same behavior as calling `numpy.meshgrid(*arrays, indexing='ij')`. In the future `torch.meshgrid` will transition to `indexing='xy'` as the default. https://github.com/pytorch/pytorch/issues/50276 tracks this issue with the goal of migrating to NumPy's behavior. .. seealso:: :func:`torch.cartesian_prod` has the same effect but it collects the data in a tensor of vectors. Args: tensors (list of Tensor): list of scalars or 1 dimensional tensors. Scalars will be treated as tensors of size :math:`(1,)` automatically indexing: (str, optional): the indexing mode, either ""xy"" or ""ij"", defaults to ""ij"". See warning for future changes. If ""xy"" is selected, the first dimension corresponds to the cardinality of the second input and the second dimension corresponds to the cardinality of the first input. If ""ij"" is selected, the dimensions are in the same order as the cardinality of the inputs. Returns: seq (sequence of Tensors): If the input has :math:`N` tensors of size :math:`S_0 \ldots S_{N-1}``, then the output will also have :math:`N` tensors, where each tensor is of shape :math:`(S_0, ..., S_{N-1})`. Example:: >>> x = torch.tensor([1, 2, 3]) >>> y = torch.tensor([4, 5, 6]) Observe the element-wise pairings across the grid, (1, 4), (1, 5), ..., (3, 6). This is the same thing as the cartesian product. >>> grid_x, grid_y = torch.meshgrid(x, y"
tensorflow.python.training.experimental.loss_scale_optimizer.variables,,torch.distributions.distribution.mode,Returns the mode of the distribution.
tensorflow.python.framework.func_graph.func_graph_from_py_func,,torch._dynamo.eval_frame.export,"Export an input function f to a format that can be executed outside of PyTorch using the FX graph. Args: f (callable): A PyTorch function to be exported. aten_graph (bool): If True, exports a graph with ATen operators. If False, exports a graph with Python operators. Default is False. pre_dispatch (bool): If True, exports a graph with ATen operators, but before any logic in the PyTorch dispatcher has run. This can be useful if you want to apply further transformations on a graph before running it through autograd, autocast, or any other functionalities that are integrated into the dispatcher. This flag is only valid if aten_graph=True is set. Default is False. decomposition_table (dict): A dictionary that maps operators to their decomposition functions. Required if aten_graph or tracing_mode is specified. Default is None. tracing_mode (str): If ""symbolic"", turn on dynamic shapes support. Default is ""symbolic"". dynamic_shapes: An optional argument where the type should either be: 1) a dict from argument names of ``f`` to their dynamic shape specifications, 2) a tuple that specifies dynamic shape specifications for each input in original order. If you are specifying dynamism on keyword args, you will need to pass them in the order that is defined in the original function signature. The dynamic shape of a tensor argument can be specified as either (1) a dict from dynamic dimension indices to :func:`Dim` types, where it is not required to include static dimension indices in this dict, but when they are, they should be mapped to None; or (2) a tuple / list of :func:`Dim` types or None, where the :func:`Dim` types correspond to dynamic dimensions, and static dimensions are denoted by None. Arguments that are dicts or tuples / lists of tensors are recursively specified by using mappings or sequences of contained specifications. same_signature (bool): If True, rewrite the returned graph's signature to be the same as f. disable_constraint_solver (bool): Whether the dim const"
tensorflow.python.ops.nn_ops.softmax_cross_entropy_with_logits_v2_helper,,torch._functorch.apis.vmap,"vmap is the vectorizing map; ``vmap(func)`` returns a new function that maps ``func`` over some dimension of the inputs. Semantically, vmap pushes the map into PyTorch operations called by ``func``, effectively vectorizing those operations. vmap is useful for handling batch dimensions: one can write a function ``func`` that runs on examples and then lift it to a function that can take batches of examples with ``vmap(func)``. vmap can also be used to compute batched gradients when composed with autograd. .. note:: :func:`torch.vmap` is aliased to :func:`torch.func.vmap` for convenience. Use whichever one you'd like. Args: func (function): A Python function that takes one or more arguments. Must return one or more Tensors. in_dims (int or nested structure): Specifies which dimension of the inputs should be mapped over. ``in_dims`` should have a structure like the inputs. If the ``in_dim`` for a particular input is None, then that indicates there is no map dimension. Default: 0. out_dims (int or Tuple[int]): Specifies where the mapped dimension should appear in the outputs. If ``out_dims`` is a Tuple, then it should have one element per output. Default: 0. randomness (str): Specifies whether the randomness in this vmap should be the same or different across batches. If 'different', the randomness for each batch will be different. If 'same', the randomness will be the same across batches. If 'error', any calls to random functions will error. Default: 'error'. WARNING: this flag only applies to random PyTorch operations and does not apply to Python's random module or numpy randomness. chunk_size (None or int): If None (default), apply a single vmap over inputs. If not None, then compute the vmap :attr:`chunk_size` samples at a time. Note that :attr:`chunk_size=1` is equivalent to computing the vmap with a for-loop. If you run into memory issues computing the vmap, please try a non-None chunk_size. Returns: Returns a new ""batched"" function. It takes the same inputs as ``f"
tensorflow.python.framework.ops.create_op,,torch.onnx._internal.jit_utils.op,"Creates an ONNX operator ""opname"", taking ""raw_args"" as inputs and ""kwargs"" as attributes. The set of operators and the inputs/attributes they take is documented at https://github.com/onnx/onnx/blob/master/docs/Operators.md Args: opname: The ONNX operator name, e.g., `Abs` or `Add`, or an operator qualified with a namespace, e.g., `aten::add`. raw_args: The inputs to the operator; usually provided as arguments to the `symbolic` definition. outputs: The number of outputs this operator returns. By default an operator is assumed to return a single output. If `outputs` is greater than one, this functions returns a tuple of output `Value`, representing each output of the ONNX operator in order. kwargs: The attributes of the ONNX operator, whose keys are named according to the following convention: `alpha_f` indicates the `alpha` attribute with type `f`. The valid type specifiers are `f` (float), `i` (int), `s` (string) or `t` (Tensor). An attribute specified with type float accepts either a single float, or a list of floats (e.g., you would say `dims_i` for a `dims` attribute that takes a list of integers). Returns: The value representing the single output of this operator (see the `outputs` keyword argument for multi-return nodes)."
tensorflow.python.feature_column.feature_column_v2.embedding_column,,torch.nn.functional.embedding,"Generate a simple lookup table that looks up embeddings in a fixed dictionary and size. This module is often used to retrieve word embeddings using indices. The input to the module is a list of indices, and the embedding matrix, and the output is the corresponding word embeddings. See :class:`torch.nn.Embedding` for more details. .. note:: Note that the analytical gradients of this function with respect to entries in :attr:`weight` at the row specified by :attr:`padding_idx` are expected to differ from the numerical ones. .. note:: Note that `:class:`torch.nn.Embedding` differs from this function in that it initializes the row of :attr:`weight` specified by :attr:`padding_idx` to all zeros on construction. Args: input (LongTensor): Tensor containing indices into the embedding matrix weight (Tensor): The embedding matrix with number of rows equal to the maximum possible index + 1, and number of columns equal to the embedding size padding_idx (int, optional): If specified, the entries at :attr:`padding_idx` do not contribute to the gradient; therefore, the embedding vector at :attr:`padding_idx` is not updated during training, i.e. it remains as a fixed ""pad"". max_norm (float, optional): If given, each embedding vector with norm larger than :attr:`max_norm` is renormalized to have norm :attr:`max_norm`. Note: this will modify :attr:`weight` in-place. norm_type (float, optional): The p of the p-norm to compute for the :attr:`max_norm` option. Default ``2``. scale_grad_by_freq (bool, optional): If given, this will scale gradients by the inverse of frequency of the words in the mini-batch. Default ``False``. sparse (bool, optional): If ``True``, gradient w.r.t. :attr:`weight` will be a sparse tensor. See Notes under :class:`torch.nn.Embedding` for more details regarding sparse gradients. Shape: - Input: LongTensor of arbitrary shape containing the indices to extract - Weight: Embedding matrix of floating point type with shape `(V, embedding_dim)`, where V = maximum index"
tensorflow.python.data.ops.dataset_ops.from_generator,,torch.utils.dlpack.from_dlpack,"from_dlpack(ext_tensor) -> Tensor Converts a tensor from an external library into a ``torch.Tensor``. The returned PyTorch tensor will share the memory with the input tensor (which may have come from another library). Note that in-place operations will therefore also affect the data of the input tensor. This may lead to unexpected issues (e.g., other libraries may have read-only flags or immutable data structures), so the user should only do this if they know for sure that this is fine. Args: ext_tensor (object with ``__dlpack__`` attribute, or a DLPack capsule): The tensor or DLPack capsule to convert. If ``ext_tensor`` is a tensor (or ndarray) object, it must support the ``__dlpack__`` protocol (i.e., have a ``ext_tensor.__dlpack__`` method). Otherwise ``ext_tensor`` may be a DLPack capsule, which is an opaque ``PyCapsule`` instance, typically produced by a ``to_dlpack`` function or method. Examples:: >>> import torch.utils.dlpack >>> t = torch.arange(4) # Convert a tensor directly (supported in PyTorch >= 1.10) >>> t2 = torch.from_dlpack(t) >>> t2[:2] = -1 # show that memory is shared >>> t2 tensor([-1, -1, 2, 3]) >>> t tensor([-1, -1, 2, 3]) # The old-style DLPack usage, with an intermediate capsule object >>> capsule = torch.utils.dlpack.to_dlpack(t) >>> capsule <capsule object ""dltensor"" at ...> >>> t3 = torch.from_dlpack(capsule) >>> t3 tensor([-1, -1, 2, 3]) >>> t3[0] = -9 # now we're sharing memory between 3 tensors >>> t3 tensor([-9, -1, 2, 3]) >>> t2 tensor([-9, -1, 2, 3]) >>> t tensor([-9, -1, 2, 3])"
tensorflow.python.summary.tb_summary.image,,torch.utils.tensorboard.writer.add_image,"Add image data to summary. Note that this requires the ``pillow`` package. Args: tag (str): Data identifier img_tensor (torch.Tensor, numpy.ndarray, or string/blobname): Image data global_step (int): Global step value to record walltime (float): Optional override default walltime (time.time()) seconds after epoch of event dataformats (str): Image data format specification of the form CHW, HWC, HW, WH, etc. Shape: img_tensor: Default is :math:`(3, H, W)`. You can use ``torchvision.utils.make_grid()`` to convert a batch of tensor into 3xHxW format or call ``add_images`` and let us do the job. Tensor with :math:`(1, H, W)`, :math:`(H, W)`, :math:`(H, W, 3)` is also suitable as long as corresponding ``dataformats`` argument is passed, e.g. ``CHW``, ``HWC``, ``HW``. Examples:: from torch.utils.tensorboard import SummaryWriter import numpy as np img = np.zeros((3, 100, 100)) img[0] = np.arange(0, 10000).reshape(100, 100) / 10000 img[1] = 1 - np.arange(0, 10000).reshape(100, 100) / 10000 img_HWC = np.zeros((100, 100, 3)) img_HWC[:, :, 0] = np.arange(0, 10000).reshape(100, 100) / 10000 img_HWC[:, :, 1] = 1 - np.arange(0, 10000).reshape(100, 100) / 10000 writer = SummaryWriter() writer.add_image('my_image', img, 0) # If you have non-default dimension setting, set the dataformats argument. writer.add_image('my_image_HWC', img_HWC, 0, dataformats='HWC') writer.close() Expected result: .. image:: _static/img/tensorboard/add_image.png :scale: 50 %"
tensorflow.python.ops.tensor_array_ops.split,,torch.utils.tensorboard.summary.tensor_proto,"Outputs a `Summary` protocol buffer containing the full tensor. The generated Summary has a Tensor.proto containing the input Tensor. Args: name: A name for the generated node. Will also serve as the series name in TensorBoard. tensor: Tensor to be converted to protobuf Returns: A tensor protobuf in a `Summary` protobuf. Raises: ValueError: If tensor is too big to be converted to protobuf, or tensor data type is not supported"
tensorflow.python.framework.test_util.run_in_graph_and_eager_modes,,torch.library.opcheck,"Given an operator and some sample arguments, tests if the operator is registered correctly. That is, when you use the torch.library/TORCH_LIBRARY APIs to create a custom op, you specified metadata (e.g. mutability info) about the custom op and these APIs require that the functions you pass them satisfy certain properties (e.g. no data pointer access in the fake/meta/abstract kernel) ``opcheck`` tests these metadata and properties. Concretely, we test the following: - test_schema: if the operator's schema is correct. - test_autograd_registration: if autograd was registered correctly. - test_faketensor: If the operator has a FakeTensor kernel (and if it is correct). The FakeTensor kernel is necessary ( but not sufficient) for the operator to work with PyTorch compilation APIs (torch.compile/export/FX). - test_aot_dispatch_dynamic: If the operator has correct behavior with PyTorch compilation APIs (torch.compile/export/FX). This checks that the outputs (and gradients, if applicable) are the same under eager-mode PyTorch and torch.compile. This test is a superset of ``test_faketensor``. For best results, please call ``opcheck`` multiple times with a representative set of inputs. If your operator supports autograd, please use ``opcheck`` with inputs with ``requires_grad = True``; if your operator supports multiple devices (e.g. CPU and CUDA), please use ``opcheck`` with inputs on all supported devices. Args: op: The operator. Must either be a function decorated with :func:`torch.library.custom_op` or an OpOverload/OpOverloadPacket found in torch.ops.* (e.g. torch.ops.aten.sin, torch.ops.mylib.foo) args: The args to the operator kwargs: The kwargs to the operator test_utils: Tests that we should run. Default: all of them. Example: (""test_schema"", ""test_faketensor"") raise_exception: If we should raise an exception on the first error. If False, we will return a dict with information on if each test passed or not. .. warning:: opcheck and :func:`torch.autograd.gradcheck` tes"
tensorflow.python.autograph.pyct.inspect_utils.isbuiltin,,torch.distributed.pipelining.stage.is_first,Returns true if this stage is the first stage in the pipeline.
tensorflow.python.ops.image_ops_impl.crop_and_resize_v2,,torch.nn.functional.upsample,"Upsample input. Provided tensor is upsampled to either the given :attr:`size` or the given :attr:`scale_factor` .. warning:: This function is deprecated in favor of :func:`torch.nn.functional.interpolate`. This is equivalent with ``nn.functional.interpolate(...)``. Note: {backward_reproducibility_note} The algorithm used for upsampling is determined by :attr:`mode`. Currently temporal, spatial and volumetric upsampling are supported, i.e. expected inputs are 3-D, 4-D or 5-D in shape. The input dimensions are interpreted in the form: `mini-batch x channels x [optional depth] x [optional height] x width`. The modes available for upsampling are: `nearest`, `linear` (3D-only), `bilinear`, `bicubic` (4D-only), `trilinear` (5D-only) Args: input (Tensor): the input tensor size (int or Tuple[int] or Tuple[int, int] or Tuple[int, int, int]): output spatial size. scale_factor (float or Tuple[float]): multiplier for spatial size. Has to match input size if it is a tuple. mode (str): algorithm used for upsampling: ``'nearest'`` | ``'linear'`` | ``'bilinear'`` | ``'bicubic'`` | ``'trilinear'``. Default: ``'nearest'`` align_corners (bool, optional): Geometrically, we consider the pixels of the input and output as squares rather than points. If set to ``True``, the input and output tensors are aligned by the center points of their corner pixels, preserving the values at the corner pixels. If set to ``False``, the input and output tensors are aligned by the corner points of their corner pixels, and the interpolation uses edge value padding for out-of-boundary values, making this operation *independent* of input size when :attr:`scale_factor` is kept the same. This only has an effect when :attr:`mode` is ``'linear'``, ``'bilinear'``, ``'bicubic'`` or ``'trilinear'``. Default: ``False`` .. note:: With ``mode='bicubic'``, it's possible to cause overshoot, in other words it can produce negative values or values greater than 255 for images. Explicitly call ``result.clamp(min=0, max=255)"
tensorflow.python.framework.tensor_util.make_tensor_proto,,torch.onnx.utils.export,"Exports a model into ONNX format. If ``model`` is not a :class:`torch.jit.ScriptModule` nor a :class:`torch.jit.ScriptFunction`, this runs ``model`` once in order to convert it to a TorchScript graph to be exported (the equivalent of :func:`torch.jit.trace`). Thus this has the same limited support for dynamic control flow as :func:`torch.jit.trace`. Args: model (:class:`torch.nn.Module`, :class:`torch.jit.ScriptModule` or :class:`torch.jit.ScriptFunction`): the model to be exported. args (tuple or torch.Tensor): args can be structured either as: 1. ONLY A TUPLE OF ARGUMENTS:: args = (x, y, z) The tuple should contain model inputs such that ``model(*args)`` is a valid invocation of the model. Any non-Tensor arguments will be hard-coded into the exported model; any Tensor arguments will become inputs of the exported model, in the order they occur in the tuple. 2. A TENSOR:: args = torch.Tensor([1]) This is equivalent to a 1-ary tuple of that Tensor. 3. A TUPLE OF ARGUMENTS ENDING WITH A DICTIONARY OF NAMED ARGUMENTS:: args = ( x, { ""y"": input_y, ""z"": input_z } ) All but the last element of the tuple will be passed as non-keyword arguments, and named arguments will be set from the last element. If a named argument is not present in the dictionary, it is assigned the default value, or None if a default value is not provided. .. note:: If a dictionary is the last element of the args tuple, it will be interpreted as containing named arguments. In order to pass a dict as the last non-keyword arg, provide an empty dict as the last element of the args tuple. For example, instead of:: torch.onnx.export( model, ( x, # WRONG: will be interpreted as named arguments {y: z} ), ""test.onnx.pb"" ) Write:: torch.onnx.export( model, ( x, {y: z}, {} ), ""test.onnx.pb"" ) f: a file-like object (such that ``f.fileno()`` returns a file descriptor) or a string containing a file name. A binary protocol buffer will be written to this file. export_params (bool, default True): if True, all paramet"
tensorflow.python.ops.math_ops.accumulate_n,,torch.autograd.functional.vhp,"Compute the dot product between vector ``v`` and Hessian of a given scalar function at a specified point. Args: func (function): a Python function that takes Tensor inputs and returns a Tensor with a single element. inputs (tuple of Tensors or Tensor): inputs to the function ``func``. v (tuple of Tensors or Tensor): The vector for which the vector Hessian product is computed. Must be the same size as the input of ``func``. This argument is optional when ``func``'s input contains a single element and (if it is not provided) will be set as a Tensor containing a single ``1``. create_graph (bool, optional): If ``True``, both the output and result will be computed in a differentiable way. Note that when ``strict`` is ``False``, the result can not require gradients or be disconnected from the inputs. Defaults to ``False``. strict (bool, optional): If ``True``, an error will be raised when we detect that there exists an input such that all the outputs are independent of it. If ``False``, we return a Tensor of zeros as the vhp for said inputs, which is the expected mathematical value. Defaults to ``False``. Returns: output (tuple): tuple with: func_output (tuple of Tensors or Tensor): output of ``func(inputs)`` vhp (tuple of Tensors or Tensor): result of the dot product with the same shape as the inputs. Example: >>> # xdoctest: +REQUIRES(env:TORCH_DOCTEST_AUTOGRAD) >>> def pow_reducer(x): ... return x.pow(3).sum() >>> inputs = torch.rand(2, 2) >>> v = torch.ones(2, 2) >>> # xdoctest: +IGNORE_WANT(""non-deterministic"") >>> vhp(pow_reducer, inputs, v) (tensor(0.5591), tensor([[1.0689, 1.2431], [3.0989, 4.4456]])) >>> vhp(pow_reducer, inputs, v, create_graph=True) (tensor(0.5591, grad_fn=<SumBackward0>), tensor([[1.0689, 1.2431], [3.0989, 4.4456]], grad_fn=<MulBackward0>)) >>> def pow_adder_reducer(x, y): ... return (2 * x.pow(2) + 3 * y.pow(2)).sum() >>> inputs = (torch.rand(2), torch.rand(2)) >>> v = (torch.zeros(2), torch.ones(2)) >>> vhp(pow_adder_reducer, inputs, v) (tens"
tensorflow.python.data.ops.dataset_ops.rejection_resample,,torch.ao.nn.quantized.functional.conv1d,"Applies a 1D convolution over a quantized 1D input composed of several input planes. See :class:`~torch.ao.nn.quantized.Conv1d` for details and output shape. Args: input: quantized input tensor of shape :math:`(\text{minibatch} , \text{in\_channels} , iW)` weight: quantized filters of shape :math:`(\text{out\_channels} , \frac{\text{in\_channels}}{\text{groups}} , iW)` bias: **non-quantized** bias tensor of shape :math:`(\text{out\_channels})`. The tensor type must be `torch.float`. stride: the stride of the convolving kernel. Can be a single number or a tuple `(sW,)`. Default: 1 padding: implicit paddings on both sides of the input. Can be a single number or a tuple `(padW,)`. Default: 0 dilation: the spacing between kernel elements. Can be a single number or a tuple `(dW,)`. Default: 1 groups: split input into groups, :math:`\text{in\_channels}` should be divisible by the number of groups. Default: 1 padding_mode: the padding mode to use. Only ""zeros"" is supported for quantized convolution at the moment. Default: ""zeros"" scale: quantization scale for the output. Default: 1.0 zero_point: quantization zero_point for the output. Default: 0 dtype: quantization data type to use. Default: ``torch.quint8`` Examples:: >>> # xdoctest: +REQUIRES(env:TORCH_DOCTEST_QENGINE) >>> from torch.ao.nn.quantized import functional as qF >>> filters = torch.randn(33, 16, 3, dtype=torch.float) >>> inputs = torch.randn(20, 16, 50, dtype=torch.float) >>> bias = torch.randn(33, dtype=torch.float) >>> >>> scale, zero_point = 1.0, 0 >>> dtype_inputs = torch.quint8 >>> dtype_filters = torch.qint8 >>> >>> q_filters = torch.quantize_per_tensor(filters, scale, zero_point, dtype_filters) >>> q_inputs = torch.quantize_per_tensor(inputs, scale, zero_point, dtype_inputs) >>> qF.conv1d(q_inputs, q_filters, bias, padding=1, scale=scale, zero_point=zero_point)"
tensorflow.python.distribute.distribute_lib.initializer,,torch.distributed.pipelining.stage.get_fwd_recv_ops,Returns a list of ops that are needed to receive the input arguments for this stage.
tensorflow.python.framework.test_util.is_ubsan_enabled,,torch.distributed.distributed_c10d.is_nccl_available,Check if the NCCL backend is available.
tensorflow.python.tools.saved_model_aot_compile.freeze_model,,torch._functorch.aot_autograd.create_aot_dispatcher_function,"Traces the forward and backward graphs of the attr:`flat_fn` to generate a joint graph. The joint graph is an Fx graph with Aten ops. Please refer to the tracing mechanism to understand the graph capturing details. The joint graph is then passed through attr:`partition_fn` to isolate the forward and backward portions, which are then respectively compiled via the provided attr:`fw_compiler` and attr:`bw_compiler`. The resulting compiled forward and backward graphs are then wrapped up in a ``torch.autograd.Function`` object. The calling convention here is that the first aot_config.num_params_buffers inputs in flat_args are parameters and buffers, and the rest are inputs. We use this to assume that parameters/buffer's shapes don't change. Note: this function is used both by aot_function and aot_export (controlled by aot_config.is_export) When aot_config.is_export is True, we return an FX graph + metadata When aot_config.is_export is False, we return an ordinary runtime function"
tensorflow.python.client.session.make_callable,,torch.nn.modules.module.register_full_backward_hook,"Register a backward hook on the module. The hook will be called every time the gradients with respect to a module are computed, i.e. the hook will execute if and only if the gradients with respect to module outputs are computed. The hook should have the following signature:: hook(module, grad_input, grad_output) -> tuple(Tensor) or None The :attr:`grad_input` and :attr:`grad_output` are tuples that contain the gradients with respect to the inputs and outputs respectively. The hook should not modify its arguments, but it can optionally return a new gradient with respect to the input that will be used in place of :attr:`grad_input` in subsequent computations. :attr:`grad_input` will only correspond to the inputs given as positional arguments and all kwarg arguments are ignored. Entries in :attr:`grad_input` and :attr:`grad_output` will be ``None`` for all non-Tensor arguments. For technical reasons, when this hook is applied to a Module, its forward function will receive a view of each Tensor passed to the Module. Similarly the caller will receive a view of each Tensor returned by the Module's forward function. .. warning :: Modifying inputs or outputs inplace is not allowed when using backward hooks and will raise an error. Args: hook (Callable): The user-defined hook to be registered. prepend (bool): If true, the provided ``hook`` will be fired before all existing ``backward`` hooks on this :class:`torch.nn.modules.Module`. Otherwise, the provided ``hook`` will be fired after all existing ``backward`` hooks on this :class:`torch.nn.modules.Module`. Note that global ``backward`` hooks registered with :func:`register_module_full_backward_hook` will fire before all hooks registered by this method. Returns: :class:`torch.utils.hooks.RemovableHandle`: a handle that can be used to remove the added hook by calling ``handle.remove()``"
tensorflow.python.lib.io.file_io.readlines,,torch._functorch._aot_autograd.logging_utils.get_aot_graph_name,Returns the name of the graph being compiled.
tensorflow.python.checkpoint.checkpoint_view.descendants,,torch._export.utils.nodes_filter,Returns the nodes that match the node_call_back as a list.
tensorflow.python.ops.distributions.special_math.erfinv,,torch.onnx._internal.fx.type_utils.from_python_type_to_onnx_tensor_element_type,"Converts a Python type to the corresponding ONNX tensor element type. For example, `from_python_type_to_onnx_tensor_element_type(float)` returns `onnx.TensorProto.FLOAT`. Args: type (type): The Python type to convert. Returns: int: The corresponding ONNX tensor element type."
tensorflow.python.keras.engine.training_utils_v1.cast_if_floating_dtype,,torch.nn.parallel.comm.reduce_add,"Sum tensors from multiple GPUs. All inputs should have matching shapes, dtype, and layout. The output tensor will be of the same shape, dtype, and layout. Args: inputs (Iterable[Tensor]): an iterable of tensors to add. destination (int, optional): a device on which the output will be placed (default: current device). Returns: A tensor containing an elementwise sum of all inputs, placed on the :attr:`destination` device."
tensorflow.python.ops.linalg.linear_operator.tensor_rank_tensor,,torch.quasirandom.draw_base2,"Function to draw a sequence of :attr:`2**m` points from a Sobol sequence. Note that the samples are dependent on the previous samples. The size of the result is :math:`(2**m, dimension)`. Args: m (Int): The (base2) exponent of the number of points to draw. out (Tensor, optional): The output tensor dtype (:class:`torch.dtype`, optional): the desired data type of the returned tensor. Default: ``None``"
tensorflow.python.keras.legacy_tf_layers.core.dropout,,torch.ao.nn.quantized.functional.avg_pool2d,"Applies 2D average-pooling operation in :math:`kH \times kW` regions by step size :math:`sH \times sW` steps. The number of output features is equal to the number of input planes. .. note:: The input quantization parameters propagate to the output. See :class:`~torch.ao.nn.quantized.AvgPool2d` for details and output shape. Args: input: quantized input tensor :math:`(\text{minibatch} , \text{in\_channels} , iH , iW)` kernel_size: size of the pooling region. Can be a single number or a tuple `(kH, kW)` stride: stride of the pooling operation. Can be a single number or a tuple `(sH, sW)`. Default: :attr:`kernel_size` padding: implicit zero paddings on both sides of the input. Can be a single number or a tuple `(padH, padW)`. Default: 0 ceil_mode: when True, will use `ceil` instead of `floor` in the formula to compute the output shape. Default: ``False`` count_include_pad: when True, will include the zero-padding in the averaging calculation. Default: ``True`` divisor_override: if specified, it will be used as divisor, otherwise size of the pooling region will be used. Default: None"
tensorflow.python.ops.control_flow_case.case_v2,,torch._higher_order_ops.cond.cond,"Conditionally applies `true_fn` or `false_fn`. .. warning:: `torch.cond` is a prototype feature in PyTorch. It has limited support for input and output types and doesn't support training currently. Please look forward to a more stable implementation in a future version of PyTorch. Read more about feature classification at: https://pytorch.org/blog/pytorch-feature-classification-changes/#prototype `cond` is structured control flow operator. That is, it is like a Python if-statement, but has restrictions on `true_fn`, `false_fn`, and `operands` that enable it to be capturable using torch.compile and torch.export. Assuming the constraints on `cond`'s arguments are met, `cond` is equivalent to the following:: def cond(pred, true_branch, false_branch, operands): if pred: return true_branch(*operands) else: return false_branch(*operands) Args: pred (Union[bool, torch.Tensor]): A boolean expression or a tensor with one element, indicating which branch function to apply. true_fn (Callable): A callable function (a -> b) that is within the scope that is being traced. false_fn (Callable): A callable function (a -> b) that is within the scope that is being traced. The true branch and false branch must have consistent input and outputs, meaning the inputs have to be the same, and the outputs have to be the same type and shape. operands (Tuple of possibly nested dict/list/tuple of torch.Tensor): A tuple of inputs to the true/false functions. Example:: def true_fn(x: torch.Tensor): return x.cos() def false_fn(x: torch.Tensor): return x.sin() return cond(x.shape[0] > 4, true_fn, false_fn, (x,)) Restrictions: - The conditional statement (aka `pred`) must meet one of the following constraints: - It's a `torch.Tensor` with only one element, and torch.bool dtype - It's a boolean expression, e.g. `x.shape[0] > 10` or `x.dim() > 1 and x.shape[1] > 10` - The branch function (aka `true_fn`/`false_fn`) must meet all of the following constraints: - The function signature must match with oper"
tensorflow.python.ops.control_flow_ops.outer_context,,torch.storage.tolist,Return a list containing the elements of this storage.
tensorflow.python.client.session.run,,torch._functorch.eager_transforms.jacrev,"Computes the Jacobian of ``func`` with respect to the arg(s) at index ``argnum`` using reverse mode autodiff .. note:: Using :attr:`chunk_size=1` is equivalent to computing the jacobian row-by-row with a for-loop i.e. the constraints of :func:`vmap` are not applicable. Args: func (function): A Python function that takes one or more arguments, one of which must be a Tensor, and returns one or more Tensors argnums (int or Tuple[int]): Optional, integer or tuple of integers, saying which arguments to get the Jacobian with respect to. Default: 0. has_aux (bool): Flag indicating that ``func`` returns a ``(output, aux)`` tuple where the first element is the output of the function to be differentiated and the second element is auxiliary objects that will not be differentiated. Default: False. chunk_size (None or int): If None (default), use the maximum chunk size (equivalent to doing a single vmap over vjp to compute the jacobian). If 1, then compute the jacobian row-by-row with a for-loop. If not None, then compute the jacobian :attr:`chunk_size` rows at a time (equivalent to doing multiple vmap over vjp). If you run into memory issues computing the jacobian, please try to specify a non-None chunk_size. Returns: Returns a function that takes in the same inputs as ``func`` and returns the Jacobian of ``func`` with respect to the arg(s) at ``argnums``. If ``has_aux is True``, then the returned function instead returns a ``(jacobian, aux)`` tuple where ``jacobian`` is the Jacobian and ``aux`` is auxiliary objects returned by ``func``. A basic usage with a pointwise, unary operation will give a diagonal array as the Jacobian >>> from torch.func import jacrev >>> x = torch.randn(5) >>> jacobian = jacrev(torch.sin)(x) >>> expected = torch.diag(torch.cos(x)) >>> assert torch.allclose(jacobian, expected) If you would like to compute the output of the function as well as the jacobian of the function, use the ``has_aux`` flag to return the output as an auxiliary object: >>> from to"
tensorflow.python.ops.linalg.linear_operator_addition.can_add,,torch.ao.quantization.qconfig.qconfig_equals,"Returns `True` if `q1` equals `q2`, and `False` otherwise."
tensorflow.python.ops.nn_ops.max_pool,,torch.utils.tensorboard.summary.image,"Output a `Summary` protocol buffer with images. The summary has up to `max_images` summary values containing images. The images are built from `tensor` which must be 3-D with shape `[height, width, channels]` and where `channels` can be: * 1: `tensor` is interpreted as Grayscale. * 3: `tensor` is interpreted as RGB. * 4: `tensor` is interpreted as RGBA. The `name` in the outputted Summary.Value protobufs is generated based on the name, with a suffix depending on the max_outputs setting: * If `max_outputs` is 1, the summary value tag is '*name*/image'. * If `max_outputs` is greater than 1, the summary value tags are generated sequentially as '*name*/image/0', '*name*/image/1', etc. Args: tag: A name for the generated node. Will also serve as a series name in TensorBoard. tensor: A 3-D `uint8` or `float32` `Tensor` of shape `[height, width, channels]` where `channels` is 1, 3, or 4. 'tensor' can either have values in [0, 1] (float32) or [0, 255] (uint8). The image() function will scale the image values to [0, 255] by applying a scale factor of either 1 (uint8) or 255 (float32). Out-of-range values will be clipped. Returns: A scalar `Tensor` of type `string`. The serialized `Summary` protocol buffer."
tensorflow.python.distribute.distribute_lib.update_non_slot,,torch.onnx.utils.export_to_pretty_string,"Similar to :func:`export`, but returns a text representation of the ONNX model. Only differences in args listed below. All other args are the same as :func:`export`. Args: add_node_names (bool, default True): Whether or not to set NodeProto.name. This makes no difference unless ``google_printer=True``. google_printer (bool, default False): If False, will return a custom, compact representation of the model. If True will return the protobuf's `Message::DebugString()`, which is more verbose. Returns: A UTF-8 str containing a human-readable representation of the ONNX model."
tensorflow.python.ops.array_ops.identity,,torch._library.abstract_impl.new_dynamic_size,"Constructs a new symint (symbolic int) representing a data-dependent value. This is useful for writing the fake implementation (which is necessary for torch.compile) for a CustomOp where an output Tensor has a size that depends on the data of the input Tensors. Args: min (int): A statically known inclusive lower bound for this symint. Default: 0 max (Optional[int]): A statically known inclusive upper bound for this symint. Default: None .. warning: It is important that the ``min`` and ``max`` (if not None) values are set correctly, otherwise, there will be undefined behavior under torch.compile. The default value of ``min`` is 2 due to torch.compile specializing on 0/1 sizes. You must also verify that your implementation on concrete Tensors (e.g. CPU/CUDA) only returns Tensors where the size that corresponds to the symint also has respects these constraint. The easiest way to do this is to add an assertion in the CPU/CUDA/etc implementation that the size follows these bounds. Example:: >>> # An operator with data-dependent output shape >>> lib = torch.library.Library(""mymodule"", ""FRAGMENT"") >>> lib.define(""mymodule::custom_nonzero(Tensor x) -> Tensor"") >>> >>> @torch.library.register_fake(""mymodule::custom_nonzero"") >>> def _(x): >>> # Number of nonzero-elements is data-dependent. >>> # Since we cannot peek at the data in an fake impl, >>> # we use the ctx object to construct a new symint that >>> # represents the data-dependent size. >>> ctx = torch.library.get_ctx() >>> nnz = ctx.new_dynamic_size() >>> shape = [nnz, x.dim()] >>> result = x.new_empty(shape, dtype=torch.int64) >>> return result >>> >>> @torch.library.impl(lib, ""custom_nonzero"", ""CPU"") >>> def _(x): >>> x_np = x.numpy() >>> res = np.stack(np.nonzero(x_np), axis=1) >>> return torch.tensor(res, device=x.device)"
tensorflow.python.tpu.tpu.rewrite_for_inference,,torch.distributed.distributed_c10d.all_reduce_coalesced,"WARNING: at this time individual shape checking is not implemented across nodes. For example, if the rank 0 node passes [torch.rand(4), torch.rand(2)] and the rank 1 node passes [torch.rand(2), torch.rand(2), torch.rand(2)], the allreduce operation will proceed without complaint and return erroneous outputs. This lack of shape checking results in significant performance improvements but users of this function should take extra care to ensure that each node passes in tensors whose shapes match across nodes. Reduces each tensor in tensors (residing on the same device) across all machines in such a way that all get the final result. After the call each tensor in tensors is going to bitwise identical in all processes. Complex tensors are supported. Args: tensors (Union[List[Tensor], Tensor]): Input and output of the collective. The function operates in-place. op (Optional[ReduceOp]): One of the values from ``torch.distributed.ReduceOp`` enum. Specifies an operation used for element-wise reductions. group (ProcessGroup, optional): The process group to work on. If None, the default process group will be used. async_op (Optional[bool]): Whether this op should be an async op. Returns: Async work handle, if async_op is set to True. None, if not async_op or if not part of the group."
tensorflow.python.ops.variables.gather_nd,,torch.quasirandom.draw,"Function to draw a sequence of :attr:`n` points from a Sobol sequence. Note that the samples are dependent on the previous samples. The size of the result is :math:`(n, dimension)`. Args: n (Int, optional): The length of sequence of points to draw. Default: 1 out (Tensor, optional): The output tensor dtype (:class:`torch.dtype`, optional): the desired data type of the returned tensor. Default: ``None``"
tensorflow.python.ops.linalg.linear_operator.range_dimension_tensor,,torch.nn.modules.adaptive.predict,"Return the class with the highest probability for each example in the input minibatch. This is equivalent to ``self.log_prob(input).argmax(dim=1)``, but is more efficient in some cases. Args: input (Tensor): a minibatch of examples Returns: output (Tensor): a class with the highest probability for each example Shape: - Input: :math:`(N, \texttt{in\_features})` - Output: :math:`(N)`"
tensorflow.python.kernel_tests.signal.test_util.tflite_convert,,torch.onnx._internal.io_adapter.apply,Converts the PyTorch model inputs to exported ONNX model inputs format. Args: model_args: The PyTorch model inputs. model: The PyTorch model. model_kwargs: The PyTorch model keyword inputs. Returns: A sequence of tensors converted from PyTorch model inputs.
tensorflow.python.util.tf_inspect.isanytargetmethod,,torch._numpy.testing.utils.decorate_methods,"Apply a decorator to all methods in a class matching a regular expression. The given decorator is applied to all public methods of `cls` that are matched by the regular expression `testmatch` (``testmatch.search(methodname)``). Methods that are private, i.e. start with an underscore, are ignored. Parameters ---------- cls : class Class whose methods to decorate. decorator : function Decorator to apply to methods testmatch : compiled regexp or str, optional The regular expression. Default value is None, in which case the nose default (``re.compile(r'(?:^|[\b_\.%s-])[Tt]est' % os.sep)``) is used. If `testmatch` is a string, it is compiled to a regular expression first."
tensorflow.python.distribute.cross_device_utils.all_gather,,torch.distributed._shard.sharding_spec.api.shard,"Given a global tensor on src_rank, shard this tensor across ranks within the process group, return a ShardedTensor. Args: tensor (:class:`torch.Tensor`): Tensor needs to be sharded. Keyword args: src_rank (int, optional): The source rank which is used as the ground truth of the data for the parameter that would be sharded and scattered across the rest of the ranks. Default: 0. process_group (ProcessGroup, optional): The process group to work on. If None, the default process group will be used. Returns: A :class:`ShardedTensor` sharded from the given tensor."
tensorflow.python.framework.test_util.deprecated_graph_mode_only,,torch.testing._internal.common_distributed.run_subtests,"Runs a test function given by ``test_fn`` as a subtest according to the configurations specified by ``subtest_config``. This amortizes the costly setup overhead (including process spawn and initializing the process group) over the subtests. Args: subtest_config (Dict[str, List[Any]]): A mapping from subtest keyword argument name to a list of its possible values. test_fn (Callable): A callable that runs the actual test. test_args: Positional arguments to pass to ``test_fn``. test_kwargs: Keyword arguments to pass to ``test_fn``."
tensorflow.python.eager.context.get_device_name,,torch.utils.checkpoint.get_device_type,Get the current default device type for checkpointing. Returns: str: The current default device type.
tensorflow.python.autograph.pyct.transpiler.transform_function,,torch.onnx.utils.register_custom_op_symbolic,"Registers a symbolic function for a custom operator. When the user registers symbolic for custom/contrib ops, it is highly recommended to add shape inference for that operator via setType API, otherwise the exported graph may have incorrect shape inference in some extreme cases. An example of setType is `test_aten_embedding_2` in `test_operators.py`. See ""Custom Operators"" in the module documentation for an example usage. Args: symbolic_name (str): The name of the custom operator in ""<domain>::<op>"" format. symbolic_fn (Callable): A function that takes in the ONNX graph and the input arguments to the current operator, and returns new operator nodes to add to the graph. opset_version (int): The ONNX opset version in which to register."
tensorflow.python.ops.distributions.distribution.copy,,torch.distributed.optim.zero_redundancy_optimizer.load_state_dict,"Load the state pertaining to the given rank from the input ``state_dict``, updating the local optimizer as needed. Arguments: state_dict (dict): optimizer state; should be an object returned from a call to :meth:`state_dict`. Raises: RuntimeError: if ``overlap_with_ddp=True`` and this method is called before this :class:`ZeroRedundancyOptimizer` instance has been fully initialized, which happens once :class:`DistributedDataParallel` gradient buckets have been rebuilt."
tensorflow.python.ops.metrics_impl.mean_iou,,torch.autograd.gradcheck.gradgradcheck,"Check gradients of gradients computed via small finite differences against analytical gradients wrt tensors in :attr:`inputs` and :attr:`grad_outputs` that are of floating point or complex type and with ``requires_grad=True``. This function checks that backpropagating through the gradients computed to the given :attr:`grad_outputs` are correct. The check between numerical and analytical gradients uses :func:`~torch.allclose`. .. note:: The default values are designed for :attr:`input` and :attr:`grad_outputs` of double precision. This check will likely fail if they are of less precision, e.g., ``FloatTensor``. .. warning:: If any checked tensor in :attr:`input` and :attr:`grad_outputs` has overlapping memory, i.e., different indices pointing to the same memory address (e.g., from :func:`torch.expand`), this check will likely fail because the numerical gradients computed by point perturbation at such indices will change values at all other indices that share the same memory address. Args: func (function): a Python function that takes Tensor inputs and returns a Tensor or a tuple of Tensors inputs (tuple of Tensor or Tensor): inputs to the function grad_outputs (tuple of Tensor or Tensor, optional): The gradients with respect to the function's outputs. eps (float, optional): perturbation for finite differences atol (float, optional): absolute tolerance rtol (float, optional): relative tolerance gen_non_contig_grad_outputs (bool, optional): if :attr:`grad_outputs` is ``None`` and :attr:`gen_non_contig_grad_outputs` is ``True``, the randomly generated gradient outputs are made to be noncontiguous raise_exception (bool, optional): indicating whether to raise an exception if the check fails. The exception gives more information about the exact nature of the failure. This is helpful when debugging gradchecks. nondet_tol (float, optional): tolerance for non-determinism. When running identical inputs through the differentiation, the results must either match exactly (default"
tensorflow.python.util.tf_export.get_v1_constants,,torch.utils.cpp_extension.library_paths,"Get the library paths required to build a C++ or CUDA extension. Args: cuda: If `True`, includes CUDA-specific library paths. Returns: A list of library path strings."
tensorflow.python.keras.engine.training.to_yaml,,torch.fx.interpreter.get_attr,"Execute a ``get_attr`` node. In ``Transformer``, this is overridden to insert a new ``get_attr`` node into the output graph. Args: target (Target): The call target for this node. See `Node <https://pytorch.org/docs/main/fx.html#torch.fx.Node>`__ for details on semantics args (Tuple): Tuple of positional args for this invocation kwargs (Dict): Dict of keyword arguments for this invocation"
tensorflow.python.ops.tensor_array_ops.unstack,,torch.nn.functional.log_softmax,"Apply a softmax followed by a logarithm. While mathematically equivalent to log(softmax(x)), doing these two operations separately is slower and numerically unstable. This function uses an alternative formulation to compute the output and gradient correctly. See :class:`~torch.nn.LogSoftmax` for more details. Args: input (Tensor): input dim (int): A dimension along which log_softmax will be computed. dtype (:class:`torch.dtype`, optional): the desired data type of returned tensor. If specified, the input tensor is cast to :attr:`dtype` before the operation is performed. This is useful for preventing data type overflows. Default: None."
tensorflow.python.ops.nn_ops.conv_transpose,,torch.nn.functional.embedding_bag,"Compute sums, means or maxes of `bags` of embeddings. Calculation is done without instantiating the intermediate embeddings. See :class:`torch.nn.EmbeddingBag` for more details. Note: {backward_reproducibility_note} Args: input (LongTensor): Tensor containing bags of indices into the embedding matrix weight (Tensor): The embedding matrix with number of rows equal to the maximum possible index + 1, and number of columns equal to the embedding size offsets (LongTensor, optional): Only used when :attr:`input` is 1D. :attr:`offsets` determines the starting index position of each bag (sequence) in :attr:`input`. max_norm (float, optional): If given, each embedding vector with norm larger than :attr:`max_norm` is renormalized to have norm :attr:`max_norm`. Note: this will modify :attr:`weight` in-place. norm_type (float, optional): The ``p`` in the ``p``-norm to compute for the :attr:`max_norm` option. Default ``2``. scale_grad_by_freq (bool, optional): if given, this will scale gradients by the inverse of frequency of the words in the mini-batch. Default ``False``. Note: this option is not supported when ``mode=""max""``. mode (str, optional): ``""sum""``, ``""mean""`` or ``""max""``. Specifies the way to reduce the bag. Default: ``""mean""`` sparse (bool, optional): if ``True``, gradient w.r.t. :attr:`weight` will be a sparse tensor. See Notes under :class:`torch.nn.Embedding` for more details regarding sparse gradients. Note: this option is not supported when ``mode=""max""``. per_sample_weights (Tensor, optional): a tensor of float / double weights, or None to indicate all weights should be taken to be 1. If specified, :attr:`per_sample_weights` must have exactly the same shape as input and is treated as having the same :attr:`offsets`, if those are not None. include_last_offset (bool, optional): if ``True``, the size of offsets is equal to the number of bags + 1. The last element is the size of the input, or the ending index position of the last bag (sequence). padding_idx (int,"
tensorflow.python.ops.linalg.linear_operator_util.convert_nonref_to_tensor,,torch._functorch.eager_transforms.jacfwd,"Computes the Jacobian of ``func`` with respect to the arg(s) at index ``argnum`` using forward-mode autodiff Args: func (function): A Python function that takes one or more arguments, one of which must be a Tensor, and returns one or more Tensors argnums (int or Tuple[int]): Optional, integer or tuple of integers, saying which arguments to get the Jacobian with respect to. Default: 0. has_aux (bool): Flag indicating that ``func`` returns a ``(output, aux)`` tuple where the first element is the output of the function to be differentiated and the second element is auxiliary objects that will not be differentiated. Default: False. randomness(str): Flag indicating what type of randomness to use. See :func:`vmap` for more detail. Allowed: ""different"", ""same"", ""error"". Default: ""error"" Returns: Returns a function that takes in the same inputs as ``func`` and returns the Jacobian of ``func`` with respect to the arg(s) at ``argnums``. If ``has_aux is True``, then the returned function instead returns a ``(jacobian, aux)`` tuple where ``jacobian`` is the Jacobian and ``aux`` is auxiliary objects returned by ``func``. .. note:: You may see this API error out with ""forward-mode AD not implemented for operator X"". If so, please file a bug report and we will prioritize it. An alternative is to use :func:`jacrev`, which has better operator coverage. A basic usage with a pointwise, unary operation will give a diagonal array as the Jacobian >>> from torch.func import jacfwd >>> x = torch.randn(5) >>> jacobian = jacfwd(torch.sin)(x) >>> expected = torch.diag(torch.cos(x)) >>> assert torch.allclose(jacobian, expected) :func:`jacfwd` can be composed with vmap to produce batched Jacobians: >>> from torch.func import jacfwd, vmap >>> x = torch.randn(64, 5) >>> jacobian = vmap(jacfwd(torch.sin))(x) >>> assert jacobian.shape == (64, 5, 5) If you would like to compute the output of the function as well as the jacobian of the function, use the ``has_aux`` flag to return the output as an aux"
tensorflow.python.summary.summary.tensor_summary,,torch.utils.tensorboard.summary.scalar,Output a `Summary` protocol buffer containing a single scalar value. The generated Summary has a Tensor.proto containing the input Tensor. Args: name: A name for the generated node. Will also serve as the series name in TensorBoard. tensor: A real numeric Tensor containing a single value. collections: Optional list of graph collections keys. The new summary op is added to these collections. Defaults to `[GraphKeys.SUMMARIES]`. new_style: Whether to use new style (tensor field) or old style (simple_value field). New style could lead to faster data loading. Returns: A scalar `Tensor` of type `string`. Which contains a `Summary` protobuf. Raises: ValueError: If tensor has the wrong shape or type.
tensorflow.python.ops.logging_ops.Print,,torch.autograd.graph.register_prehook,"Register a backward pre-hook. The hook will be called every time a gradient with respect to the Node is computed. The hook should have the following signature:: hook(grad_outputs: Tuple[Tensor]) -> Tuple[Tensor] or None The hook should not modify its argument, but it can optionally return a new gradient which will be used in place of :attr:`grad_outputs`. This function returns a handle with a method ``handle.remove()`` that removes the hook from the module. .. note:: See :ref:`backward-hooks-execution` for more information on how when this hook is executed, and how its execution is ordered relative to other hooks. Example:: >>> a = torch.tensor([0., 0., 0.], requires_grad=True) >>> b = a.clone() >>> assert isinstance(b.grad_fn, torch.autograd.graph.Node) >>> handle = b.grad_fn.register_prehook(lambda gI: (gI[0] * 2,)) >>> b.sum().backward(retain_graph=True) >>> print(a.grad) tensor([2., 2., 2.]) >>> handle.remove() >>> a.grad = None >>> b.sum().backward(retain_graph=True) >>> print(a.grad) tensor([1., 1., 1.])"
tensorflow.python.keras.distribute.distribute_coordinator_utils.cluster_spec,,torch.onnx._internal.diagnostics.infra.context.sarif_log,Returns the SARIF Log object.
tensorflow.python.distribute.coordinator.cluster_coordinator.wait,,torch.multiprocessing.spawn.join,"Join one or more processes within spawn context. Attempt to join one or more processes in this spawn context. If one of them exited with a non-zero exit status, this function kills the remaining processes and raises an exception with the cause of the first process exiting. Returns ``True`` if all processes have been joined successfully, ``False`` if there are more processes that need to be joined. Args: timeout (float): Wait this long before giving up on waiting."
tensorflow.python.saved_model.save.export_meta_graph,,torch._custom_op.functional.register_functional_op,"Given a mutable operator, registers the functional variant. This API also correctly links the functional variant with the mutable operator for the purposes of functionalization. All of the new registrations are performed on the ``lib`` passed in. Arguments: lib (Library): Should be a torch.library.Library object that has the same namespace as ``mutable_op``'s namespace. lib will be used to register the new functional op as well as a functionalization kernel for the ``mutable_op`` If you don't have a library handy, use ``torch.library.Library(ns, 'FRAGMENT')`` to construct one. new_op_name (str): The name of the functional operator (without the namespace). If no namespace, the new functional variant will be accessible under ``torch.ops.{lib.ns}.new_op_name``. mutable_op (OpOverload): The mutable custom operator. Note that you may need to add a `.default` to it, like `torch.ops.aten.abs_.default`."
tensorflow.python.keras.engine.base_layer_v1.add_loss,,torch._functorch.make_functional.make_functional,"make_functional(model, disable_autograd_tracking=False) -> func, params Given a ``torch.nn.Module``, :func:`make_functional` extracts the state (params) and returns a functional version of the model, ``func``. This makes it so that it is possible use transforms over the parameters of ``model``. ``func`` can be invoked as follows: .. code-block:: python import torch import torch.nn as nn from functorch import make_functional x = torch.randn(4, 3) model = nn.Linear(3, 3) func, params = make_functional(model) func(params, x) And here is an example of applying the grad transform over the parameters of a model. .. code-block:: python import torch import torch.nn as nn from functorch import make_functional, grad x = torch.randn(4, 3) t = torch.randn(4, 3) model = nn.Linear(3, 3) func, params = make_functional(model) def compute_loss(params, x, t): y = func(params, x) return nn.functional.mse_loss(y, t) grad_weights = grad(compute_loss)(params, x, t) If the model has any buffers, please use :func:`make_functional_with_buffers` instead. Args: model (torch.nn.Module): Input model. disable_autograd_tracking (bool): Flag to disable gradients tracking for output parameters. The returned params are unrelated to the set of params from the original model. If False (default), the params will have ``requires_grad=True`` on them (aka they will be trackable with regular PyTorch autograd), matching the requires_grad-ness of the params from the original model. Otherwise, the returned params will have ``requires_grad=False``. Default, False. If you plan on using regular PyTorch autograd (e.g., if you want to call ``.backward()`` or ``torch.autograd.grad()``, then set ``disable_autograd_tracking=False``. Otherwise, if you're only planning on using functorch's gradient transforms, then please set ``disable_autograd_tracking=True`` to avoid unnecessarily tracking history with PyTorch autograd."
tensorflow.python.ops.math_ops.cumulative_logsumexp,,torch.autograd.functional.jvp,"Compute the dot product between the Jacobian of the given function at the point given by the inputs and a vector ``v``. Args: func (function): a Python function that takes Tensor inputs and returns a tuple of Tensors or a Tensor. inputs (tuple of Tensors or Tensor): inputs to the function ``func``. v (tuple of Tensors or Tensor): The vector for which the Jacobian vector product is computed. Must be the same size as the input of ``func``. This argument is optional when the input to ``func`` contains a single element and (if it is not provided) will be set as a Tensor containing a single ``1``. create_graph (bool, optional): If ``True``, both the output and result will be computed in a differentiable way. Note that when ``strict`` is ``False``, the result can not require gradients or be disconnected from the inputs. Defaults to ``False``. strict (bool, optional): If ``True``, an error will be raised when we detect that there exists an input such that all the outputs are independent of it. If ``False``, we return a Tensor of zeros as the jvp for said inputs, which is the expected mathematical value. Defaults to ``False``. Returns: output (tuple): tuple with: func_output (tuple of Tensors or Tensor): output of ``func(inputs)`` jvp (tuple of Tensors or Tensor): result of the dot product with the same shape as the output. Note: ``autograd.functional.jvp`` computes the jvp by using the backward of the backward (sometimes called the double backwards trick). This is not the most performant way of computing the jvp. Please consider using :func:`torch.func.jvp` or the :ref:`low-level forward-mode AD API <forward-mode-ad>` instead. Example: >>> # xdoctest: +REQUIRES(env:TORCH_DOCTEST_AUTOGRAD) >>> def exp_reducer(x): ... return x.exp().sum(dim=1) >>> inputs = torch.rand(4, 4) >>> v = torch.ones(4, 4) >>> # xdoctest: +IGNORE_WANT(""non-deterministic"") >>> jvp(exp_reducer, inputs, v) (tensor([6.3090, 4.6742, 7.9114, 8.2106]), tensor([6.3090, 4.6742, 7.9114, 8.2106])) >>> jvp(exp_r"
tensorflow.python.types.core.experimental_get_compiler_ir,,torch.distributed.distributed_c10d.batch_isend_irecv,"Send or Receive a batch of tensors asynchronously and return a list of requests. Process each of the operations in ``p2p_op_list`` and return the corresponding requests. NCCL, Gloo, and UCC backend are currently supported. Args: p2p_op_list: A list of point-to-point operations(type of each operator is ``torch.distributed.P2POp``). The order of the isend/irecv in the list matters and it needs to match with corresponding isend/irecv on the remote end. Returns: A list of distributed request objects returned by calling the corresponding op in the op_list. Examples: >>> # xdoctest: +SKIP(""no rank"") >>> send_tensor = torch.arange(2, dtype=torch.float32) + 2 * rank >>> recv_tensor = torch.randn(2, dtype=torch.float32) >>> send_op = dist.P2POp(dist.isend, send_tensor, (rank + 1)%world_size) >>> recv_op = dist.P2POp(dist.irecv, recv_tensor, (rank - 1 + world_size)%world_size) >>> reqs = batch_isend_irecv([send_op, recv_op]) >>> for req in reqs: >>> req.wait() >>> recv_tensor tensor([2, 3]) # Rank 0 tensor([0, 1]) # Rank 1 .. note:: Note that when this API is used with the NCCL PG backend, users must set the current GPU device with `torch.cuda.set_device`, otherwise it will lead to unexpected hang issues. In addition, if this API is the first collective call in the ``group`` passed to ``dist.P2POp``, all ranks of the ``group`` must participate in this API call; otherwise, the behavior is undefined. If this API call is not the first collective call in the ``group``, batched P2P operations involving only a subset of ranks of the ``group`` are allowed."
tensorflow.python.saved_model.save.save,,torch.onnx._internal.exporter.enable_fake_mode,"Enable fake mode for the duration of the context. Internally it instantiates a :class:`torch._subclasses.fake_tensor.FakeTensorMode` context manager that converts user input and model parameters into :class:`torch._subclasses.fake_tensor.FakeTensor`. A :class:`torch._subclasses.fake_tensor.FakeTensor` is a :class:`torch.Tensor` with the ability to run PyTorch code without having to actually do computation through tensors allocated on a ``meta`` device. Because there is no actual data being allocated on the device, this API allows for exporting large models without the actual memory footprint needed for executing it. It is highly recommended to enable fake mode when exporting models that are too large to fit into memory. Returns: A :class:`ONNXFakeContext` object that must be passed to :func:`dynamo_export` through the :attr:`ExportOptions.fake_context` argument. Example:: # xdoctest: +REQUIRES(env:TORCH_DOCTEST_ONNX) >>> import torch >>> import torch.onnx >>> class MyModel(torch.nn.Module): # Dummy model ... def __init__(self) -> None: ... super().__init__() ... self.linear = torch.nn.Linear(2, 2) ... def forward(self, x): ... out = self.linear(x) ... return out >>> with torch.onnx.enable_fake_mode() as fake_context: ... my_nn_module = MyModel() ... arg1 = torch.randn(2, 2, 2) # positional input 1 >>> export_options = torch.onnx.ExportOptions(fake_context=fake_context) >>> onnx_program = torch.onnx.dynamo_export( ... my_nn_module, ... arg1, ... export_options=export_options ... ) >>> # Saving model WITHOUT initializers >>> onnx_program.save(""my_model_without_initializers.onnx"") >>> # Saving model WITH initializers >>> onnx_program.save(""my_model_with_initializers.onnx"", model_state=MyModel().state_dict()) .. warning:: This API is experimental and is *NOT* backward-compatible."
tensorflow.python.ops.nn_ops.conv3d_transpose_v2,,torch.nn.functional.interpolate,"Down/up samples the input. Tensor interpolated to either the given :attr:`size` or the given :attr:`scale_factor` The algorithm used for interpolation is determined by :attr:`mode`. Currently temporal, spatial and volumetric sampling are supported, i.e. expected inputs are 3-D, 4-D or 5-D in shape. The input dimensions are interpreted in the form: `mini-batch x channels x [optional depth] x [optional height] x width`. The modes available for resizing are: `nearest`, `linear` (3D-only), `bilinear`, `bicubic` (4D-only), `trilinear` (5D-only), `area`, `nearest-exact` Args: input (Tensor): the input tensor size (int or Tuple[int] or Tuple[int, int] or Tuple[int, int, int]): output spatial size. scale_factor (float or Tuple[float]): multiplier for spatial size. If `scale_factor` is a tuple, its length has to match the number of spatial dimensions; `input.dim() - 2`. mode (str): algorithm used for upsampling: ``'nearest'`` | ``'linear'`` | ``'bilinear'`` | ``'bicubic'`` | ``'trilinear'`` | ``'area'`` | ``'nearest-exact'``. Default: ``'nearest'`` align_corners (bool, optional): Geometrically, we consider the pixels of the input and output as squares rather than points. If set to ``True``, the input and output tensors are aligned by the center points of their corner pixels, preserving the values at the corner pixels. If set to ``False``, the input and output tensors are aligned by the corner points of their corner pixels, and the interpolation uses edge value padding for out-of-boundary values, making this operation *independent* of input size when :attr:`scale_factor` is kept the same. This only has an effect when :attr:`mode` is ``'linear'``, ``'bilinear'``, ``'bicubic'`` or ``'trilinear'``. Default: ``False`` recompute_scale_factor (bool, optional): recompute the scale_factor for use in the interpolation calculation. If `recompute_scale_factor` is ``True``, then `scale_factor` must be passed in and `scale_factor` is used to compute the output `size`. The computed output"
tensorflow.python.summary.writer.writer.add_run_metadata,,torch.utils.tensorboard.writer.add_event,Add an event to the event file. Args: event: An `Event` protocol buffer. step: Number. Optional global step value for training process to record with the event. walltime: float. Optional walltime to override the default (current) walltime (from time.time()) seconds after epoch
tensorflow.python.data.experimental.ops.io.save,,torch.onnx._internal.exporter.adapt_torch_inputs_to_onnx,"Converts the PyTorch model inputs to exported ONNX model inputs format. Due to design differences, input/output format between PyTorch model and exported ONNX model are often not the same. E.g., None is allowed for PyTorch model, but are not supported by ONNX. Nested constructs of tensors are allowed for PyTorch model, but only flattened tensors are supported by ONNX, etc. The actual adapting steps are associated with each individual export. It depends on the PyTorch model, the particular set of model_args and model_kwargs used for the export, and export options. This method replays the adapting steps recorded during export. Args: model_args: The PyTorch model inputs. model_with_state_dict: The PyTorch model to get extra state from. If not specified, the model used during export is used. Required when :func:`enable_fake_mode` is used to extract real initializers as needed by the ONNX graph. model_kwargs: The PyTorch model keyword inputs. Returns: A sequence of tensors converted from PyTorch model inputs. Example:: # xdoctest: +REQUIRES(env:TORCH_DOCTEST_ONNX) >>> import torch >>> import torch.onnx >>> from typing import Dict, Tuple >>> def func_nested_input( ... x_dict: Dict[str, torch.Tensor], ... y_tuple: Tuple[torch.Tensor, Tuple[torch.Tensor, torch.Tensor]] ... ): ... if ""a"" in x_dict: ... x = x_dict[""a""] ... elif ""b"" in x_dict: ... x = x_dict[""b""] ... else: ... x = torch.randn(3) ... ... y1, (y2, y3) = y_tuple ... ... return x + y1 + y2 + y3 >>> x_dict = {""a"": torch.tensor(1.)} >>> y_tuple = (torch.tensor(2.), (torch.tensor(3.), torch.tensor(4.))) >>> onnx_program = torch.onnx.dynamo_export(func_nested_input, x_dict, y_tuple) >>> print(x_dict, y_tuple) {'a': tensor(1.)} (tensor(2.), (tensor(3.), tensor(4.))) >>> print(onnx_program.adapt_torch_inputs_to_onnx(x_dict, y_tuple, model_with_state_dict=func_nested_input)) (tensor(1.), tensor(2.), tensor(3.), tensor(4.)) .. warning:: This API is experimental and is *NOT* backward-compatible."
tensorflow.python.data.ops.dataset_ops.make_one_shot_iterator,,torch.distributed.algorithms.ddp_comm_hooks.default_hooks.allreduce_hook,"Call ``allreduce`` using ``GradBucket`` tensors. Once gradient tensors are aggregated across all workers, its ``then`` callback takes the mean and returns the result. If user registers this DDP communication hook, DDP results is expected to be same as the case where no hook was registered. Hence, this won't change behavior of DDP and user can use this as a reference or modify this hook to log useful information or any other purposes while unaffecting DDP behavior. Example:: >>> # xdoctest: +SKIP >>> ddp_model.register_comm_hook(process_group, allreduce_hook)"
tensorflow.python.ops.ragged.ragged_map_ops.map_fn,,torch._functorch.eager_transforms.jvp,"Standing for the Jacobian-vector product, returns a tuple containing the output of `func(*primals)` and the ""Jacobian of ``func`` evaluated at ``primals``"" times ``tangents``. This is also known as forward-mode autodiff. Args: func (function): A Python function that takes one or more arguments, one of which must be a Tensor, and returns one or more Tensors primals (Tensors): Positional arguments to ``func`` that must all be Tensors. The returned function will also be computing the derivative with respect to these arguments tangents (Tensors): The ""vector"" for which Jacobian-vector-product is computed. Must be the same structure and sizes as the inputs to ``func``. has_aux (bool): Flag indicating that ``func`` returns a ``(output, aux)`` tuple where the first element is the output of the function to be differentiated and the second element is other auxiliary objects that will not be differentiated. Default: False. Returns: Returns a ``(output, jvp_out)`` tuple containing the output of ``func`` evaluated at ``primals`` and the Jacobian-vector product. If ``has_aux is True``, then instead returns a ``(output, jvp_out, aux)`` tuple. .. note:: You may see this API error out with ""forward-mode AD not implemented for operator X"". If so, please file a bug report and we will prioritize it. jvp is useful when you wish to compute gradients of a function R^1 -> R^N >>> from torch.func import jvp >>> x = torch.randn([]) >>> f = lambda x: x * torch.tensor([1., 2., 3]) >>> value, grad = jvp(f, (x,), (torch.tensor(1.),)) >>> assert torch.allclose(value, f(x)) >>> assert torch.allclose(grad, torch.tensor([1., 2, 3])) :func:`jvp` can support functions with multiple inputs by passing in the tangents for each of the inputs >>> from torch.func import jvp >>> x = torch.randn(5) >>> y = torch.randn(5) >>> f = lambda x, y: (x * y) >>> _, output = jvp(f, (x, y), (torch.ones(5), torch.ones(5))) >>> assert torch.allclose(output, x + y)"
tensorflow.python.keras.optimizer_v2.optimizer_v2.name_scope_only_in_function_or_graph,,torch.distributed.fsdp.fully_sharded_data_parallel.named_parameters,"Return an iterator over module parameters, yielding both the name of the parameter and the parameter itself. Intercepts parameter names and removes all occurrences of the FSDP-specific flattened parameter prefix when inside the :meth:`summon_full_params` context manager."
tensorflow.python.summary.writer.writer_cache.get,,torch.package.file_structure_representation.has_file,Checks if a file is present in a :class:`Directory`. Args: filename (str): Path of file to search for. Returns: bool: If a :class:`Directory` contains the specified file.
tensorflow.python.ops.signal.spectral_ops.stft,,torch.nn.functional.max_pool1d_with_indices,"max_pool1d(input, kernel_size, stride=None, padding=0, dilation=1, ceil_mode=False, return_indices=False) Applies a 1D max pooling over an input signal composed of several input planes. .. note:: The order of :attr:`ceil_mode` and :attr:`return_indices` is different from what seen in :class:`~torch.nn.MaxPool1d`, and will change in a future release. See :class:`~torch.nn.MaxPool1d` for details. Args: input: input tensor of shape :math:`(\text{minibatch} , \text{in\_channels} , iW)`, minibatch dim optional. kernel_size: the size of the window. Can be a single number or a tuple `(kW,)` stride: the stride of the window. Can be a single number or a tuple `(sW,)`. Default: :attr:`kernel_size` padding: Implicit negative infinity padding to be added on both sides, must be >= 0 and <= kernel_size / 2. dilation: The stride between elements within a sliding window, must be > 0. ceil_mode: If ``True``, will use `ceil` instead of `floor` to compute the output shape. This ensures that every element in the input tensor is covered by a sliding window. return_indices: If ``True``, will return the argmax along with the max values. Useful for :class:`torch.nn.functional.max_unpool1d` later"
tensorflow.python.training.supervisor.request_stop,,torch.nn.modules.module.register_module_backward_hook,Register a backward hook common to all the modules. This function is deprecated in favor of :func:`torch.nn.modules.module.register_module_full_backward_hook` and the behavior of this function will change in future versions. Returns: :class:`torch.utils.hooks.RemovableHandle`: a handle that can be used to remove the added hook by calling ``handle.remove()``
tensorflow.python.eager.polymorphic_function.eager_function_run.run_functions_eagerly,,torch.nn.utils.stateless.functional_call,"Perform a functional call on the module by replacing the module parameters and buffers with the provided ones. .. warning:: This API is deprecated as of PyTorch 2.0 and will be removed in a future version of PyTorch. Please use :func:`torch.func.functional_call` instead, which is a drop-in replacement for this API. .. note:: If the module has active parametrizations, passing a value in the :attr:`parameters_and_buffers` argument with the name set to the regular parameter name will completely disable the parametrization. If you want to apply the parametrization function to the value passed please set the key as ``{submodule_name}.parametrizations.{parameter_name}.original``. .. note:: If the module performs in-place operations on parameters/buffers, these will be reflected in the `parameters_and_buffers` input. Example:: >>> a = {'foo': torch.zeros(())} >>> # xdoctest: +SKIP >>> mod = Foo() # does self.foo = self.foo + 1 >>> print(mod.foo) # tensor(0.) >>> functional_call(mod, a, torch.ones(())) >>> print(mod.foo) # tensor(0.) >>> print(a['foo']) # tensor(1.) .. note:: If the module has tied weights, whether or not functional_call respects the tying is determined by the tie_weights flag. Example:: >>> a = {'foo': torch.zeros(())} >>> # xdoctest: +SKIP >>> mod = Foo() # has both self.foo and self.foo_tied which are tied. Returns x + self.foo + self.foo_tied >>> print(mod.foo) # tensor(1.) >>> mod(torch.zeros(())) # tensor(2.) >>> functional_call(mod, a, torch.zeros(())) # tensor(0.) since it will change self.foo_tied too >>> functional_call(mod, a, torch.zeros(()), tie_weights=False) # tensor(1.)--self.foo_tied is not updated >>> new_a = {'foo': torch.zeros(()), 'foo_tied': torch.zeros(())} >>> functional_call(mod, new_a, torch.zeros()) # tensor(0.) Args: module (torch.nn.Module): the module to call parameters_and_buffers (dict of str and Tensor): the parameters that will be used in the module call. args (Any or tuple): arguments to be passed to the module call. If no"
tensorflow.python.ops.check_ops.ensure_shape,,torch.autograd.graph.register_multi_grad_hook,"Register a multi-grad backward hook. There are two supported modes: ``""all""`` and ``""any""``. Under the ``""all""`` mode, the hook will be called after gradients with respect to every tensor in :attr:`tensors` have been computed. If a tensor is in :attr:`tensors` but is not part of the graph, or if a tensor is not needed to compute the gradients for any ``inputs`` specified for the current ``.backward()`` or ``.grad()`` call, this tensor will be ignored and the hook will not wait for its gradient to be computed. After every non-ignored tensor's gradient has been computed, :attr:`fn` will be called with those gradients. ``None`` will be passed for tensors that did not have their gradients computed. Under the ``""any""`` mode, the hook will be called after the first gradient with respect to a tensor in :attr:`tensors` has been computed. The hook will be called with that gradient as its argument. The hook should not modify its arguments. This function returns a handle with a method ``handle.remove()`` that removes the hook. .. note:: See :ref:`backward-hooks-execution` for more information on how when this hook is executed, and how its execution is ordered relative to other hooks. Example:: >>> import torch >>> >>> a = torch.rand(2, 3, requires_grad=True) >>> b = torch.rand(2, 3, requires_grad=True) >>> c = a * b >>> d = a * b >>> >>> def fn(grads): ... print([g is not None for g in grads]) ... >>> torch.autograd.graph.register_multi_grad_hook((a, b, c, d), fn) >>> >>> c.sum().backward(retain_graph=True) [True, True, True, False] >>> c.sum().backward(inputs=(a,), retain_graph=True) [True, False, True, False] >>>"
tensorflow.python.keras.utils.generic_utils.serialize_keras_object,,torch.distributed.elastic.rendezvous.api.use_agent_store,Indicates that store reference returned by :py:meth:`next_rendezvous` can be shared with user applications and will be available during application lifecyle. Rendezous handler impl will share store details as instance of :py:class:`RendezvousStoreInfo`. Applications as a convention use `MASTER_ADDR`/`MASTER_PORT` env variables to lookup the store.
tensorflow.python.distribute.distribute_lib.experimental_distribute_dataset,,torch.distributed.tensor.parallel.loss.loss_parallel,"A context manager that enables loss parallelism, where efficient parallelized loss computation can be performed when the input is sharded on the class dimension. Currently only the cross-entropy loss is supported. Within this context manager, one can use :func:`~torch.nn.functional.cross_entropy` or :class:`~torch.nn.CrossEntropyLoss` as usual, with the following assumptions on the input parameters. The corresponding ``backward()`` call, if any, also needs to happen under this context manager. Args: input (:class:`DTensor`): Input logits. Assumed to be sharded on the class dimension. target (Union[:class:`torch.Tensor`, :class:`DTensor`]): Must be ground truth class indices (class probabilities currently not supported). Assumed to be replicated across the ``DeviceMesh``. weight (Union[:class:`torch.Tensor`, :class:`DTensor`], optional): If given, assumed to be replicated across the ``DeviceMesh``. label_smoothing: Currently not supported. Returns: A replicated :class:`DTensor`. Example: A sharded DTensor is manually created here to showcase the usage. In practice, it is usually the output of a TP module. >>> # xdoctest: +SKIP(""distributed"") >>> from torch.distributed.tensor.parallel import loss_parallel >>> from torch.distributed.device_mesh import init_device_mesh >>> ... >>> device_mesh = init_device_mesh(""cuda"", (8,)) >>> input = torch.randn(4, 16, device=""cuda"", requires_grad=True) >>> dist_input = distribute_tensor(input, device_mesh, placements=[Shard(1)]) >>> target = torch.randint(16, (4,), device=""cuda"") >>> with loss_parallel(): >>> loss = F.cross_entropy(dist_input, target, reduction=""mean"") >>> loss.backward() >>> ..."
tensorflow.python.autograph.pyct.parser.parse_expression,,torch.onnx._internal.registration.custom_onnx_symbolic,Registers a custom symbolic function. Args: name: the qualified name of the function. opset: the opset version of the function. decorate: a sequence of decorators to apply to the function. Returns: The decorator. Raises: ValueError: If the separator '::' is not in the name.
tensorflow.python.ops.parsing_ops.parse_single_example_v2,,torch.nn.utils.clip_grad.clip_grad_norm_,"Clip the gradient norm of an iterable of parameters. The norm is computed over all gradients together, as if they were concatenated into a single vector. Gradients are modified in-place. Args: parameters (Iterable[Tensor] or Tensor): an iterable of Tensors or a single Tensor that will have gradients normalized max_norm (float): max norm of the gradients norm_type (float): type of the used p-norm. Can be ``'inf'`` for infinity norm. error_if_nonfinite (bool): if True, an error is thrown if the total norm of the gradients from :attr:`parameters` is ``nan``, ``inf``, or ``-inf``. Default: False (will switch to True in the future) foreach (bool): use the faster foreach-based implementation. If ``None``, use the foreach implementation for CUDA and CPU native tensors and silently fall back to the slow implementation for other device types. Default: ``None`` Returns: Total norm of the parameter gradients (viewed as a single vector)."
tensorflow.python.ops.summary_ops_v2.set_step,,torch.fx.graph.placeholder,"Insert a ``placeholder`` node into the Graph. A ``placeholder`` represents a function input. Args: name (str): A name for the input value. This corresponds to the name of the positional argument to the function this ``Graph`` represents. type_expr (Optional[Any]): an optional type annotation representing the Python type the output of this node will have. This is needed in some cases for proper code generation (e.g. when the function is used subsequently in TorchScript compilation). default_value (Any): The default value this function argument should take on. NOTE: to allow for `None` as a default value, `inspect.Signature.empty` should be passed as this argument to specify that the parameter does _not_ have a default value. .. note:: The same insertion point and type expression rules apply for this method as ``Graph.create_node``."
tensorflow.python.keras.utils.data_utils.urlretrieve,,torch.distributed.checkpoint.storage.read_data,Read all items from ``plan`` using ``planner`` to resolve the data. A subclass should call ``LoadPlanner::load_bytes`` to deserialize a BytesIO object into the right place. A subclass should call ``LoadPlanner::resolve_tensor`` to get access to the tensors that in should load data into. It's the StorageLayer responsibility to properly schedule any cross device copies required. Args: plan (LoadPlan): The local plan to execute on planner (LoadPlanner): The planner object to use to resolve items. Returns: A future that completes once all reads are finished.
tensorflow.python.ops.array_ops.concat,,torch.functional.unravel_index,"Converts a tensor of flat indices into a tuple of coordinate tensors that index into an arbitrary tensor of the specified shape. Args: indices (Tensor): An integer tensor containing indices into the flattened version of an arbitrary tensor of shape :attr:`shape`. All elements must be in the range ``[0, prod(shape) - 1]``. shape (int, sequence of ints, or torch.Size): The shape of the arbitrary tensor. All elements must be non-negative. Returns: tuple of Tensors: Each ``i``-th tensor in the output corresponds with dimension ``i`` of :attr:`shape`. Each tensor has the same shape as ``indices`` and contains one index into dimension ``i`` for each of the flat indices given by ``indices``. Example:: >>> import torch >>> torch.unravel_index(torch.tensor(4), (3, 2)) (tensor(2), tensor(0)) >>> torch.unravel_index(torch.tensor([4, 1]), (3, 2)) (tensor([2, 0]), tensor([0, 1])) >>> torch.unravel_index(torch.tensor([0, 1, 2, 3, 4, 5]), (3, 2)) (tensor([0, 0, 1, 1, 2, 2]), tensor([0, 1, 0, 1, 0, 1])) >>> torch.unravel_index(torch.tensor([1234, 5678]), (10, 10, 10, 10)) (tensor([1, 5]), tensor([2, 6]), tensor([3, 7]), tensor([4, 8])) >>> torch.unravel_index(torch.tensor([[1234], [5678]]), (10, 10, 10, 10)) (tensor([[1], [5]]), tensor([[2], [6]]), tensor([[3], [7]]), tensor([[4], [8]])) >>> torch.unravel_index(torch.tensor([[1234], [5678]]), (100, 100)) (tensor([[12], [56]]), tensor([[34], [78]]))"
tensorflow.python.keras.engine.training.to_json,,torch.ao.quantization.qconfig.get_default_qconfig,"Returns the default PTQ qconfig for the specified backend. Args: * `backend` (str): a string representing the target backend. Currently supports `x86` (default), `fbgemm`, `qnnpack` and `onednn`. Return: qconfig"
tensorflow.python.ops.lookup_ops.index_table_from_tensor,,torch.nn.modules.module.to,"Move and/or cast the parameters and buffers. This can be called as .. function:: to(device=None, dtype=None, non_blocking=False) :noindex: .. function:: to(dtype, non_blocking=False) :noindex: .. function:: to(tensor, non_blocking=False) :noindex: .. function:: to(memory_format=torch.channels_last) :noindex: Its signature is similar to :meth:`torch.Tensor.to`, but only accepts floating point or complex :attr:`dtype`\ s. In addition, this method will only cast the floating point or complex parameters and buffers to :attr:`dtype` (if given). The integral parameters and buffers will be moved :attr:`device`, if that is given, but with dtypes unchanged. When :attr:`non_blocking` is set, it tries to convert/move asynchronously with respect to the host if possible, e.g., moving CPU Tensors with pinned memory to CUDA devices. See below for examples. .. note:: This method modifies the module in-place. Args: device (:class:`torch.device`): the desired device of the parameters and buffers in this module dtype (:class:`torch.dtype`): the desired floating point or complex dtype of the parameters and buffers in this module tensor (torch.Tensor): Tensor whose dtype and device are the desired dtype and device for all parameters and buffers in this module memory_format (:class:`torch.memory_format`): the desired memory format for 4D parameters and buffers in this module (keyword only argument) Returns: Module: self Examples:: >>> # xdoctest: +IGNORE_WANT(""non-deterministic"") >>> linear = nn.Linear(2, 2) >>> linear.weight Parameter containing: tensor([[ 0.1913, -0.3420], [-0.5113, -0.2325]]) >>> linear.to(torch.double) Linear(in_features=2, out_features=2, bias=True) >>> linear.weight Parameter containing: tensor([[ 0.1913, -0.3420], [-0.5113, -0.2325]], dtype=torch.float64) >>> # xdoctest: +REQUIRES(env:TORCH_DOCTEST_CUDA1) >>> gpu1 = torch.device(""cuda:1"") >>> linear.to(gpu1, dtype=torch.half, non_blocking=True) Linear(in_features=2, out_features=2, bias=True) >>> linear.weight Par"
tensorflow.python.ops.cond.cond,,torch.autograd.functional.hessian,"Compute the Hessian of a given scalar function. Args: func (function): a Python function that takes Tensor inputs and returns a Tensor with a single element. inputs (tuple of Tensors or Tensor): inputs to the function ``func``. create_graph (bool, optional): If ``True``, the Hessian will be computed in a differentiable manner. Note that when ``strict`` is ``False``, the result can not require gradients or be disconnected from the inputs. Defaults to ``False``. strict (bool, optional): If ``True``, an error will be raised when we detect that there exists an input such that all the outputs are independent of it. If ``False``, we return a Tensor of zeros as the hessian for said inputs, which is the expected mathematical value. Defaults to ``False``. vectorize (bool, optional): This feature is experimental. Please consider using :func:`torch.func.hessian` instead if you are looking for something less experimental and more performant. When computing the hessian, usually we invoke ``autograd.grad`` once per row of the hessian. If this flag is ``True``, we use the vmap prototype feature as the backend to vectorize calls to ``autograd.grad`` so we only invoke it once instead of once per row. This should lead to performance improvements in many use cases, however, due to this feature being incomplete, there may be performance cliffs. Please use `torch._C._debug_only_display_vmap_fallback_warnings(True)` to show any performance warnings and file us issues if warnings exist for your use case. Defaults to ``False``. outer_jacobian_strategy (str, optional): The Hessian is computed by computing the Jacobian of a Jacobian. The inner Jacobian is always computed in reverse-mode AD. Setting strategy to ``""forward-mode""`` or ``""reverse-mode""`` determines whether the outer Jacobian will be computed with forward or reverse mode AD. Currently, computing the outer Jacobian in ``""forward-mode""`` requires ``vectorized=True``. Defaults to ``""reverse-mode""``. Returns: Hessian (Tensor or a tup"
tensorflow.python.ops.array_ops.transpose_v2,,torch.functional.chain_matmul,"Returns the matrix product of the :math:`N` 2-D tensors. This product is efficiently computed using the matrix chain order algorithm which selects the order in which incurs the lowest cost in terms of arithmetic operations (`[CLRS]`_). Note that since this is a function to compute the product, :math:`N` needs to be greater than or equal to 2; if equal to 2 then a trivial matrix-matrix product is returned. If :math:`N` is 1, then this is a no-op - the original matrix is returned as is. .. warning:: :func:`torch.chain_matmul` is deprecated and will be removed in a future PyTorch release. Use :func:`torch.linalg.multi_dot` instead, which accepts a list of two or more tensors rather than multiple arguments. Args: matrices (Tensors...): a sequence of 2 or more 2-D tensors whose product is to be determined. out (Tensor, optional): the output tensor. Ignored if :attr:`out` = ``None``. Returns: Tensor: if the :math:`i^{th}` tensor was of dimensions :math:`p_{i} \times p_{i + 1}`, then the product would be of dimensions :math:`p_{1} \times p_{N + 1}`. Example:: >>> # xdoctest: +SKIP >>> # xdoctest: +IGNORE_WANT(""non-deterministic"") >>> a = torch.randn(3, 4) >>> b = torch.randn(4, 5) >>> c = torch.randn(5, 6) >>> d = torch.randn(6, 7) >>> # will raise a deprecation warning >>> torch.chain_matmul(a, b, c, d) tensor([[ -2.3375, -3.9790, -4.1119, -6.6577, 9.5609, -11.5095, -3.2614], [ 21.4038, 3.3378, -8.4982, -5.2457, -10.2561, -2.4684, 2.7163], [ -0.9647, -5.8917, -2.3213, -5.2284, 12.8615, -12.2816, -2.5095]]) .. _`[CLRS]`: https://mitpress.mit.edu/books/introduction-algorithms-third-edition"
tensorflow.python.debug.wrappers.framework.prepare_run_debug_urls,,torch.distributed.fsdp.fully_sharded_data_parallel.sharded_optim_state_dict,"Return the optimizer state-dict in its sharded form. The API is similar to :meth:`full_optim_state_dict` but this API chunks all non-zero-dimension states to :class:`ShardedTensor` to save memory. This API should only be used when the model ``state_dict`` is derived with the context manager ``with state_dict_type(SHARDED_STATE_DICT):``. For the detailed usage, refer to :meth:`full_optim_state_dict`. .. warning:: The returned state dict contains ``ShardedTensor`` and cannot be directly used by the regular ``optim.load_state_dict``."
tensorflow.python.data.ops.dataset_ops.prefetch,,torch.optim.swa_utils.update_bn,"Updates BatchNorm running_mean, running_var buffers in the model. It performs one pass over data in `loader` to estimate the activation statistics for BatchNorm layers in the model. Args: loader (torch.utils.data.DataLoader): dataset loader to compute the activation statistics on. Each data batch should be either a tensor, or a list/tuple whose first element is a tensor containing data. model (torch.nn.Module): model for which we seek to update BatchNorm statistics. device (torch.device, optional): If set, data will be transferred to :attr:`device` before being passed into :attr:`model`. Example: >>> # xdoctest: +SKIP(""Undefined variables"") >>> loader, model = ... >>> torch.optim.swa_utils.update_bn(loader, model) .. note:: The `update_bn` utility assumes that each data batch in :attr:`loader` is either a tensor or a list or tuple of tensors; in the latter case it is assumed that :meth:`model.forward()` should be called on the first element of the list or tuple corresponding to the data batch."
tensorflow.python.debug.lib.grpc_debug_test_server.query_op_traceback,,torch.onnx._internal.exporter.register_op,"Registers a custom operator: torch.ops.<namespace>.<op_name>.<overload>. Args: function: The onnx-sctip function to register. namespace: The namespace of the operator to register. op_name: The name of the operator to register. overload: The overload of the operator to register. If it's default overload, leave it to None. is_complex: Whether the function is a function that handles complex valued inputs. Raises: ValueError: If the name is not in the form of 'namespace::op'."
tensorflow.python.framework.override_binary_operator.maybe_promote_tensors,,torch.distributed._shard.sharded_tensor.api.gather,"Creates a full :class:`Tensor` on rank ``dst`` by gathering all shards of the sharded tensor. The API needs to be called on all ranks in SPMD fashion. All ranks should have the same ``dst``. ``out`` should be a tensor of the same size as the overall size of the sharded tensor on ``dst`` and ``None`` on all other ranks. Args: dst(int): The rank where full tensor is constructed. Default: 0 out (:class `torch.Tensor`, optional): The output full tensor. Must to be provided ONLY on ``dst`` rank. Default: ``None`` enforce_dtype (bool): Deprecated, please use dtype instead. Force the gathered tensors to be the same type as input and output. dtype (torch.dtype): Force the gathered tensors to be this dtype. Default: ``None``"
tensorflow.python.util.dispatch.dispatch_for_unary_elementwise_apis,,torch._functorch.apis.grad,"``grad`` operator helps computing gradients of ``func`` with respect to the input(s) specified by ``argnums``. This operator can be nested to compute higher-order gradients. Args: func (Callable): A Python function that takes one or more arguments. Must return a single-element Tensor. If specified ``has_aux`` equals ``True``, function can return a tuple of single-element Tensor and other auxiliary objects: ``(output, aux)``. argnums (int or Tuple[int]): Specifies arguments to compute gradients with respect to. ``argnums`` can be single integer or tuple of integers. Default: 0. has_aux (bool): Flag indicating that ``func`` returns a tensor and other auxiliary objects: ``(output, aux)``. Default: False. Returns: Function to compute gradients with respect to its inputs. By default, the output of the function is the gradient tensor(s) with respect to the first argument. If specified ``has_aux`` equals ``True``, tuple of gradients and output auxiliary objects is returned. If ``argnums`` is a tuple of integers, a tuple of output gradients with respect to each ``argnums`` value is returned. Example of using ``grad``: >>> # xdoctest: +SKIP >>> from torch.func import grad >>> x = torch.randn([]) >>> cos_x = grad(lambda x: torch.sin(x))(x) >>> assert torch.allclose(cos_x, x.cos()) >>> >>> # Second-order gradients >>> neg_sin_x = grad(grad(lambda x: torch.sin(x)))(x) >>> assert torch.allclose(neg_sin_x, -x.sin()) When composed with ``vmap``, ``grad`` can be used to compute per-sample-gradients: >>> # xdoctest: +SKIP >>> from torch.func import grad, vmap >>> batch_size, feature_size = 3, 5 >>> >>> def model(weights, feature_vec): >>> # Very simple linear model with activation >>> assert feature_vec.dim() == 1 >>> return feature_vec.dot(weights).relu() >>> >>> def compute_loss(weights, example, target): >>> y = model(weights, example) >>> return ((y - target) ** 2).mean() # MSELoss >>> >>> weights = torch.randn(feature_size, requires_grad=True) >>> examples = torch.randn(batch_s"
tensorflow.python.ops.array_ops.one_hot,,torch.distributed._tensor.experimental.local_map.local_map,"``local_map`` is an experimental API that allows users to apply on :class:`DTensors` a function that is written to be applied on :class:`~torch.Tensors`. Args: func (Callable): the function to be applied on each local shard of :class:`DTensor`s. out_placements (Union[`PlacementType`, Tuple[`PlacementType`, ...]]): the desired placements of the :class:`DTensor`s in `func`'s flattened output. If the flattened `output` is a single value, the `out_placements` should be of type `PlacementType`. Otherwise if the flattened `output` has multiple values, the `out_placements` should be a tuple of `PlacementType` values 1:1 mapping to the flattened `output`. Besides, for :class:`Tensor` output, we use `PlacementType` as its placements (a `Tuple[Placement]` value). For non-:class:`Tensor` output, the `PlacementType` should be `None`. Note that the only exception is when no :class:`DTensor` argument is passed in. In this case, even if `out_placements` is not `None`, the result function should ignore the desired placements because the application is not on :class:`DTensors`. in_placements (Tuple[`PlacementType`, ...], optional): the required placements of the :class:`DTensor`s in `func`'s flattened input. If `in_placements` is specified, `local_map` would examine whether the placements of each :class:`DTensor` argument is the same as the required placements or not. If the placements are not the same and `redistribute_inputs` is `False`, an exception will be raised. Otherwise if `redistribute_inputs` is `True`, the argument will be first redistributed to the required sharding placements before passing its local tensor to `func`. The only exception is when required placements are not `None` and the argument is a :class:`torch.Tensor`. In this case, the placements examination will be skipped and the argument will be directly passed to `func`. If `in_placements` is `None`, no placements examination will be performed. Default: `None` device_mesh (:class:`DeviceMesh`, optional): the de"
tensorflow.python.framework.type_spec_registry.register,,torch.package.package_importer.load_pickle,"Unpickles the resource from the package, loading any modules that are needed to construct the objects using :meth:`import_module`. Args: package (str): The name of module package (e.g. ``""my_package.my_subpackage""``). resource (str): The unique name for the resource. map_location: Passed to `torch.load` to determine how tensors are mapped to devices. Defaults to ``None``. Returns: Any: The unpickled object."
tensorflow.python.debug.lib.debug_utils.add_debug_tensor_watch,,torch.distributed.checkpoint.state_dict_saver.save,"Save a distributed model in SPMD style. This function is different from ``torch.save()`` as it handles ``ShardedTensor`` , and ``DTensor`` by having each rank only save their local shards. For each ``Stateful`` object (having both a ``state_dict`` and a ``load_state_dict``), save will call ``state_dict`` before serialization. .. warning:: There is no guarantees of Backwards Compatibility across PyTorch versions for saved state_dicts. .. warning:: If using the `process_group` argument, make sure that only its ranks call `save_state_dict` and that all data in state_dict belong to it. .. note:: When saving checkpoint for FSDP's `ShardingStrategy.HYBRID_SHARD`, only one of the shard_group should be calling `save_state_dict` and the corresponding process group needs to be passed in. .. note:: If no process group is available, this function assumes the intention is to save the state_dict in the local process. .. note: Rank 0 is assumed to be the coordinator rank. Args: state_dict (Dict[str, Any]): The state_dict to save. checkpoint_id (Union[str, os.PathLike, None]): The ID of this checkpoint instance. The meaning of the checkpoint_id depends on the storage. It can be a path to a folder or to a file. It can also be a key if the storage is a key-value store. (Default: ``None``) storage_writer (Optional[StorageWriter]): Instance of StorageWriter used to perform writes. If this is not specified, DCP will automatically infer the writer based on the checkpoint_id. If checkpoint_id is also None, an exception will be raised. (Default: ``None``) planner (Optional[SavePlanner]): Instance of SavePlanner. If this is not specificed, the default planner will be used. (Default: ``None``) process_group (Optional[ProcessGroup]): ProcessGroup to be used for cross-rank synchronization. (Default: ``None``) Returns: Metadata: Metadata object for the saved checkpoint. Example: >>> # xdoctest: +SKIP >>> my_model = MyModule() >>> state_dict = {""model"": my_model} >>> fs_storage_writer = torch.di"
tensorflow.python.keras.saving.hdf5_format.load_attributes_from_hdf5_group,,torch.onnx._internal.onnx_proto_utils.export_data,"Export data to ONNX protobuf format. Args: data: The data to export, nested data structure of numpy.ndarray. value_info_proto: The ValueInfoProto of the data. The type of the ValueInfoProto determines how the data is stored. f: The file to write the data to."
tensorflow.python.keras.callbacks.on_test_batch_begin,,torch.distributed.optim.zero_redundancy_optimizer.state_dict,"Return the last global optimizer state known to this rank. .. warning: If the state has not been consolidated to this rank, this raises a runtime error, and even if it has, the state may not be up-to-date, depending on when :meth:`consolidate_state_dict` was last called. Raises: RuntimeError: if ``overlap_with_ddp=True`` and this method is called before this :class:`ZeroRedundancyOptimizer` instance has been fully initialized, which happens once :class:`DistributedDataParallel` gradient buckets have been rebuilt; or if this method is called without a preceding call to :meth:`consolidate_state_dict`."
tensorflow.python.framework.tfrt_utils.enabled,,torch.distributed.pipelining.stage.is_last,Returns true if this stage is the last stage in the pipeline.
tensorflow.python.ops.losses.losses_impl.sparse_softmax_cross_entropy,,torch.nn.utils.prune.l1_unstructured,"Prune tensor by removing units with the lowest L1-norm. Prunes tensor corresponding to parameter called ``name`` in ``module`` by removing the specified `amount` of (currently unpruned) units with the lowest L1-norm. Modifies module in place (and also return the modified module) by: 1) adding a named buffer called ``name+'_mask'`` corresponding to the binary mask applied to the parameter ``name`` by the pruning method. 2) replacing the parameter ``name`` by its pruned version, while the original (unpruned) parameter is stored in a new parameter named ``name+'_orig'``. Args: module (nn.Module): module containing the tensor to prune name (str): parameter name within ``module`` on which pruning will act. amount (int or float): quantity of parameters to prune. If ``float``, should be between 0.0 and 1.0 and represent the fraction of parameters to prune. If ``int``, it represents the absolute number of parameters to prune. importance_scores (torch.Tensor): tensor of importance scores (of same shape as module parameter) used to compute mask for pruning. The values in this tensor indicate the importance of the corresponding elements in the parameter being pruned. If unspecified or None, the module parameter will be used in its place. Returns: module (nn.Module): modified (i.e. pruned) version of the input module Examples: >>> # xdoctest: +SKIP >>> m = prune.l1_unstructured(nn.Linear(2, 3), 'weight', amount=0.2) >>> m.state_dict().keys() odict_keys(['bias', 'weight_orig', 'weight_mask'])"
tensorflow.python.tpu.tpu_embedding_v3.apply_gradients,,torch.distributed._tensor.api.to_local,"Get the local tensor of this DTensor on its current rank. For sharding it returns a local shard of the logical tensor view, for replication it returns the replica on its current rank. Keyword args: grad_placements (List[:class:`Placement`], optional): the placements describes the future layout of any gradient layout of the Tensor returned from this function. `to_local` converts DTensor to local tensor and the returned local tensor might not be used as the original DTensor layout later in the code. This argument is the hint that user can give to autograd in case the gradient layout of the returned tensor does not match the original DTensor layout. If not specified, we will assume the gradient layout remains the same as the original DTensor and use that for gradient computation. Returns: A :class:`torch.Tensor` or `AsyncCollectiveTensor` object. it represents the local tensor on its current rank. .. note:: `to_local` is differentiable, the `requires_grad` of the local tensor returned will depend on if the `DTensor` requires_grad or not."
tensorflow.python.ops.tensor_array_ops.write,,torch.distributed.nn.functional.scatter,"Scatters a list of tensors to all processes in a group. Each process will receive exactly one tensor and store its data in the ``tensor`` argument. Arguments: tensors (list[Tensor]): List of tensors to scatter on the source rank. Receivers must pass ``None`. src (int, optional): Source rank (default is 0). group (ProcessGroup, optional): The process group to work on. Returns: Tensor: Output tensor from the scatter operation."
tensorflow.python.util.type_annotations.is_generic_list,,torch.nn.utils.rnn.is_pinned,Return true if `self.data` stored on in pinned memory.
tensorflow.python.keras.legacy_tf_layers.core.flatten,,torch.nn.utils._expanded_weights.expanded_weights_utils.sum_over_all_but_batch_and_last_n,"Calculate the sum over all dimensions, except the first (batch dimension), and excluding the last n_dims. This function will ignore the first dimension and it will not aggregate over the last n_dims dimensions. Args: tensor: An input tensor of shape ``(B, ..., X[n_dims-1])``. n_dims: Number of dimensions to keep. Example: >>> tensor = torch.ones(1, 2, 3, 4, 5) >>> sum_over_all_but_batch_and_last_n(tensor, n_dims=2).shape torch.Size([1, 4, 5]) Returns: A tensor of shape ``(B, ..., X[n_dims-1])``"
tensorflow.python.keras.saving.saved_model.base_serialization.functions_to_serialize,,torch.onnx._internal.fx.serialization.save_model_with_external_data,"Load PyTorch tensors from files and add to ""onnx_model"" as external initializers. Output files: ONNX model file path: ONNX initializer folder: os.path.join(basepath, initializer_location) After running this function, you can do ort_sess = onnxruntime.InferenceSession(os.path.join(basepath, model_location)) to execute the model. Arguments: basepath: Base path of the ONNX external data file (e.g., ""/path/to/large_model/""). model_location: Relative location of the ONNX model file. E.g., ""model.onnx"" so that the model file is saved to ""<basepath>/model.onnx"". initializer_location: Relative location of the ONNX initializer folder. E.g., ""initializers"" so that the initializers are saved to ""<basepath>/initializers/"". Note: When initializers are >2GB, must be the same as `model_location`. torch_state_dicts: Dictionaries or files which contain PyTorch tensors to be saved as ONNX initializers. For non-dict arguments, `torch.load` will be used to load them from file-like objects. onnx_model: ONNX model to be saved with external initializers. If an input name matches a tensor loaded from ""torch_state_dicts"", the tensor will be saved as that input's external initializer. rename_initializer: Replaces ""."" by ""_"" for all ONNX initializer names. Not needed by the official torch.onnx.dynamo_export. This is a hack for supporting `FXSymbolicTracer` tracer with fake tensor mode. In short, `FXSymbolicTracer` lifts FX parameters (self.linear_weight) as inputs (`def forward(self, linear_weight)`) and therefore, `.` cannot be used."
tensorflow.python.ops.string_ops.string_format,,torch.distributed.distributed_c10d.all_gather_into_tensor,"Gather tensors from all ranks and put them in a single output tensor. Args: output_tensor (Tensor): Output tensor to accommodate tensor elements from all ranks. It must be correctly sized to have one of the following forms: (i) a concatenation of all the input tensors along the primary dimension; for definition of ""concatenation"", see ``torch.cat()``; (ii) a stack of all the input tensors along the primary dimension; for definition of ""stack"", see ``torch.stack()``. Examples below may better explain the supported output forms. input_tensor (Tensor): Tensor to be gathered from current rank. Different from the ``all_gather`` API, the input tensors in this API must have the same size across all ranks. group (ProcessGroup, optional): The process group to work on. If None, the default process group will be used. async_op (bool, optional): Whether this op should be an async op Returns: Async work handle, if async_op is set to True. None, if not async_op or if not part of the group Examples: >>> # xdoctest: +SKIP(""need process group init"") >>> # All tensors below are of torch.int64 dtype and on CUDA devices. >>> # We have two ranks. >>> device = torch.device(f'cuda:{rank}') >>> tensor_in = torch.arange(2, dtype=torch.int64, device=device) + 1 + 2 * rank >>> tensor_in tensor([1, 2], device='cuda:0') # Rank 0 tensor([3, 4], device='cuda:1') # Rank 1 >>> # Output in concatenation form >>> tensor_out = torch.zeros(world_size * 2, dtype=torch.int64, device=device) >>> dist.all_gather_into_tensor(tensor_out, tensor_in) >>> tensor_out tensor([1, 2, 3, 4], device='cuda:0') # Rank 0 tensor([1, 2, 3, 4], device='cuda:1') # Rank 1 >>> # Output in stack form >>> tensor_out2 = torch.zeros(world_size, 2, dtype=torch.int64, device=device) >>> dist.all_gather_into_tensor(tensor_out2, tensor_in) >>> tensor_out2 tensor([[1, 2], [3, 4]], device='cuda:0') # Rank 0 tensor([[1, 2], [3, 4]], device='cuda:1') # Rank 1 .. warning:: The Gloo backend does not support this API."
tensorflow.python.ops.variables.initialize_local_variables,,torch.autograd.function.saved_tensors,See :meth:`Function.saved_tensors`.
tensorflow.python.autograph.impl.api.tf_convert,,torch.distributed.checkpoint.state_dict.get_state_dict,"Return the model state_dict and optimizers state_dict. ``get_state_dict`` can process any module that is parallelized by PyTorch FSDP/fully_shard, DDP/replicate, tensor_parallel/parallelize_module, and any combination of these parallelisms. The main functions of ``get_state_dict`` are: 1.) returning a model and optimizer state_dict that can be resharded with a different number of trainers and/or different parallelisms. 2.) hiding the parallelism-specific state_dict APIs. Users don't have to call these APIs. 3.) sanity checking the result state_dict. The keys of the result state dictionary are the canonical FQNs (Fully Qualified Names). A canonical FQN refers to the FQN based on a parameter's position in an nn.Module hierarchy. More specifically, a canonical FQN to a parameter is the FQN returned by ``module.named_parameters()`` or ``module.named_buffers()`` when the module is not distributed by any parallelisms. Since the optimizer internally uses parameter IDs to represent a parameter, there will be a conversion from the parameter IDs to the canonical FQNs when calling this API. ``get_state_dict`` can also process a module that is not parallelized. In such a case, ``get_state_dict`` only performs one function -- converting the optimizer parameter IDs to the canonical FQNs. Example: >>> # xdoctest: +SKIP >>> import torch >>> from torch.distributed.fsdp import FullyShardedDataParallel as FSDP >>> from torch.nn.parallel import DistributedDataParallel as DDP >>> from torch.distributed.checkpoint.state_dict import get_state_dict >>> fsdp_model = FSDP(copy.deepcopy(model)) >>> fsdp_optim = torch.optim.Adam(model.parameters(), lr=1e-3) >>> ddp_model = DDP(copy.deepcopy(model)) >>> ddp_optim = torch.optim.Adam(model.parameters(), lr=1e-3) >>> ddp_state_dict, ddp_optim_state_dict = get_state_dict(ddp_model, ddp_optim) >>> fsdp_state_dict, fsdp_optim_state_dict = get_state_dict(fsdp_model, fsdp_optim) >>> # if we simply call ddp_model.state_dict() and fsdp_model.state_dict()"
tensorflow.python.data.ops.iterator_ops.from_structure,,torch.ao.quantization.quantize_jit.quantize_jit,"Quantize the input float TorchScript model with post training static quantization. First it will prepare the model for calibration, then it calls `run_fn` which will run the calibration step, after that we will convert the model to a quantized model. Args: `model`: input float TorchScript model `qconfig_dict`: qconfig_dict is a dictionary with names of sub modules as key and qconfig for that module as value, empty key means the qconfig will be applied to whole model unless it's overwritten by more specific configurations, the qconfig for each module is either found in the dictionary or fallback to the qconfig of parent module. Right now qconfig_dict is the only way to configure how the model is quantized, and it is done in the granularity of module, that is, we only support one type of qconfig for each torch.nn.Module, and the qconfig for sub module will override the qconfig for parent module, empty string means global configuration. `run_fn`: a calibration function for calibrating the prepared model `run_args`: positional arguments for `run_fn` `inplace`: carry out model transformations in-place, the original module is mutated `debug`: flag for producing a debug friendly model (preserve weight attribute) Return: Quantized TorchSciprt model. Example: python import torch from torch.ao.quantization import get_default_qconfig from torch.ao.quantization import quantize_jit ts_model = torch.jit.script(float_model.eval()) # or torch.jit.trace(float_model, input) qconfig = get_default_qconfig('fbgemm') def calibrate(model, data_loader): model.eval() with torch.no_grad(): for image, target in data_loader: model(image) quantized_model = quantize_jit( ts_model, {'': qconfig}, calibrate, [data_loader_test])"
tensorflow.python.tpu.tpu_embedding_v2.embedding_tables,,torch.distributed.optim.zero_redundancy_optimizer.join_hook,Return the ZeRO join hook. It enables training on uneven inputs by shadowing the collective communications in the optimizer step. Gradients must be properly set before this hook is called. Arguments: kwargs (dict): a :class:`dict` containing any keyword arguments to modify the behavior of the join hook at run time; all :class:`Joinable` instances sharing the same join context manager are forwarded the same value for ``kwargs``. This hook does not support any keyword arguments; i.e. ``kwargs`` is unused.
tensorflow.python.summary.writer.writer.add_graph,,torch.utils.tensorboard.writer.add_graph,"Add graph data to summary. Args: model (torch.nn.Module): Model to draw. input_to_model (torch.Tensor or list of torch.Tensor): A variable or a tuple of variables to be fed. verbose (bool): Whether to print graph structure in console. use_strict_trace (bool): Whether to pass keyword argument `strict` to `torch.jit.trace`. Pass False when you want the tracer to record your mutable container types (list, dict)"
tensorflow.python.keras.backend.set_value,,torch.amp.autocast_mode.is_autocast_available,"Return a bool indicating if autocast is available on :attr:`device_type`. Args: device_type(str): Device type to use. Possible values are: 'cuda', 'cpu', 'xpu' and so on. The type is the same as the `type` attribute of a :class:`torch.device`. Thus, you may obtain the device type of a tensor using `Tensor.device.type`."
tensorflow.python.data.kernel_tests.checkpoint_test_base.verify_error_on_save,,torch.testing._internal.dist_utils.wait_until_node_failure,"Loops until an RPC to the given rank fails. This is used to indicate that the node has failed in unit tests. Args: rank (int): Rank of the node expected to fail expected_error_regex (optional, str): Regex of exception message expected. Useful to ensure a specific failure occurs, not just any."
tensorflow.python.training.training_util.get_or_create_global_step,,torch.onnx._internal.exporter.model_signature,"The model signature for the exported ONNX graph. This information is relevant because ONNX specification often differs from PyTorch's, resulting in a ONNX graph with input and output schema different from the actual PyTorch model implementation. By using the model signature, the users can understand the inputs and outputs differences and properly execute the model in ONNX Runtime. NOTE: Model signature is only available when the ONNX graph was exported from a :class:`torch.export.ExportedProgram` object. NOTE: Any transformation done to the model that changes the model signature must be accompanied by updates to this model signature as well through :class:`InputAdaptStep` and/or :class:`OutputAdaptStep`. Example: The following model produces different sets of inputs and outputs. The first 4 inputs are model parameters (namely conv1.weight, conv2.weight, fc1.weight, fc2.weight), and the next 2 inputs are registered buffers (namely my_buffer2, my_buffer1) and finally the last 2 inputs are user inputs (namely x and b). The first output is a buffer mutation (namely my_buffer2) and the last output is the actual model output. >>> import pprint >>> class CustomModule(torch.nn.Module): ... def __init__(self): ... super().__init__() ... self.my_parameter = torch.nn.Parameter(torch.tensor(2.0)) ... self.register_buffer(""my_buffer1"", torch.tensor(3.0)) ... self.register_buffer(""my_buffer2"", torch.tensor(4.0)) ... self.conv1 = torch.nn.Conv2d(1, 32, 3, 1, bias=False) ... self.conv2 = torch.nn.Conv2d(32, 64, 3, 1, bias=False) ... self.fc1 = torch.nn.Linear(9216, 128, bias=False) ... self.fc2 = torch.nn.Linear(128, 10, bias=False) ... def forward(self, x, b): ... tensor_x = self.conv1(x) ... tensor_x = torch.nn.functional.sigmoid(tensor_x) ... tensor_x = self.conv2(tensor_x) ... tensor_x = torch.nn.functional.sigmoid(tensor_x) ... tensor_x = torch.nn.functional.max_pool2d(tensor_x, 2) ... tensor_x = torch.flatten(tensor_x, 1) ... tensor_x = self.fc1(tensor_x) ... tensor_x = torch"
tensorflow.python.feature_column.feature_column_v2.get_variable,,torch.distributed.elastic.utils.api.get_env_variable_or_raise,Tries to retrieve environment variable. Raises ``ValueError`` if no environment variable found. Args: env_name (str): Name of the env variable
tensorflow.python.ops.resource_variable_ops.scatter_div,,torch.distributed.distributed_c10d.get_group_rank,Translate a global rank into a group rank. ``global_rank`` must be part of ``group`` otherwise this raises RuntimeError. Args: group (ProcessGroup): ProcessGroup to find the relative rank. global_rank (int): Global rank to query. Returns: Group rank of ``global_rank`` relative to ``group`` N.B. calling this function on the default process group returns identity
tensorflow.python.tpu.tpu_name_util.core,,torch.storage.is_pinned,Determine whether the CPU storage is already pinned on device. Args: device (str or torch.device): The device to pin memory on. Default: ``'cuda'``. Returns: A boolean variable.
tensorflow.python.keras.engine.training.compile,,torch.optim.optimizer.state_dict,"Returns the state of the optimizer as a :class:`dict`. It contains two entries: * ``state``: a Dict holding current optimization state. Its content differs between optimizer classes, but some common characteristics hold. For example, state is saved per parameter, and the parameter itself is NOT saved. ``state`` is a Dictionary mapping parameter ids to a Dict with state corresponding to each parameter. * ``param_groups``: a List containing all parameter groups where each parameter group is a Dict. Each parameter group contains metadata specific to the optimizer, such as learning rate and weight decay, as well as a List of parameter IDs of the parameters in the group. NOTE: The parameter IDs may look like indices but they are just IDs associating state with param_group. When loading from a state_dict, the optimizer will zip the param_group ``params`` (int IDs) and the optimizer ``param_groups`` (actual ``nn.Parameter`` s) in order to match state WITHOUT additional verification. A returned state dict might look something like: .. code-block:: text { 'state': { 0: {'momentum_buffer': tensor(...), ...}, 1: {'momentum_buffer': tensor(...), ...}, 2: {'momentum_buffer': tensor(...), ...}, 3: {'momentum_buffer': tensor(...), ...} }, 'param_groups': [ { 'lr': 0.01, 'weight_decay': 0, ... 'params': [0] }, { 'lr': 0.001, 'weight_decay': 0.5, ... 'params': [1, 2, 3] } ] }"
tensorflow.python.tpu.tpu_embedding_v2.apply_gradients,,torch._higher_order_ops.while_loop.while_loop,"Run body_fn(*carried_inputs) while cond_fn(*carried_inputs) returns a True scalar tensor. Returns the output of body_fn or initial carried_inputs. .. warning:: `torch.while_loop` is a prototype feature in PyTorch. It has limited support for input and output types and doesn't support training currently. Please look forward to a more stable implementation in a future version of PyTorch. Read more about feature classification at: https://pytorch.org/blog/pytorch-feature-classification-changes/#prototype `while_loop` is a structured control flow operator. It preserves the loop semantic across the torch.compile and torch.export. `while_loop` is equivalent to the following: def while_loop(cond_fn, body_fn, carried_inputs): val = carried_inputs while cond_fn(*val): val = body_fn(*val) return val Args: cond_fn (Callable): A callable function that returns a boolean Scalar tensor. body_fn (Callable): A callable function that takes the same inputs as `cond_fn` and returns a tuple of tensors carried_inputs (Tuple of possibly nested dict/list/tuple of tensors): A tuple of inputs to cond_fn and body_fn. It's also the initial value of states that are carried across iterations. Example: def cond_fn(iter, x): return iter.sum() < 10 def body_fn(iter, x): return iter + 1, x.sin() while_loop(cond_fn, body_fn, (torch.zeros(1), torch.randn(3, 4))) Restrictions: - body_fn must return tensors with the same metadata (e.g.shape, dtype) as inputs. - body_fn and cond_fn must not in-place mutate the carried_inputs. A clone before the mutation is required. - body_fn and cond_fn must not mutate python varialbles (e.g. list/dict) created outside of the body_fn. - body_fn and cond_fn's output cannot aliase any of the inputs. A clone is required. .. warning:: Temporal Limitations: - 'while_loop' only supports **inference** right now. Autograd will be supported in the future."
tensorflow.python.eager.polymorphic_function.atomic_function.from_func_graph,,torch.jit.frontend.get_default_args_for_class,"Get default arguments for all methods in a class (except for static methods). Args: cls: type - The class type to inspect for default arguments. Returns: A Dict[str, Dict[str, Any]] which maps each method name to a Dict[str, Any] that maps each argument name to its default value."
tensorflow.python.tpu.tensor_tracer_flags.is_flag_on,,torch.distributed.pipelining.stage.has_backward,Returns true if this stage has a backward pass.
tensorflow.python.keras.utils.generic_utils.get_registered_name,,torch._inductor.codegen.cuda.gemm_template.gen_ops,Creates a list of Cutlass GemmOperation instances that match the operation this template is designed to represent. The matching is carried out with respect to the input and output specifications of the operation. No function arguments. Returns: List[cutlass_gemm_op.GemmOperation]: A list of GemmOperation instances that are compatible with the operation requirements of this template.
tensorflow.python.data.experimental.ops.resampling.rejection_resample,,torch.distributed.algorithms.ddp_comm_hooks.default_hooks.fp16_compress_hook,"Compress by casting ``GradBucket`` to ``torch.float16`` divided by process group size. This DDP communication hook implements a simple gradient compression approach that casts ``GradBucket`` tensor to half-precision floating-point format (``torch.float16``) and then divides it by the process group size. It allreduces those ``float16`` gradient tensors. Once compressed gradient tensors are allreduced, the chained callback ``decompress`` casts it back to the input data type (such as ``float32``). Example:: >>> # xdoctest: +SKIP >>> ddp_model.register_comm_hook(process_group, fp16_compress_hook)"
tensorflow.python.framework.func_graph.control_dependencies,,torch.fx.interpreter.run,"Run `module` via interpretation and return the result. Args: *args: The arguments to the Module to run, in positional order initial_env (Optional[Dict[Node, Any]]): An optional starting environment for execution. This is a dict mapping `Node` to any value. This can be used, for example, to pre-populate results for certain `Nodes` so as to do only partial evaluation within the interpreter. enable_io_processing (bool): If true, we process the inputs and outputs with graph's process_inputs and process_outputs function first before using them. Returns: Any: The value returned from executing the Module"
tensorflow.python.distribute.cluster_resolver.tfconfig_cluster_resolver.master,,torch.distributed.distributed_c10d.isend,"Send a tensor asynchronously. .. warning:: Modifying ``tensor`` before the request completes causes undefined behavior. .. warning:: ``tag`` is not supported with the NCCL backend. Args: tensor (Tensor): Tensor to send. dst (int): Destination rank on global process group (regardless of ``group`` argument) group (ProcessGroup, optional): The process group to work on. If None, the default process group will be used. tag (int, optional): Tag to match send with remote recv Returns: A distributed request object. None, if not part of the group"
tensorflow.python.ops.rnn.static_state_saving_rnn,,torch.nn.modules.module.register_buffer,"Add a buffer to the module. This is typically used to register a buffer that should not to be considered a model parameter. For example, BatchNorm's ``running_mean`` is not a parameter, but is part of the module's state. Buffers, by default, are persistent and will be saved alongside parameters. This behavior can be changed by setting :attr:`persistent` to ``False``. The only difference between a persistent buffer and a non-persistent buffer is that the latter will not be a part of this module's :attr:`state_dict`. Buffers can be accessed as attributes using given names. Args: name (str): name of the buffer. The buffer can be accessed from this module using the given name tensor (Tensor or None): buffer to be registered. If ``None``, then operations that run on buffers, such as :attr:`cuda`, are ignored. If ``None``, the buffer is **not** included in the module's :attr:`state_dict`. persistent (bool): whether the buffer is part of this module's :attr:`state_dict`. Example:: >>> # xdoctest: +SKIP(""undefined vars"") >>> self.register_buffer('running_mean', torch.zeros(num_features))"
tensorflow.python.ops.math_ops.multiply,,torch.utils.data._utils.collate.default_convert,"Convert each NumPy array element into a :class:`torch.Tensor`. If the input is a `Sequence`, `Collection`, or `Mapping`, it tries to convert each element inside to a :class:`torch.Tensor`. If the input is not an NumPy array, it is left unchanged. This is used as the default function for collation when both `batch_sampler` and `batch_size` are NOT defined in :class:`~torch.utils.data.DataLoader`. The general input type to output type mapping is similar to that of :func:`~torch.utils.data.default_collate`. See the description there for more details. Args: data: a single data point to be converted Examples: >>> # xdoctest: +SKIP >>> # Example with `int` >>> default_convert(0) 0 >>> # Example with NumPy array >>> default_convert(np.array([0, 1])) tensor([0, 1]) >>> # Example with NamedTuple >>> Point = namedtuple('Point', ['x', 'y']) >>> default_convert(Point(0, 0)) Point(x=0, y=0) >>> default_convert(Point(np.array(0), np.array(0))) Point(x=tensor(0), y=tensor(0)) >>> # Example with List >>> default_convert([np.array([0, 1]), np.array([2, 3])]) [tensor([0, 1]), tensor([2, 3])]"
tensorflow.python.training.optimizer.target,,torch.onnx._internal.diagnostics.infra.utils.function_location,Returns a Location for the given function.
tensorflow.python.keras.utils.generic_utils.class_and_config_for_serialized_keras_object,,torch._dynamo.utils.fqn,Returns the fully qualified name of the object.
tensorflow.python.keras.saving.saved_model.save.save,,torch.onnx._internal.exporter.save,"Saves the in-memory ONNX model to ``destination`` using specified ``serializer``. Args: destination: The destination to save the ONNX model. It can be either a string or a file-like object. When used with ``model_state``, it must be a string with a full path to the destination. If `destination` is a string, besides saving the ONNX model into a file, model weights are also stored in separate files in the same directory as the ONNX model. E.g. for `destination=""/path/model.onnx""`, the initializers are saved in ""/path/"" folder along with ""onnx.model"". include_initializers: Whether to include initializers in the ONNX graph as external data. Cannot be combined with `model_state_dict`. model_state: The state_dict of the PyTorch model containing all weights on it. It can be either a string with the path to a checkpoint or a dictionary with the actual model state. The supported file formats are the same as those supported by `torch.load` and `safetensors.safe_open`. Required when :func:`enable_fake_mode` is used but real initializers are needed on the ONNX graph. serializer: The serializer to use. If not specified, the model will be serialized as Protobuf."
tensorflow.python.summary.summary.histogram,,torch._library.custom_ops.custom_op,"Wraps a function into custom operator. Reasons why you may want to create a custom op include: - Wrapping a third-party library or custom kernel to work with PyTorch subsystems like Autograd. - Preventing torch.compile/export/FX tracing from peeking inside your function. This API is used as a decorator around a function (please see examples). The provided function must have type hints; these are needed to interface with PyTorch's various subsystems. Args: name (str): A name for the custom op that looks like ""{namespace}::{name}"", e.g. ""mylib::my_linear"". The name is used as the op's stable identifier in PyTorch subsystems (e.g. torch.export, FX graphs). To avoid name collisions, please use your project name as the namespace; e.g. all custom ops in pytorch/fbgemm use ""fbgemm"" as the namespace. mutates_args (Iterable[str]): The names of args that the function mutates. This MUST be accurate, otherwise, the behavior is undefined. device_types (None | str | Sequence[str]): The device type(s) the function is valid for. If no device type is provided, then the function is used as the default implementation for all device types. Examples: ""cpu"", ""cuda"". schema (None | str): A schema string for the operator. If None (recommended) we'll infer a schema for the operator from its type annotations. We recommend letting us infer a schema unless you have a specific reason not to. Example: ""(Tensor x, int y) -> (Tensor, Tensor)"". .. note:: We recommend not passing in a ``schema`` arg and instead letting us infer it from the type annotations. It is error-prone to write your own schema. You may wish to provide your own schema if our interpretation of the type annotation is not what you want. For more info on how to write a schema string, see `here <https://github.com/pytorch/pytorch/blob/main/aten/src/ATen/native/README.md#func>`_ Examples:: >>> import torch >>> from torch import Tensor >>> from torch.library import custom_op >>> import numpy as np >>> >>> @custom_op(""mylib::numpy_sin"""
tensorflow.python.util.all_util.reveal_undocumented,,torch.utils.cpp_extension.get_compiler_abi_compatibility_and_version,"Determine if the given compiler is ABI-compatible with PyTorch alongside its version. Args: compiler (str): The compiler executable name to check (e.g. ``g++``). Must be executable in a shell process. Returns: A tuple that contains a boolean that defines if the compiler is (likely) ABI-incompatible with PyTorch, followed by a `TorchVersion` string that contains the compiler version separated by dots."
tensorflow.python.eager.context.config,,torch.cuda.tunable.get_validators,Return the TunableOp validators.
tensorflow.python.ops.control_flow_ops.AddForwardLoopCounter,,torch.distributed.optim.zero_redundancy_optimizer.consolidate_state_dict,"Consolidate a list of ``state_dict`` s (one per rank) on the target rank. Arguments: to (int): the rank that receives the optimizer states (default: 0). Raises: RuntimeError: if ``overlap_with_ddp=True`` and this method is called before this :class:`ZeroRedundancyOptimizer` instance has been fully initialized, which happens once :class:`DistributedDataParallel` gradient buckets have been rebuilt. .. warning:: This needs to be called on all ranks."
tensorflow.python.keras.backend.function,,torch.distributed.distributed_c10d.is_backend_available,Check backend availability. Checks if the given backend is available and supports the built-in backends or third-party backends through function ``Backend.register_backend``. Args: backend (str): Backend name. Returns: bool: Returns true if the backend is available otherwise false.
tensorflow.python.ops.signal.dct_ops.idct,,torch.nn.utils.weight_norm.weight_norm,"Apply weight normalization to a parameter in the given module. .. math:: \mathbf{w} = g \dfrac{\mathbf{v}}{\|\mathbf{v}\|} Weight normalization is a reparameterization that decouples the magnitude of a weight tensor from its direction. This replaces the parameter specified by :attr:`name` (e.g. ``'weight'``) with two parameters: one specifying the magnitude (e.g. ``'weight_g'``) and one specifying the direction (e.g. ``'weight_v'``). Weight normalization is implemented via a hook that recomputes the weight tensor from the magnitude and direction before every :meth:`~Module.forward` call. By default, with ``dim=0``, the norm is computed independently per output channel/plane. To compute a norm over the entire weight tensor, use ``dim=None``. See https://arxiv.org/abs/1602.07868 .. warning:: This function is deprecated. Use :func:`torch.nn.utils.parametrizations.weight_norm` which uses the modern parametrization API. The new ``weight_norm`` is compatible with ``state_dict`` generated from old ``weight_norm``. Migration guide: * The magnitude (``weight_g``) and direction (``weight_v``) are now expressed as ``parametrizations.weight.original0`` and ``parametrizations.weight.original1`` respectively. If this is bothering you, please comment on https://github.com/pytorch/pytorch/issues/102999 * To remove the weight normalization reparametrization, use :func:`torch.nn.utils.parametrize.remove_parametrizations`. * The weight is no longer recomputed once at module forward; instead, it will be recomputed on every access. To restore the old behavior, use :func:`torch.nn.utils.parametrize.cached` before invoking the module in question. Args: module (Module): containing module name (str, optional): name of weight parameter dim (int, optional): dimension over which to compute the norm Returns: The original module with the weight norm hook Example:: >>> m = weight_norm(nn.Linear(20, 40), name='weight') >>> m Linear(in_features=20, out_features=40, bias=True) >>> m.weight_g.size()"
tensorflow.python.util.all_util.remove_undocumented,,torch.distributed.fsdp.fully_sharded_data_parallel.fsdp_modules,"Return all nested FSDP instances. This possibly includes ``module`` itself and only includes FSDP root modules if ``root_only=True``. Args: module (torch.nn.Module): Root module, which may or may not be an ``FSDP`` module. root_only (bool): Whether to return only FSDP root modules. (Default: ``False``) Returns: List[FullyShardedDataParallel]: FSDP modules that are nested in the input ``module``."
tensorflow.python.framework.ops.gradient_override_map,,torch.onnx._internal.registration.onnx_symbolic,"Registers a symbolic function. Usage:: @onnx_symbolic(""aten::symbolic_b"", opset=10, decorate=[quantized_aten_handler(scale=1/128, zero_point=0)]) @symbolic_helper.parse_args(""v"", ""v"", ""b"") def symbolic_b(g: _C.Graph, x: _C.Value, y: _C.Value, arg1: bool) -> _C.Value: ... Args: name: The qualified name of the function in the form of 'domain::op'. E.g. 'aten::add'. opset: The opset versions of the function to register at. decorate: A sequence of decorators to apply to the function. custom: Whether the function is a custom symbolic function. Raises: ValueError: If the separator '::' is not in the name."
tensorflow.python.framework.stack.get_default_session,,torch.onnx._internal.onnxruntime.get_cached_instance_for_options,"Returns a possibly cached instance of an ``OrtBackend``. If an existing backend was created previously through this function with the same options, it will be returned. Otherwise a new backend will be created, cached, and returned. Note: if ``options`` sets ``ort_session_options``, a new ``OrtBackend`` will always be returned, since ``onnxruntime.SessionOptions`` cannot participate in caching."
tensorflow.python.tools.optimize_for_inference_lib.optimize_for_inference,,torch._export.passes.lift_constants_pass.lift_constants_pass,"Takes a graph module, graph signature, and modifies them implace to lift any constants (tensors or custom classes) as inputs to the graph. Returns a dictionary of names to constants. Arguments: gm (torch.fx.GraphModule): The graph module containing the graph and constants to lift. graph_signature (ExportGraphSignature): This graph signature will be mutated to add additional CONSTANT_TENSOR and CUSTOM_OBJ inputs. constant_attrs (ConstantAttr): A mapping from a constant value to its fully-qualified path in `gm`. This is used to maintain consistent location of constants between the original module and the exported version. Returns: A dictionary of fqn => constant value."
tensorflow.python.data.util.convert.partial_shape_to_tensor,,torch.nn.utils.parametrize.right_inverse,"Call the ``right_inverse`` methods of the parametrizations in the inverse registration order. Then, it stores the result in ``self.original`` if ``right_inverse`` outputs one tensor or in ``self.original0``, ``self.original1``, ... if it outputs several. Args: value (Tensor): Value to which initialize the module"
tensorflow.python.ops.image_ops_impl.sobel_edges,,torch.utils.tensorboard.writer.add_mesh,"Add meshes or 3D point clouds to TensorBoard. The visualization is based on Three.js, so it allows users to interact with the rendered object. Besides the basic definitions such as vertices, faces, users can further provide camera parameter, lighting condition, etc. Please check https://threejs.org/docs/index.html#manual/en/introduction/Creating-a-scene for advanced usage. Args: tag (str): Data identifier vertices (torch.Tensor): List of the 3D coordinates of vertices. colors (torch.Tensor): Colors for each vertex faces (torch.Tensor): Indices of vertices within each triangle. (Optional) config_dict: Dictionary with ThreeJS classes names and configuration. global_step (int): Global step value to record walltime (float): Optional override default walltime (time.time()) seconds after epoch of event Shape: vertices: :math:`(B, N, 3)`. (batch, number_of_vertices, channels) colors: :math:`(B, N, 3)`. The values should lie in [0, 255] for type `uint8` or [0, 1] for type `float`. faces: :math:`(B, N, 3)`. The values should lie in [0, number_of_vertices] for type `uint8`. Examples:: from torch.utils.tensorboard import SummaryWriter vertices_tensor = torch.as_tensor([ [1, 1, 1], [-1, -1, 1], [1, -1, -1], [-1, 1, -1], ], dtype=torch.float).unsqueeze(0) colors_tensor = torch.as_tensor([ [255, 0, 0], [0, 255, 0], [0, 0, 255], [255, 0, 255], ], dtype=torch.int).unsqueeze(0) faces_tensor = torch.as_tensor([ [0, 2, 3], [0, 3, 1], [0, 1, 2], [1, 3, 2], ], dtype=torch.int).unsqueeze(0) writer = SummaryWriter() writer.add_mesh('my_mesh', vertices=vertices_tensor, colors=colors_tensor, faces=faces_tensor) writer.close()"
tensorflow.python.training.input.string_input_producer,,torch.nn.modules.module.register_full_backward_pre_hook,"Register a backward pre-hook on the module. The hook will be called every time the gradients for the module are computed. The hook should have the following signature:: hook(module, grad_output) -> tuple[Tensor] or None The :attr:`grad_output` is a tuple. The hook should not modify its arguments, but it can optionally return a new gradient with respect to the output that will be used in place of :attr:`grad_output` in subsequent computations. Entries in :attr:`grad_output` will be ``None`` for all non-Tensor arguments. For technical reasons, when this hook is applied to a Module, its forward function will receive a view of each Tensor passed to the Module. Similarly the caller will receive a view of each Tensor returned by the Module's forward function. .. warning :: Modifying inputs inplace is not allowed when using backward hooks and will raise an error. Args: hook (Callable): The user-defined hook to be registered. prepend (bool): If true, the provided ``hook`` will be fired before all existing ``backward_pre`` hooks on this :class:`torch.nn.modules.Module`. Otherwise, the provided ``hook`` will be fired after all existing ``backward_pre`` hooks on this :class:`torch.nn.modules.Module`. Note that global ``backward_pre`` hooks registered with :func:`register_module_full_backward_pre_hook` will fire before all hooks registered by this method. Returns: :class:`torch.utils.hooks.RemovableHandle`: a handle that can be used to remove the added hook by calling ``handle.remove()``"
tensorflow.python.data.ops.dataset_ops.take_while,,torch.amp.autocast_mode.custom_bwd,"Create a helper decorator for backward methods of custom autograd functions. Autograd functions are subclasses of :class:`torch.autograd.Function`. Ensures that ``backward`` executes with the same autocast state as ``forward``. See the :ref:`example page<amp-custom-examples>` for more detail. Args: device_type(str): Device type to use. 'cuda', 'cpu', 'xpu' and so on. The type is the same as the `type` attribute of a :class:`torch.device`. Thus, you may obtain the device type of a tensor using `Tensor.device.type`."
tensorflow.python.ops.array_ops.size_v2,,torch._higher_order_ops.associative_scan.associative_scan,"Performs an inclusive scan with an associative pointwise combine function. .. warning:: `torch.associative_scan` is a prototype feature in PyTorch. It currently does not support autograd and you may run into miscompiles. Read more about feature classification at: https://pytorch.org/blog/pytorch-feature-classification-changes/#prototype This operator requires runtime code generation and so requires support for ``torch.compile``. Further, only CUDA device codegen is supported at the moment. Args: combine_fn (Callable): A binary callable with type ``(Tensor, Tensor) -> Tensor``, or if input is a pytree ``(pytree, pytree) -> pytree``. This function must be pure, pointwise, and satisfy the associative property. input (torch.Tensor): The input tensor, or nested pytree of tensors. All inputs are expected to have the same shape. dim (int): the dimension to scan over Example:: def add(x: torch.Tensor, y: torch.Tensor): return x + y cumsum = associative_scan(add, x, dim)"
tensorflow.python.ops.ragged.ragged_tensor.merge_dims,,torch.functional.split,"Splits the tensor into chunks. Each chunk is a view of the original tensor. If :attr:`split_size_or_sections` is an integer type, then :attr:`tensor` will be split into equally sized chunks (if possible). Last chunk will be smaller if the tensor size along the given dimension :attr:`dim` is not divisible by :attr:`split_size`. If :attr:`split_size_or_sections` is a list, then :attr:`tensor` will be split into ``len(split_size_or_sections)`` chunks with sizes in :attr:`dim` according to :attr:`split_size_or_sections`. Args: tensor (Tensor): tensor to split. split_size_or_sections (int) or (list(int)): size of a single chunk or list of sizes for each chunk dim (int): dimension along which to split the tensor. Example:: >>> a = torch.arange(10).reshape(5, 2) >>> a tensor([[0, 1], [2, 3], [4, 5], [6, 7], [8, 9]]) >>> torch.split(a, 2) (tensor([[0, 1], [2, 3]]), tensor([[4, 5], [6, 7]]), tensor([[8, 9]])) >>> torch.split(a, [1, 4]) (tensor([[0, 1]]), tensor([[2, 3], [4, 5], [6, 7], [8, 9]]))"
tensorflow.python.ops.array_ops.zeros_like_v2,,torch.nn.utils.rnn.pad_packed_sequence,"Pad a packed batch of variable length sequences. It is an inverse operation to :func:`pack_padded_sequence`. The returned Tensor's data will be of size ``T x B x *`` (if :attr:`batch_first` is ``False``) or ``B x T x *`` (if :attr:`batch_first` is ``True``) , where ``T`` is the length of the longest sequence and ``B`` is the batch size. Example: >>> from torch.nn.utils.rnn import pack_padded_sequence, pad_packed_sequence >>> seq = torch.tensor([[1, 2, 0], [3, 0, 0], [4, 5, 6]]) >>> lens = [2, 1, 3] >>> packed = pack_padded_sequence(seq, lens, batch_first=True, enforce_sorted=False) >>> packed PackedSequence(data=tensor([4, 1, 3, 5, 2, 6]), batch_sizes=tensor([3, 2, 1]), sorted_indices=tensor([2, 0, 1]), unsorted_indices=tensor([1, 2, 0])) >>> seq_unpacked, lens_unpacked = pad_packed_sequence(packed, batch_first=True) >>> seq_unpacked tensor([[1, 2, 0], [3, 0, 0], [4, 5, 6]]) >>> lens_unpacked tensor([2, 1, 3]) .. note:: :attr:`total_length` is useful to implement the ``pack sequence -> recurrent network -> unpack sequence`` pattern in a :class:`~torch.nn.Module` wrapped in :class:`~torch.nn.DataParallel`. See :ref:`this FAQ section <pack-rnn-unpack-with-data-parallelism>` for details. Args: sequence (PackedSequence): batch to pad batch_first (bool, optional): if ``True``, the output will be in ``B x T x *`` format, ``T x B x *`` otherwise. padding_value (float, optional): values for padded elements. total_length (int, optional): if not ``None``, the output will be padded to have length :attr:`total_length`. This method will throw :class:`ValueError` if :attr:`total_length` is less than the max sequence length in :attr:`sequence`. Returns: Tuple of Tensor containing the padded sequence, and a Tensor containing the list of lengths of each sequence in the batch. Batch elements will be re-ordered as they were ordered originally when the batch was passed to ``pack_padded_sequence`` or ``pack_sequence``."
tensorflow.python.autograph.pyct.loader.load_ast,,torch.nn.modules.module.named_buffers,"Return an iterator over module buffers, yielding both the name of the buffer as well as the buffer itself. Args: prefix (str): prefix to prepend to all buffer names. recurse (bool, optional): if True, then yields buffers of this module and all submodules. Otherwise, yields only buffers that are direct members of this module. Defaults to True. remove_duplicate (bool, optional): whether to remove the duplicated buffers in the result. Defaults to True. Yields: (str, torch.Tensor): Tuple containing the name and buffer Example:: >>> # xdoctest: +SKIP(""undefined vars"") >>> for name, buf in self.named_buffers(): >>> if name in ['running_var']: >>> print(buf.size())"
tensorflow.python.keras.engine.training.test_on_batch,,torch.testing._internal.common_modules.no_batch_dim_reference_fn,"Reference function for modules supporting no batch dimensions. Unbatched inputs are unsqueezed to form a single batch input before passing them to the module. The output is squeezed to compare with the output of unbatched input to the module. Currently it only supports modules which return a single Tensor as output. You can bind the following kwargs. Kwargs: batch_first[bool] : If True, all the Tensors in `args` while be unsqueezed at dim `0` . and output will be squeezed at dim `0` else dim `1` for both. kwargs_to_batchify[dict] : Dictionary specifying the name of the argument and dimension to unsqueeze. Useful if there are few arguments whose batch dimension are different from the ones selected by `batch_first`. is_criterion[bool] : Specify if the module is a criterion and handle the reduction for output accordingly."
tensorflow.python.ops.array_ops.size,,torch.fx.graph.call_function,"Insert a ``call_function`` ``Node`` into the ``Graph``. A ``call_function`` node represents a call to a Python callable, specified by ``the_function``. Args: the_function (Callable[..., Any]): The function to be called. Can be any PyTorch operator, Python function, or member of the ``builtins`` or ``operator`` namespaces. args (Optional[Tuple[Argument, ...]]): The positional arguments to be passed to the called function. kwargs (Optional[Dict[str, Argument]]): The keyword arguments to be passed to the called function type_expr (Optional[Any]): an optional type annotation representing the Python type the output of this node will have. Returns: The newly created and inserted ``call_function`` node. .. note:: The same insertion point and type expression rules apply for this method as :meth:`Graph.create_node`."
tensorflow.python.types.trace.is_subtype_of,,torch.jit.frontend.get_jit_def,"Build a JIT AST (TreeView) from the given function. Args: fn: A function object to compile or a pre-parsed ParsedDef object def_name: The name to give to the resulting AST object. This is not always the same as `fn.__name__`, for example: def _forward(self): ... forward = _forward In this case, the `__name__` attribute of the function object is ""_forward"", but we want the result AST to have the name ""forward"". self_name: If this function is a method, what the type name of `self` is."
tensorflow.python.keras.saving.save.load_model,,torch.hub.load_state_dict_from_url,"Loads the Torch serialized object at the given URL. If downloaded file is a zip file, it will be automatically decompressed. If the object is already present in `model_dir`, it's deserialized and returned. The default value of ``model_dir`` is ``<hub_dir>/checkpoints`` where ``hub_dir`` is the directory returned by :func:`~torch.hub.get_dir`. Args: url (str): URL of the object to download model_dir (str, optional): directory in which to save the object map_location (optional): a function or a dict specifying how to remap storage locations (see torch.load) progress (bool, optional): whether or not to display a progress bar to stderr. Default: True check_hash(bool, optional): If True, the filename part of the URL should follow the naming convention ``filename-<sha256>.ext`` where ``<sha256>`` is the first eight or more digits of the SHA256 hash of the contents of the file. The hash is used to ensure unique names and to verify the contents of the file. Default: False file_name (str, optional): name for the downloaded file. Filename from ``url`` will be used if not set. weights_only(bool, optional): If True, only weights will be loaded and no complex pickled objects. Recommended for untrusted sources. See :func:`~torch.load` for more details. Example: >>> # xdoctest: +REQUIRES(env:TORCH_DOCTEST_HUB) >>> state_dict = torch.hub.load_state_dict_from_url('https://s3.amazonaws.com/pytorch/models/resnet18-5c106cde.pth')"
tensorflow.python.framework.test_util.enable_graph_building_optimization,,torch._numpy.testing.utils.assert_no_gc_cycles,"Fail if the given callable produces any reference cycles. If called with all arguments omitted, may be used as a context manager: with assert_no_gc_cycles(): do_something() .. versionadded:: 1.15.0 Parameters ---------- func : callable The callable to test. \*args : Arguments Arguments passed to `func`. \*\*kwargs : Kwargs Keyword arguments passed to `func`. Returns ------- Nothing. The result is deliberately discarded to ensure that all cycles are found."
tensorflow.python.eager.context.get_device_details,,torch.ao.quantization.backend_config.backend_config.to_dict,Convert this ``DTypeConfig`` to a dictionary with the items described in :func:`~torch.ao.quantization.backend_config.DTypeConfig.from_dict`.
tensorflow.python.framework.test_util.enable_nested_function_shape_inference,,torch.amp.grad_scaler.load_state_dict,"Load the scaler state. If this instance is disabled, :meth:`load_state_dict` is a no-op. Args: state_dict(dict): scaler state. Should be an object returned from a call to :meth:`state_dict`."
tensorflow.python.training.supervisor.loop,,torch.distributed.elastic.rendezvous.etcd_server.start,"Start the server, and waits for it to be ready. When this function returns the sever is ready to take requests. Args: timeout: time (in seconds) to wait for the server to be ready before giving up. num_retries: number of retries to start the server. Each retry will wait for max ``timeout`` before considering it as failed. stderr: the standard error file handle. Valid values are `subprocess.PIPE`, `subprocess.DEVNULL`, an existing file descriptor (a positive integer), an existing file object, and `None`. Raises: TimeoutError: if the server is not ready within the specified timeout"
tensorflow.python.types.trace.placeholder_value,,torch.fx.graph.create_node,"Create a ``Node`` and add it to the ``Graph`` at the current insert-point. Note that the current insert-point can be set via :meth:`Graph.inserting_before` and :meth:`Graph.inserting_after`. Args: op (str): the opcode for this Node. One of 'call_function', 'call_method', 'get_attr', 'call_module', 'placeholder', or 'output'. The semantics of these opcodes are described in the ``Graph`` docstring. args (Optional[Tuple[Argument, ...]]): is a tuple of arguments to this node. kwargs (Optional[Dict[str, Argument]]): the kwargs of this Node name (Optional[str]): an optional string name for the ``Node``. This will influence the name of the value assigned to in the Python generated code. type_expr (Optional[Any]): an optional type annotation representing the Python type the output of this node will have. Returns: The newly-created and inserted node."
tensorflow.python.data.ops.dataset_ops.map_with_legacy_function,,torch.amp.autocast_mode.custom_fwd,"Create a helper decorator for ``forward`` methods of custom autograd functions. Autograd functions are subclasses of :class:`torch.autograd.Function`. See the :ref:`example page<amp-custom-examples>` for more detail. Args: device_type(str): Device type to use. 'cuda', 'cpu', 'xpu' and so on. The type is the same as the `type` attribute of a :class:`torch.device`. Thus, you may obtain the device type of a tensor using `Tensor.device.type`. cast_inputs (:class:`torch.dtype` or None, optional, default=None): If not ``None``, when ``forward`` runs in an autocast-enabled region, casts incoming floating-point Tensors to the target dtype (non-floating-point Tensors are not affected), then executes ``forward`` with autocast disabled. If ``None``, ``forward``'s internal ops execute with the current autocast state. .. note:: If the decorated ``forward`` is called outside an autocast-enabled region, :func:`custom_fwd<custom_fwd>` is a no-op and ``cast_inputs`` has no effect."
tensorflow.python.keras.legacy_tf_layers.base.keras_style_scope,,torch._functorch.functional_call.stack_module_state,"stack_module_state(models) -> params, buffers Prepares a list of torch.nn.Modules for ensembling with :func:`vmap`. Given a list of ``M`` ``nn.Modules`` of the same class, returns two dictionaries that stack all of their parameters and buffers together, indexed by name. The stacked parameters are optimizable (i.e. they are new leaf nodes in the autograd history that are unrelated to the original parameters and can be passed directly to an optimizer). Here's an example of how to ensemble over a very simple model: .. code-block:: python num_models = 5 batch_size = 64 in_features, out_features = 3, 3 models = [torch.nn.Linear(in_features, out_features) for i in range(num_models)] data = torch.randn(batch_size, 3) def wrapper(params, buffers, data): return torch.func.functional_call(model[0], (params, buffers), data) params, buffers = stack_module_state(models) output = vmap(wrapper, (0, 0, None))(params, buffers, data) assert output.shape == (num_models, batch_size, out_features) When there's submodules, this follows state dict naming conventions .. code-block:: python import torch.nn as nn class Foo(nn.Module): def __init__(self, in_features, out_features): super().__init__() hidden = 4 self.l1 = nn.Linear(in_features, hidden) self.l2 = nn.Linear(hidden, out_features) def forward(self, x): return self.l2(self.l1(x)) num_models = 5 in_features, out_features = 3, 3 models = [Foo(in_features, out_features) for i in range(num_models)] params, buffers = stack_module_state(models) print(list(params.keys())) # ""l1.weight"", ""l1.bias"", ""l2.weight"", ""l2.bias"" .. warning:: All of the modules being stacked together must be the same (except for the values of their parameters/buffers). For example, they should be in the same mode (training vs eval)."
tensorflow.python.tpu.tpu.batch_parallel,,torch.distributed._tensor.api.from_local,"Create a :class:`DTensor` from a local torch.Tensor on each rank according to the `device_mesh` and `placements` specified. Args: local_tensor (torch.Tensor): local torch.Tensor on each rank. device_mesh (:class:`DeviceMesh`, optional): DeviceMesh to place the tensor, if not specified, must be called under a DeviceMesh context manager, default: None placements (List[:class:`Placement`], optional): the placements that describes how to place the local torch.Tensor on DeviceMesh, must have the same number of elements as `device_mesh.ndim`. If not specified, we will by default replicate the tensor across the `device_mesh` from the first rank of each dimension of the `device_mesh`. Keyword args: run_check (bool, optional): indicate whether to run check across ranks to check meta information and data. if have :class:`Replicate` in `placements`, the data on first rank of the device mesh dimension will be broadcasted to other ranks. shape (torch.Size, optional): A List of int which specifies the size of DTensor which build on top of `local_tensor`. Note this needs to be provided if the shape of `local_tensor` are different across the ranks. If not provided, `shape` will be computed assuming the given distributed tensor is evenly sharded across ranks. stride (tuple, optional): A List of int which specifies the stride of DTensor. If not provided, `stride` will be computed assuming the given distributed tensor is evenly sharded across ranks. Returns: A :class:`DTensor` object .. note:: `from_local` is differentiable, the `requires_grad` of the created `DTensor` object will depend on if `local_tensor` requires_grad or not."
tensorflow.python.keras.utils.generic_utils.get,,torch.distributed.rpc.backend_registry.backend_registered,"Checks if backend_name is registered as an RPC backend. Args: backend_name (str): string to identify the RPC backend. Returns: True if the backend has been registered with ``register_backend``, else False."
tensorflow.python.framework.importer.import_graph_def,,torch.autograd.function.save_for_backward,"Save given tensors for a future call to :func:`~Function.backward`. ``save_for_backward`` should be called at most once, in either the :func:`setup_context` or :func:`forward` methods, and only with tensors. All tensors intended to be used in the backward pass should be saved with ``save_for_backward`` (as opposed to directly on ``ctx``) to prevent incorrect gradients and memory leaks, and enable the application of saved tensor hooks. See :class:`torch.autograd.graph.saved_tensors_hooks`. Note that if intermediary tensors, tensors that are neither inputs nor outputs of :func:`forward`, are saved for backward, your custom Function may not support double backward. Custom Functions that do not support double backward should decorate their :func:`backward` method with ``@once_differentiable`` so that performing double backward raises an error. If you'd like to support double backward, you can either recompute intermediaries based on the inputs during backward or return the intermediaries as the outputs of the custom Function. See the `double backward tutorial <https://pytorch.org/tutorials/intermediate/custom_function_double_backward_tutorial.html>`_ for more details. In :func:`backward`, saved tensors can be accessed through the :attr:`saved_tensors` attribute. Before returning them to the user, a check is made to ensure they weren't used in any in-place operation that modified their content. Arguments can also be ``None``. This is a no-op. See :ref:`extending-autograd` for more details on how to use this method. Example:: >>> # xdoctest: +REQUIRES(env:TORCH_DOCTEST_AUTOGRAD) >>> class Func(Function): >>> @staticmethod >>> def forward(ctx, x: torch.Tensor, y: torch.Tensor, z: int): >>> w = x * z >>> out = x * y + y * z + w * y >>> ctx.save_for_backward(x, y, w, out) >>> ctx.z = z # z is not a tensor >>> return out >>> >>> @staticmethod >>> @once_differentiable >>> def backward(ctx, grad_out): >>> x, y, w, out = ctx.saved_tensors >>> z = ctx.z >>> gx = grad_out * (y + y"
tensorflow.python.ops.ctc_ops.ctc_greedy_decoder,,torch.utils.data._utils.collate.default_collate,"Take in a batch of data and put the elements within the batch into a tensor with an additional outer dimension - batch size. The exact output type can be a :class:`torch.Tensor`, a `Sequence` of :class:`torch.Tensor`, a Collection of :class:`torch.Tensor`, or left unchanged, depending on the input type. This is used as the default function for collation when `batch_size` or `batch_sampler` is defined in :class:`~torch.utils.data.DataLoader`. Here is the general input type (based on the type of the element within the batch) to output type mapping: * :class:`torch.Tensor` -> :class:`torch.Tensor` (with an added outer dimension batch size) * NumPy Arrays -> :class:`torch.Tensor` * `float` -> :class:`torch.Tensor` * `int` -> :class:`torch.Tensor` * `str` -> `str` (unchanged) * `bytes` -> `bytes` (unchanged) * `Mapping[K, V_i]` -> `Mapping[K, default_collate([V_1, V_2, ...])]` * `NamedTuple[V1_i, V2_i, ...]` -> `NamedTuple[default_collate([V1_1, V1_2, ...]), default_collate([V2_1, V2_2, ...]), ...]` * `Sequence[V1_i, V2_i, ...]` -> `Sequence[default_collate([V1_1, V1_2, ...]), default_collate([V2_1, V2_2, ...]), ...]` Args: batch: a single batch to be collated Examples: >>> # xdoctest: +SKIP >>> # Example with a batch of `int`s: >>> default_collate([0, 1, 2, 3]) tensor([0, 1, 2, 3]) >>> # Example with a batch of `str`s: >>> default_collate(['a', 'b', 'c']) ['a', 'b', 'c'] >>> # Example with `Map` inside the batch: >>> default_collate([{'A': 0, 'B': 1}, {'A': 100, 'B': 100}]) {'A': tensor([ 0, 100]), 'B': tensor([ 1, 100])} >>> # Example with `NamedTuple` inside the batch: >>> Point = namedtuple('Point', ['x', 'y']) >>> default_collate([Point(0, 0), Point(1, 1)]) Point(x=tensor([0, 1]), y=tensor([0, 1])) >>> # Example with `Tuple` inside the batch: >>> default_collate([(0, 1), (2, 3)]) [tensor([0, 2]), tensor([1, 3])] >>> # Example with `List` inside the batch: >>> default_collate([[0, 1], [2, 3]]) [tensor([0, 2]), tensor([1, 3])] >>> # Two options to extend `default_coll"
tensorflow.python.keras.engine.base_layer_utils.needs_keras_history,,torch.distributed.checkpoint.storage.write_data,"Write all items from ``plan`` using ``planner`` to resolve the data. A subclass should call ``SavePlanner::resolve_data`` on each item from the plan to get access to the underlying object to write. Subclasses should lazily call `resolve_data` as it can allocate memory. In case of tensors, make following assumptions: - They might be on any device, including not matching the one on ``WriteItem::tensor_data`` - They might be views or not contiguous. Only the projection needs to be saved. Args: plan (SavePlan): The save plan to execute. planner (SavePlanner): Planner object to be used to resolve items to data. Returns: A future that completes to a list of WriteResult"
tensorflow.python.framework.ops.finalize,,torch.utils.data.datapipes.datapipe.reset,"Reset the `IterDataPipe` to the initial state. By default, no-op. For subclasses of `IterDataPipe`, depending on their functionalities, they may want to override this method with implementations that may clear the buffers and reset pointers of the DataPipe. The `reset` method is always called when `__iter__` is called as part of `hook_iterator`."
tensorflow.python.keras.backend.map_fn,,torch.onnx.symbolic_opset9.sigmoid,Converts the corresponding PyTorch function into ONNX operators. It is not meant to be called directly by a user. Args: g (jit_utils.GraphContext): Graph context. self (Tensor): the input tensor. Returns: ONNX operator
tensorflow.python.ops.nn_ops.log_softmax_v2,,torch.nn.functional.dropout2d,"Randomly zero out entire channels (a channel is a 2D feature map). For example, the :math:`j`-th channel of the :math:`i`-th sample in the batched input is a 2D tensor :math:`\text{input}[i, j]` of the input tensor. Each channel will be zeroed out independently on every forward call with probability :attr:`p` using samples from a Bernoulli distribution. See :class:`~torch.nn.Dropout2d` for details. Args: p: probability of a channel to be zeroed. Default: 0.5 training: apply dropout if is ``True``. Default: ``True`` inplace: If set to ``True``, will do this operation in-place. Default: ``False``"
tensorflow.python.data.experimental.ops.testing.assert_prev,,torch.utils.tensorboard.writer.add_hparams,"Add a set of hyperparameters to be compared in TensorBoard. Args: hparam_dict (dict): Each key-value pair in the dictionary is the name of the hyper parameter and it's corresponding value. The type of the value can be one of `bool`, `string`, `float`, `int`, or `None`. metric_dict (dict): Each key-value pair in the dictionary is the name of the metric and it's corresponding value. Note that the key used here should be unique in the tensorboard record. Otherwise the value you added by ``add_scalar`` will be displayed in hparam plugin. In most cases, this is unwanted. hparam_domain_discrete: (Optional[Dict[str, List[Any]]]) A dictionary that contains names of the hyperparameters and all discrete values they can hold run_name (str): Name of the run, to be included as part of the logdir. If unspecified, will use current timestamp. global_step (int): Global step value to record Examples:: from torch.utils.tensorboard import SummaryWriter with SummaryWriter() as w: for i in range(5): w.add_hparams({'lr': 0.1*i, 'bsize': i}, {'hparam/accuracy': 10*i, 'hparam/loss': 10*i}) Expected result: .. image:: _static/img/tensorboard/add_hparam.png :scale: 50 %"
tensorflow.python.ops.structured.structured_tensor.merge_dims,,torch.nn.utils._expanded_weights.conv_utils.unfold3d,"Extract sliding local blocks from an batched input tensor. :class:`torch.nn.Unfold` only supports 4D inputs (batched image-like tensors). This method implements the same action for 5D inputs Args: tensor: An input tensor of shape ``(B, C, D, H, W)``. kernel_size: the size of the sliding blocks padding: implicit zero padding to be added on both sides of input stride: the stride of the sliding blocks in the input spatial dimensions dilation: the spacing between the kernel points. Returns: A tensor of shape ``(B, C * np.prod(kernel_size), L)``, where L - output spatial dimensions. See :class:`torch.nn.Unfold` for more details Example: >>> # xdoctest: +SKIP >>> B, C, D, H, W = 3, 4, 5, 6, 7 >>> tensor = torch.arange(1, B * C * D * H * W + 1.).view(B, C, D, H, W) >>> unfold3d(tensor, kernel_size=2, padding=0, stride=1).shape torch.Size([3, 32, 120])"
tensorflow.python.ops.sparse_ops.sparse_tensor_to_dense,,torch.nn.utils.rnn.pack_sequence,"Packs a list of variable length Tensors. Consecutive call of the next functions: ``pad_sequence``, ``pack_padded_sequence``. ``sequences`` should be a list of Tensors of size ``L x *``, where `L` is the length of a sequence and `*` is any number of trailing dimensions, including zero. For unsorted sequences, use `enforce_sorted = False`. If ``enforce_sorted`` is ``True``, the sequences should be sorted in the order of decreasing length. ``enforce_sorted = True`` is only necessary for ONNX export. Example: >>> from torch.nn.utils.rnn import pack_sequence >>> a = torch.tensor([1, 2, 3]) >>> b = torch.tensor([4, 5]) >>> c = torch.tensor([6]) >>> pack_sequence([a, b, c]) PackedSequence(data=tensor([1, 4, 6, 2, 5, 3]), batch_sizes=tensor([3, 2, 1]), sorted_indices=None, unsorted_indices=None) Args: sequences (list[Tensor]): A list of sequences of decreasing length. enforce_sorted (bool, optional): if ``True``, checks that the input contains sequences sorted by length in a decreasing order. If ``False``, this condition is not checked. Default: ``True``. Returns: a :class:`PackedSequence` object"
tensorflow.python.ops.metrics_impl.recall_at_top_k,,torch.nn.functional.nll_loss,"Compute the negative log likelihood loss. See :class:`~torch.nn.NLLLoss` for details. Args: input: :math:`(N, C)` where `C = number of classes` or :math:`(N, C, H, W)` in case of 2D Loss, or :math:`(N, C, d_1, d_2, ..., d_K)` where :math:`K \geq 1` in the case of K-dimensional loss. `input` is expected to be log-probabilities. target: :math:`(N)` where each value is :math:`0 \leq \text{targets}[i] \leq C-1`, or :math:`(N, d_1, d_2, ..., d_K)` where :math:`K \geq 1` for K-dimensional loss. weight (Tensor, optional): a manual rescaling weight given to each class. If given, has to be a Tensor of size `C` size_average (bool, optional): Deprecated (see :attr:`reduction`). By default, the losses are averaged over each loss element in the batch. Note that for some losses, there multiple elements per sample. If the field :attr:`size_average` is set to ``False``, the losses are instead summed for each minibatch. Ignored when reduce is ``False``. Default: ``True`` ignore_index (int, optional): Specifies a target value that is ignored and does not contribute to the input gradient. When :attr:`size_average` is ``True``, the loss is averaged over non-ignored targets. Default: -100 reduce (bool, optional): Deprecated (see :attr:`reduction`). By default, the losses are averaged or summed over observations for each minibatch depending on :attr:`size_average`. When :attr:`reduce` is ``False``, returns a loss per batch element instead and ignores :attr:`size_average`. Default: ``True`` reduction (str, optional): Specifies the reduction to apply to the output: ``'none'`` | ``'mean'`` | ``'sum'``. ``'none'``: no reduction will be applied, ``'mean'``: the sum of the output will be divided by the number of elements in the output, ``'sum'``: the output will be summed. Note: :attr:`size_average` and :attr:`reduce` are in the process of being deprecated, and in the meantime, specifying either of those two args will override :attr:`reduction`. Default: ``'mean'`` Example:: >>> # input is of"
tensorflow.python.ops.nn_ops.avg_pool1d,,torch.autograd.forward_ad.make_dual,"Associate a tensor value with its tangent to create a ""dual tensor"" for forward AD gradient computation. The result is a new tensor aliased to :attr:`tensor` with :attr:`tangent` embedded as an attribute as-is if it has the same storage layout or copied otherwise. The tangent attribute can be recovered with :func:`unpack_dual`. This function is backward differentiable. Given a function `f` whose jacobian is `J`, it allows one to compute the Jacobian-vector product (`jvp`) between `J` and a given vector `v` as follows. Example:: >>> # xdoctest: +SKIP(""Undefined variables"") >>> with dual_level(): ... inp = make_dual(x, v) ... out = f(inp) ... y, jvp = unpack_dual(out) Please see the `forward-mode AD tutorial <https://pytorch.org/tutorials/intermediate/forward_ad_usage.html>`__ for detailed steps on how to use this API."
tensorflow.python.saved_model.registration.registration.register_serializable,,torch.package.package_exporter.extern,"Include ``module`` in the list of external modules the package can import. This will prevent dependency discovery from saving it in the package. The importer will load an external module directly from the standard import system. Code for extern modules must also exist in the process loading the package. Args: include (Union[List[str], str]): A string e.g. ``""my_package.my_subpackage""``, or list of strings for the names of the modules to be externed. This can also be a glob-style pattern, as described in :meth:`mock`. exclude (Union[List[str], str]): An optional pattern that excludes some patterns that match the include string. allow_empty (bool): An optional flag that specifies whether the extern modules specified by this call to the ``extern`` method must be matched to some module during packaging. If an extern module glob pattern is added with ``allow_empty=False``, and :meth:`close` is called (either explicitly or via ``__exit__``) before any modules match that pattern, an exception is thrown. If ``allow_empty=True``, no such exception is thrown."
tensorflow.python.ops.critical_section_ops.execute,,torch.package.package_exporter.intern,"Specify modules that should be packaged. A module must match some ``intern`` pattern in order to be included in the package and have its dependencies processed recursively. Args: include (Union[List[str], str]): A string e.g. ""my_package.my_subpackage"", or list of strings for the names of the modules to be externed. This can also be a glob-style pattern, as described in :meth:`mock`. exclude (Union[List[str], str]): An optional pattern that excludes some patterns that match the include string. allow_empty (bool): An optional flag that specifies whether the intern modules specified by this call to the ``intern`` method must be matched to some module during packaging. If an ``intern`` module glob pattern is added with ``allow_empty=False``, and :meth:`close` is called (either explicitly or via ``__exit__``) before any modules match that pattern, an exception is thrown. If ``allow_empty=True``, no such exception is thrown."
tensorflow.python.ops.math_ops.sparse_segment_sqrt_n,,torch.nn.utils.prune.prune,"Compute and returns a pruned version of input tensor ``t``. According to the pruning rule specified in :meth:`compute_mask`. Args: t (torch.Tensor): tensor to prune (of same dimensions as ``default_mask``). importance_scores (torch.Tensor): tensor of importance scores (of same shape as ``t``) used to compute mask for pruning ``t``. The values in this tensor indicate the importance of the corresponding elements in the ``t`` that is being pruned. If unspecified or None, the tensor ``t`` will be used in its place. default_mask (torch.Tensor, optional): mask from previous pruning iteration, if any. To be considered when determining what portion of the tensor that pruning should act on. If None, default to a mask of ones. Returns: pruned version of tensor ``t``."
tensorflow.python.checkpoint.restore.value_tensors,,torch.ao.quantization.fx.custom_config.from_dict,"Create a ``ConvertCustomConfig`` from a dictionary with the following items: ""preserved_attributes"": a list of attributes that persist even if they are not used in ``forward`` This function is primarily for backward compatibility and may be removed in the future."
tensorflow.python.distribute.cross_device_utils.all_reduce,,torch.distributed.nn.functional.all_reduce,"Reduces the tensor data across all machines in such a way that all get the final result. After the call the returned tensor is going to be bitwise identical in all processes. Arguments: tensor (Tensor): Input of the collective. op (optional): One of the values from ``torch.distributed.ReduceOp`` enum. Specifies an operation used for element-wise reductions. group (ProcessGroup, optional): The process group to work on. Returns: Tensor: Output of the collective"
tensorflow.python.distribute.cluster_resolver.tpu.tpu_cluster_resolver.shutdown_tpu_system,,torch.distributed.elastic.multiprocessing.api.close,"Terminates all processes managed by this context and cleans up any meta resources (e.g. redirect, error_file files). Args: death_sig: Death signal to terminate processes. timeout: Time to wait for processes to finish, if process is still alive after this time, it will be terminated via SIGKILL."
tensorflow.python.keras.utils.generic_utils.is_default,,torch.nn.modules.lazy.has_uninitialized_params,Check if a module has parameters that are not initialized.
tensorflow.python.ops.variables.variables_initializer,,torch.distributed._composable.fsdp.fully_shard.unshard,"Unshards the module's parameters by allocating memory and all-gathering the parameters. This method is *not* recursive. Args: async_op (bool): If ``True``, then returns a :class:`UnshardHandle` that has a :meth:`wait` method to wait on the unshard op. If ``False``, then returns ``None`` and waits on the handle inside this function. .. warning:: This method is experimental and subject to change. .. note:: If ``async_op=True``, then the user does not have to call :meth:`wait` on the returned handle if waiting on the unshard op in the module's pre-forward is tolerable. FSDP will wait on the pending unshard op in the pre-forward automatically."
tensorflow.python.tpu.tpu_optimizer.compute_gradients,,torch.distributed.fsdp.fully_sharded_data_parallel.clip_grad_norm_,"Clip the gradient norm of all parameters. The norm is computed over all parameters' gradients as viewed as a single vector, and the gradients are modified in-place. Args: max_norm (float or int): max norm of the gradients norm_type (float or int): type of the used p-norm. Can be ``'inf'`` for infinity norm. Returns: Total norm of the parameters (viewed as a single vector). If every FSDP instance uses ``NO_SHARD``, meaning that no gradients are sharded across ranks, then you may directly use :func:`torch.nn.utils.clip_grad_norm_`. If at least some FSDP instance uses a sharded strategy (i.e. one other than ``NO_SHARD``), then you should use this method instead of :func:`torch.nn.utils.clip_grad_norm_` since this method handles the fact that gradients are sharded across ranks. The total norm returned will have the ""largest"" dtype across all parameters/gradients as defined by PyTorch's type promotion semantics. For example, if *all* parameters/gradients use a low precision dtype, then the returned norm's dtype will be that low precision dtype, but if there exists at least one parameter/ gradient using FP32, then the returned norm's dtype will be FP32. .. warning:: This needs to be called on all ranks since it uses collective communications."
tensorflow.python.ops.variables.moving_average_variables,,torch.utils.data.graph.traverse,"Traverse the DataPipes and their attributes to extract the DataPipe graph. [Deprecated] When ``only_dataPipe`` is specified as ``True``, it would only look into the attribute from each DataPipe that is either a DataPipe and a Python collection object such as ``list``, ``tuple``, ``set`` and ``dict``. Note: This function is deprecated. Please use `traverse_dps` instead. Args: datapipe: the end DataPipe of the graph only_datapipe: If ``False`` (default), all attributes of each DataPipe are traversed. This argument is deprecating and will be removed after the next release. Returns: A graph represented as a nested dictionary, where keys are ids of DataPipe instances and values are tuples of DataPipe instance and the sub-graph"
tensorflow.python.feature_column.serialization.serialize_feature_columns,,torch.ao.quantization.fx._model_report.model_report_visualizer.get_all_unique_feature_names,"The purpose of this method is to provide a user the set of all feature names so that if they wish to use the filtering capabilities of the generate_table_view(), or use either of the generate_plot_view() or generate_histogram_view(), they don't need to manually parse the generated_reports dictionary to get this information. Args: plottable_features_only (bool): True if the user is only looking for plottable features, False otherwise plottable features are those that are tensor values Default: True (only return those feature names that are plottable) Returns all the unique module fqns present in the reports the ModelReportVisualizer instance was initialized with."
tensorflow.python.data.benchmarks.benchmark_base.run_and_report_benchmark,,torch.utils.throughput_benchmark.benchmark,"Run a benchmark on the module. Args: num_warmup_iters (int): Warmup iters are used to make sure we run a module a few times before actually measuring things. This way we avoid cold caches and any other similar problems. This is the number of warmup iterations for each of the thread in separate num_iters (int): Number of iterations the benchmark should run with. This number is separate from the warmup iterations. Also the number is shared across all the threads. Once the num_iters iterations across all the threads is reached, we will stop execution. Though total number of iterations might be slightly larger. Which is reported as stats.num_iters where stats is the result of this function profiler_output_path (str): Location to save Autograd Profiler trace. If not empty, Autograd Profiler will be enabled for the main benchmark execution (but not the warmup phase). The full trace will be saved into the file path provided by this argument This function returns BenchmarkExecutionStats object which is defined via pybind11. It currently has two fields: - num_iters - number of actual iterations the benchmark have made - avg_latency_ms - average time it took to infer on one input example in milliseconds"
tensorflow.python.keras.backend.repeat,,torch.functional.cartesian_prod,"Do cartesian product of the given sequence of tensors. The behavior is similar to python's `itertools.product`. Args: *tensors: any number of 1 dimensional tensors. Returns: Tensor: A tensor equivalent to converting all the input tensors into lists, do `itertools.product` on these lists, and finally convert the resulting list into tensor. Example:: >>> import itertools >>> a = [1, 2, 3] >>> b = [4, 5] >>> list(itertools.product(a, b)) [(1, 4), (1, 5), (2, 4), (2, 5), (3, 4), (3, 5)] >>> tensor_a = torch.tensor(a) >>> tensor_b = torch.tensor(b) >>> torch.cartesian_prod(tensor_a, tensor_b) tensor([[1, 4], [1, 5], [2, 4], [2, 5], [3, 4], [3, 5]])"
tensorflow.python.ops.sparse_ops.sparse_softmax,,torch.functional.tensordot,"Returns a contraction of a and b over multiple dimensions. :attr:`tensordot` implements a generalized matrix product. Args: a (Tensor): Left tensor to contract b (Tensor): Right tensor to contract dims (int or Tuple[List[int], List[int]] or List[List[int]] containing two lists or Tensor): number of dimensions to contract or explicit lists of dimensions for :attr:`a` and :attr:`b` respectively When called with a non-negative integer argument :attr:`dims` = :math:`d`, and the number of dimensions of :attr:`a` and :attr:`b` is :math:`m` and :math:`n`, respectively, :func:`~torch.tensordot` computes .. math:: r_{i_0,...,i_{m-d}, i_d,...,i_n} = \sum_{k_0,...,k_{d-1}} a_{i_0,...,i_{m-d},k_0,...,k_{d-1}} \times b_{k_0,...,k_{d-1}, i_d,...,i_n}. When called with :attr:`dims` of the list form, the given dimensions will be contracted in place of the last :math:`d` of :attr:`a` and the first :math:`d` of :math:`b`. The sizes in these dimensions must match, but :func:`~torch.tensordot` will deal with broadcasted dimensions. Examples:: >>> a = torch.arange(60.).reshape(3, 4, 5) >>> b = torch.arange(24.).reshape(4, 3, 2) >>> torch.tensordot(a, b, dims=([1, 0], [0, 1])) tensor([[4400., 4730.], [4532., 4874.], [4664., 5018.], [4796., 5162.], [4928., 5306.]]) >>> # xdoctest: +REQUIRES(env:TORCH_DOCTEST_CUDA) >>> a = torch.randn(3, 4, 5, device='cuda') >>> b = torch.randn(4, 5, 6, device='cuda') >>> c = torch.tensordot(a, b, dims=2).cpu() tensor([[ 8.3504, -2.5436, 6.2922, 2.7556, -1.0732, 3.2741], [ 3.3161, 0.0704, 5.0187, -0.4079, -4.3126, 4.8744], [ 0.8223, 3.9445, 3.2168, -0.2400, 3.4117, 1.7780]]) >>> a = torch.randn(3, 5, 4, 6) >>> b = torch.randn(6, 4, 5, 3) >>> torch.tensordot(a, b, dims=([2, 1, 3], [1, 2, 0])) tensor([[ 7.7193, -2.4867, -10.3204], [ 1.5513, -14.4737, -6.5113], [ -0.2850, 4.2573, -3.5997]])"
tensorflow.python.data.ops.dataset_ops.get_single_element,,torch.utils.bundled_inputs.augment_many_model_functions_with_bundled_inputs,"Add bundled sample inputs to a model for an arbitrary list of public functions. Models with bundled inputs can be invoked in a uniform manner by benchmarking and code coverage tools. Augmented models will support the following methods: `get_all_bundled_inputs_for_<function_name>() -> List[Tuple[Any, ...]]` Returns a list of tuples suitable for passing to the model like `for inp in model.get_all_bundled_inputs_for_foo(): model.foo(*inp)` `get_bundled_inputs_functions_and_info() -> Dict[str, Dict[str: List[str]]]` Returns a dictionary mapping function names to a metadata dictionary. This nested dictionary maps preset strings like: 'get_inputs_function_name' -> the name of a function attribute in this model that can be run to get back a list of inputs corresponding to that function. 'info' -> the user provided extra information about the bundled inputs If forward has bundled inputs then these following functions are also defined: `get_all_bundled_inputs() -> List[Tuple[Any, ...]]` Returns a list of tuples suitable for passing to the model like `for inp in model.get_all_bundled_inputs(): model(*inp)` `get_num_bundled_inputs() -> int` Equivalent to `len(model.get_all_bundled_inputs())`, but slightly easier to call from C++. Inputs can be specified in one of two ways: - The model can define `_generate_bundled_inputs_for_<function_name>`. If the user chooses this method inputs[<function>] should map to None - The `inputs` argument to this function can be a dictionary mapping functions to a list of inputs, of the same form that will be returned by get_all_bundled_inputs_for_<function_name>. The type of the inputs is List[Tuple[Any, ...]]. The outer list corresponds with a list of inputs, the inner tuple is the list of args that together make up one input. For inputs of functions that take one arg, this will be a tuple of length one. The Any, ... is the actual data that makes up the args, e.g. a tensor. Info is an optional parameter that maps functions to a list of strings p"
tensorflow.python.checkpoint.checkpoint.object_metadata,,torch.nn.modules.utils.consume_prefix_in_state_dict_if_present,"Strip the prefix in state_dict in place, if any. ..note:: Given a `state_dict` from a DP/DDP model, a local model can load it by applying `consume_prefix_in_state_dict_if_present(state_dict, ""module."")` before calling :meth:`torch.nn.Module.load_state_dict`. Args: state_dict (OrderedDict): a state-dict to be loaded to the model. prefix (str): prefix."
tensorflow.python.training.session_run_hook.original_args,,torch.distributed.checkpoint.stateful.state_dict,"Objects should return their state_dict representation as a dictionary. The output of this function will be checkpointed, and later restored in `load_state_dict()`. .. warning:: Because of the inplace nature of restoring a checkpoint, this function is also called during `torch.distributed.checkpoint.load`. Returns: Dict: The objects state dict"
tensorflow.python.tpu.tpu_system_metadata.master_job,,torch.distributed.distributed_c10d.irecv,"Receives a tensor asynchronously. .. warning:: ``tag`` is not supported with the NCCL backend. Args: tensor (Tensor): Tensor to fill with received data. src (int, optional): Source rank on global process group (regardless of ``group`` argument). Will receive from any process if unspecified. group (ProcessGroup, optional): The process group to work on. If None, the default process group will be used. tag (int, optional): Tag to match recv with remote send Returns: A distributed request object. None, if not part of the group"
tensorflow.python.debug.wrappers.dumping_wrapper.prepare_run_debug_urls,,torch.optim.optimizer.register_state_dict_pre_hook,"Register a state dict pre-hook which will be called before :meth:`~torch.optim.Optimizer.state_dict` is called. It should have the following signature:: hook(optimizer) -> None The ``optimizer`` argument is the optimizer instance being used. The hook will be called with argument ``self`` before calling ``state_dict`` on ``self``. The registered hook can be used to perform pre-processing before the ``state_dict`` call is made. Args: hook (Callable): The user defined hook to be registered. prepend (bool): If True, the provided pre ``hook`` will be fired before all the already registered pre-hooks on ``state_dict``. Otherwise, the provided ``hook`` will be fired after all the already registered pre-hooks. (default: False) Returns: :class:`torch.utils.hooks.RemoveableHandle`: a handle that can be used to remove the added hook by calling ``handle.remove()``"
tensorflow.python.training.session_manager.wait_for_session,,torch.distributed.elastic.multiprocessing.api.wait,"Wait for the specified ``timeout`` seconds, polling every ``period`` seconds for the processes to be done. Returns ``None`` if the processes are still running on timeout expiry. Negative timeout values are interpreted as ""wait-forever"". A timeout value of zero simply queries the status of the processes (e.g. equivalent to a poll). ..note: Multiprocessing library registers SIGTERM and SIGINT signal handlers that raise ``SignalException`` when the signals received. It is up to the consumer of the code to properly handle the exception. It is important not to swallow the exception otherwise the process would not terminate. Example of the typical workflow can be: .. code-block:: python pc = start_processes(...) try: pc.wait(1) .. do some other work except SignalException as e: pc.shutdown(e.sigval, timeout=30) If SIGTERM or SIGINT occurs, the code above will try to shutdown child processes by propagating received signal. If child processes will not terminate in the timeout time, the process will send the SIGKILL."
tensorflow.python.tpu.tpu.initialize_system,,torch._lazy.closure.add_step_closure,"Adds a closure to the list of the ones to be run at the end of the step. Many times during model training there is the need to print/report (print to console, post to tensorboard, etc...) information which require the content of intermediary tensors to be inspected. Inspecting different tensors content in different points of the model code requires many executions and typically causes performance issues. Adding a step closure will ensure that it will be run after the barrier, when all the live tensors will be already materialized to device data. Live tensors which will include the ones captured by the closure arguments. So using `add_step_closure()` will ensure a single execution will be performed, even when multiple closures are queued, requiring multiple tensors to be inspected. Step closures will be run sequentially in the order they have been queued. Note that even though using this API the execution will be optimized, it is advised to throttle the printing/reporting events once every N steps. Args: closure (callable): The function to be called. args (tuple): The arguments to be passed to the closure. run_async: If True, run the closure asynchronously."
tensorflow.python.tpu.tpu_embedding_v3.embedding_tables,,torch.ao.quantization.backend_config.backend_config.configs,Return a copy of the list of configs set in this `BackendConfig`.
tensorflow.python.keras.utils.tf_utils.register_symbolic_tensor_type,,torch.distributed.algorithms.ddp_comm_hooks.default_hooks.fp16_compress_wrapper,"Cast input tensor to ``torch.float16``, cast result of hook back to input dtype. This wrapper casts the input gradient tensor of a given DDP communication hook to half-precision floating point format (``torch.float16``), and casts the resulting tensor of the given hook back to the input data type, such as ``float32``. Therefore, ``fp16_compress_hook`` is equivalent to ``fp16_compress_wrapper(allreduce_hook)``. Example:: >>> # xdoctest: +SKIP >>> state = PowerSGDState(process_group=process_group, matrix_approximation_rank=1, start_powerSGD_iter=10) >>> ddp_model.register_comm_hook(state, fp16_compress_wrapper(powerSGD_hook))"
tensorflow.python.keras.saving.model_config.model_from_json,,torch.ao.pruning._experimental.data_sparsifier.benchmarks.evaluate_disk_savings.save_model_states,"Dumps the state_dict() of the model. Args: state_dict (Dict) The state_dict() as dumped by dlrm_s_pytorch.py. Only the model state will be extracted from this dictionary. This corresponds to the 'state_dict' key in the state_dict dictionary. >>> model_state = state_dict['state_dict'] save_file_name (str) The filename (not path) when saving the model state dictionary sparse_block_shape (Tuple) The block shape corresponding to the data norm sparsifier. **Used for creating save directory** norm (str) type of norm (L1, L2) for the datanorm sparsifier. **Used for creating save directory** zip (bool) if True, the file is zip-compressed."
tensorflow.python.eager.context.get_c_function,,torch.testing._internal.distributed.rpc.dist_optimizer_test.rpc_async_method,"Call rpc.rpc_async on a method in a remote object. Args: method: the method (for example, Class.method) obj_rref (RRef): remote reference to the object args: positional arguments to pass to the method kwargs: keyword arguments to pass to the method Returns a Future to the method call result."
tensorflow.python.checkpoint.checkpoint_management.save,,torch.distributed.algorithms._checkpoint.checkpoint_wrapper.checkpoint_wrapper,"Wrap a module for activation checkpointing. If the module is wrapped with this function, all subsequent calls to the module will, automatically perform checkpointing without the user having to explicitly call ``checkpoint`` function. Usage:: checkpointed_module = checkpoint_wrapper(module) outputs = checkpointed_module(inputs) Args: module (nn.Module): The module to be wrapped checkpoint_impl (Optional[CheckpointImpl]): The checkpointing implementation to use. Note that this will only be passed into the ``torch.utils.checkpoint.checkpoint`` implementation, and is ignored if a custom ``checkpoint_fn`` is specified. Note that for implementations using reentrant checkpoint from ``torch.utils.checkpoint``, keyword arguments will only be supported if ``checkpoint_impl`` is passed as ``CheckpointImpl.REENTRANT`. checkpoint_fn (Optional[Callable]): Functional checkpoint implementation to use. If this is specified, it will be used over the default ``torch.utils.checkpoint.checkpoint`` implementation and the `checkpoint_impl` argument will be ignored. **checkpoint_fn_kwargs: (Dict[str, Any]): Keyword arguments to pass into `checkpoint_fn`. Returns: (nn.Module): Wrapped module"
tensorflow.python.keras.backend.separable_conv1d,,torch.nn.utils.clip_grad.clip_grad_value_,"Clip the gradients of an iterable of parameters at specified value. Gradients are modified in-place. Args: parameters (Iterable[Tensor] or Tensor): an iterable of Tensors or a single Tensor that will have gradients normalized clip_value (float): maximum allowed value of the gradients. The gradients are clipped in the range :math:`\left[\text{-clip\_value}, \text{clip\_value}\right]` foreach (bool): use the faster foreach-based implementation If ``None``, use the foreach implementation for CUDA and CPU native tensors and silently fall back to the slow implementation for other device types. Default: ``None``"
tensorflow.python.data.ops.iterator_ops.make_initializer,,torch.distributed.fsdp.fully_sharded_data_parallel.get_state_dict_type,Get the state_dict_type and the corresponding configurations for the FSDP modules rooted at ``module``. The target module does not have to be an FSDP module. Returns: A ``StateDictSettings`` containing the state_dict_type and state_dict / optim_state_dict configs that are currently set. Raises: ``AssertionError`` if the ``StateDictSettings`` for different FSDP submodules differ.
tensorflow.python.ops.random_ops_util.get_key_counter_alg,,torch._functorch.compilers.memory_efficient_fusion,"Wrapper function over :func:`aot_function` and :func:`aot_module` to perform memory efficient fusion. It uses the :func:`min_cut_rematerialization_partition` partitioner to perform efficient recomputation. It uses NVFuser to compile the generated forward and backward graphs. .. warning:: This API is experimental and likely to change. Args: fn (Union[Callable, nn.Module]): A Python function or a ``nn.Module`` that takes one ore more arguments. Must return one or more Tensors. **kwargs: Any other overrides you want to make to the settings Returns: Returns a ``Callable`` or ``nn.Module`` that retains the eager behavior of the original :attr:`fn`, but whose forward and backward graphs have gone through recomputation optimizations, and the graphs have been compiled with nvfuser."
tensorflow.python.eager.remote.connect_to_cluster,,torch.distributed.distributed_c10d.all_gather_object,"Gathers picklable objects from the whole group into a list. Similar to :func:`all_gather`, but Python objects can be passed in. Note that the object must be picklable in order to be gathered. Args: object_list (list[Any]): Output list. It should be correctly sized as the size of the group for this collective and will contain the output. obj (Any): Pickable Python object to be broadcast from current process. group (ProcessGroup, optional): The process group to work on. If None, the default process group will be used. Default is ``None``. Returns: None. If the calling rank is part of this group, the output of the collective will be populated into the input ``object_list``. If the calling rank is not part of the group, the passed in ``object_list`` will be unmodified. .. note:: Note that this API differs slightly from the :func:`all_gather` collective since it does not provide an ``async_op`` handle and thus will be a blocking call. .. note:: For NCCL-based processed groups, internal tensor representations of objects must be moved to the GPU device before communication takes place. In this case, the device used is given by ``torch.cuda.current_device()`` and it is the user's responsiblity to ensure that this is set so that each rank has an individual GPU, via ``torch.cuda.set_device()``. .. warning:: :func:`all_gather_object` uses ``pickle`` module implicitly, which is known to be insecure. It is possible to construct malicious pickle data which will execute arbitrary code during unpickling. Only call this function with data you trust. .. warning:: Calling :func:`all_gather_object` with GPU tensors is not well supported and inefficient as it incurs GPU -> CPU transfer since tensors would be pickled. Please consider using :func:`all_gather` instead. Example:: >>> # xdoctest: +SKIP(""need process group init"") >>> # Note: Process group initialization omitted on each rank. >>> import torch.distributed as dist >>> # Assumes world_size of 3. >>> gather_objects = [""foo"", 12, {"
tensorflow.python.ops.distributions.distribution.param_static_shapes,,torch.nn.utils._expanded_weights.expanded_weights_utils.forward_helper,Compute the forward pass for a function that has expanded weight(s) passed to it. It will run the forward pass where all ExpandedWeights are their original weight. It runs checks on the given arguments and detaches the outputs. .. note:: First argument in :attr:`expanded_args` must be the input with the batch dimension as the first element of the shape .. note:: :attr:`func` must return a Tensor or tuple of Tensors Args: func: The function to be called expanded_args: Arguments to be passed to :attr:`func`. Will include arguments that need to be unpacked because they are ExpandedWeights expanded_kwargs: Keyword arguments to be passed to :attr:`func`. Similar to :attr:`expanded_args`.
tensorflow.python.ops.ragged.ragged_array_ops.ragged_shape,,torch.ao.quantization.qconfig.get_default_qat_qconfig,"Returns the default QAT qconfig for the specified backend. Args: * `backend` (str): a string representing the target backend. Currently supports `x86` (default), `fbgemm`, `qnnpack` and `onednn`. * `version`: version, for backwards compatibility. Can be `None` or `1`. Return: qconfig"
tensorflow.python.feature_column.feature_column_v2.get_sparse_tensors,,torch.distributed.checkpoint.planner_helpers.create_read_items_for_chunk_list,Create a list of ``ReadItem`` based on the checkpoint and local chunks. This applies the resharding algorithm and computes the reads needed to satisfy ``local_chunks`` with a checkpoint described by ``checkpoint_md``. Args: fqn (str) : The state_dict FQN to pass to ``ReadItem``. checkpoint_md (TensorStorageMetadata): metadata for a given tensor from a checkpoint. local_chunks (List[ChunkStorageMetadata]): Local chunks that needs to be loaded. Returns: A list of ``ReadItem`` that will satisfy all input chunks.
tensorflow.python.eager.polymorphic_function.function_type_utils.to_input_signature,,torch._inductor.kernel.flex_attention.create_placeholder,Creates a placeholder input buffers for producing subgraph_output.
tensorflow.python.ops.math_ops.reduce_any_v1,,torch.nn.modules.sparse.from_pretrained,"Create Embedding instance from given 2-dimensional FloatTensor. Args: embeddings (Tensor): FloatTensor containing weights for the Embedding. First dimension is being passed to Embedding as ``num_embeddings``, second as ``embedding_dim``. freeze (bool, optional): If ``True``, the tensor does not get updated in the learning process. Equivalent to ``embedding.weight.requires_grad = False``. Default: ``True`` padding_idx (int, optional): If specified, the entries at :attr:`padding_idx` do not contribute to the gradient; therefore, the embedding vector at :attr:`padding_idx` is not updated during training, i.e. it remains as a fixed ""pad"". max_norm (float, optional): See module initialization documentation. norm_type (float, optional): See module initialization documentation. Default ``2``. scale_grad_by_freq (bool, optional): See module initialization documentation. Default ``False``. sparse (bool, optional): See module initialization documentation. Examples:: >>> # FloatTensor containing pretrained weights >>> weight = torch.FloatTensor([[1, 2.3, 3], [4, 5.1, 6.3]]) >>> embedding = nn.Embedding.from_pretrained(weight) >>> # Get embeddings for index 1 >>> input = torch.LongTensor([1]) >>> # xdoctest: +IGNORE_WANT(""non-deterministic"") >>> embedding(input) tensor([[ 4.0000, 5.1000, 6.3000]])"
tensorflow.python.data.ops.dataset_ops.ignore_errors,,torch.nn.utils.prune.is_pruned,"Check if a module is pruned by looking for pruning pre-hooks. Check whether ``module`` is pruned by looking for ``forward_pre_hooks`` in its modules that inherit from the :class:`BasePruningMethod`. Args: module (nn.Module): object that is either pruned or unpruned Returns: binary answer to whether ``module`` is pruned. Examples: >>> from torch.nn.utils import prune >>> m = nn.Linear(5, 7) >>> print(prune.is_pruned(m)) False >>> prune.random_unstructured(m, name='weight', amount=0.2) >>> print(prune.is_pruned(m)) True"
tensorflow.python.keras.utils.conv_utils.conv_connected_inputs,,torch.nn.functional.fractional_max_pool2d_with_indices,"fractional_max_pool2d(input, kernel_size, output_size=None, output_ratio=None, return_indices=False, _random_samples=None) Applies 2D fractional max pooling over an input signal composed of several input planes. Fractional MaxPooling is described in detail in the paper `Fractional MaxPooling`_ by Ben Graham The max-pooling operation is applied in :math:`kH \times kW` regions by a stochastic step size determined by the target output size. The number of output features is equal to the number of input planes. Args: kernel_size: the size of the window to take a max over. Can be a single number :math:`k` (for a square kernel of :math:`k \times k`) or a tuple `(kH, kW)` output_size: the target output size of the image of the form :math:`oH \times oW`. Can be a tuple `(oH, oW)` or a single number :math:`oH` for a square image :math:`oH \times oH` output_ratio: If one wants to have an output size as a ratio of the input size, this option can be given. This has to be a number or tuple in the range (0, 1) return_indices: if ``True``, will return the indices along with the outputs. Useful to pass to :func:`~torch.nn.functional.max_unpool2d`. Examples:: >>> input = torch.randn(20, 16, 50, 32) >>> # pool of square window of size=3, and target output size 13x12 >>> F.fractional_max_pool2d(input, 3, output_size=(13, 12)) >>> # pool of square window and target output size being half of input image size >>> F.fractional_max_pool2d(input, 3, output_ratio=(0.5, 0.5)) .. _Fractional MaxPooling: http://arxiv.org/abs/1412.6071"
tensorflow.python.ops.stateful_random_ops.set_global_generator,,torch.distributed.optim.named_optimizer.load_state_dict,"Define the default behavior to load a state_dict for ``_NamedOptimizer``. Sample Code my_model = MyModule() optimizer = _NamedOptimizer(my_model.named_parameters(), Adagrad) ... optim_state_dict = optimizer.state_dict() ... ... optimizer.load_state_dict(optim_state_dict) ... Args: state_dict (Dict[str, Any]) : A ``state_dict`` to load into the optimizer. Note that this state dict update is performed in place. .. note:: PyTorch is using lazy init to initialize the optim states. So it is possible that there is no optim state when user call ``load_state_dict`` and for ``_NamedOptimizer`` we make it stricter that users can only call ``load_state_dict`` after the state is initialized. By doing this, we can validate the optim ``state_dict`` to be loaded."
tensorflow.python.keras.optimizer_v2.adagrad.from_config,,torch.fx.graph.python_code,"Turn this ``Graph`` into valid Python code. Args: root_module (str): The name of the root module on which to look-up qualified name targets. This is usually 'self'. Returns: A PythonCode object, consisting of two fields: src: the Python source code representing the object globals: a dictionary of global names in `src` -> the objects that they reference."
tensorflow.python.debug.lib.debug_data.node_traceback,,torch.fx.passes.annotate_getitem_nodes.annotate_getitem_nodes,"Annotate the type of getitem nodes, inferred from the type of sequence node. If sequence node is not annotated with a type, do nothing. Currently support getitem nodes from Tuple, List, and NamedTuple sequence node. This is helpful since annotations on local names within function are lost during FX transforms. Adding back known type annotation for getitem nodes to improve jit scriptability. Args: graph (Graph): The graph to be annotated"
tensorflow.python.tpu.tpu_feed.generate_dequeue_op,,torch.fx.graph.find_nodes,"Allows for fast query of nodes Args: op (str): the name of the operation target (Optional[Target]): the target of the node. For call_function, the target is required. For other ops, the target is optional. sort (bool): whether to return nodes in the order they appear on on the graph. Returns: Iteratable of nodes with the requested op and target."
tensorflow.python.framework.ops.experimental_set_type,,torch.onnx.utils.unregister_custom_op_symbolic,"Unregisters ``symbolic_name``. See ""Custom Operators"" in the module documentation for an example usage. Args: symbolic_name (str): The name of the custom operator in ""<domain>::<op>"" format. opset_version (int): The ONNX opset version in which to unregister."
tensorflow.python.data.experimental.ops.writers.write,,torch.nn.modules.module.get_buffer,"Return the buffer given by ``target`` if it exists, otherwise throw an error. See the docstring for ``get_submodule`` for a more detailed explanation of this method's functionality as well as how to correctly specify ``target``. Args: target: The fully-qualified string name of the buffer to look for. (See ``get_submodule`` for how to specify a fully-qualified string.) Returns: torch.Tensor: The buffer referenced by ``target`` Raises: AttributeError: If the target string references an invalid path or resolves to something that is not a buffer"
tensorflow.python.checkpoint.graph_view.attached_dependencies,,torch.onnx._internal.fx.onnxfunction_dispatcher.get_function_overloads,"Get the function overloads from the registry. Args: node: The node to get the function overloads for. diagnostic_context: The diagnostic context to use for reporting errors. Returns: The list contains ONNXFunctions, starting with the default ones and followed by any custom ones."
tensorflow.python.debug.lib.debug_events_reader.device_name_map,,torch.fx.experimental.accelerator_partitioner.get_logical_id_to_device,Get a mapping from device logical ID to Device object.
tensorflow.python.tpu.ops.tpu_ops.send_tpu_embedding_gradients,,torch.nn.utils.parametrize.cached,"Context manager that enables the caching system within parametrizations registered with :func:`register_parametrization`. The value of the parametrized objects is computed and cached the first time they are required when this context manager is active. The cached values are discarded when leaving the context manager. This is useful when using a parametrized parameter more than once in the forward pass. An example of this is when parametrizing the recurrent kernel of an RNN or when sharing weights. The simplest way to activate the cache is by wrapping the forward pass of the neural network .. code-block:: python import torch.nn.utils.parametrize as P ... with P.cached(): output = model(inputs) in training and evaluation. One may also wrap the parts of the modules that use several times the parametrized tensors. For example, the loop of an RNN with a parametrized recurrent kernel: .. code-block:: python with P.cached(): for x in xs: out_rnn = self.rnn_cell(x, out_rnn)"
tensorflow.python.ops.losses.losses_impl.huber_loss,,torch.nn.functional.binary_cross_entropy_with_logits,"Calculate Binary Cross Entropy between target and input logits. See :class:`~torch.nn.BCEWithLogitsLoss` for details. Args: input: Tensor of arbitrary shape as unnormalized scores (often referred to as logits). target: Tensor of the same shape as input with values between 0 and 1 weight (Tensor, optional): a manual rescaling weight if provided it's repeated to match input tensor shape size_average (bool, optional): Deprecated (see :attr:`reduction`). By default, the losses are averaged over each loss element in the batch. Note that for some losses, there multiple elements per sample. If the field :attr:`size_average` is set to ``False``, the losses are instead summed for each minibatch. Ignored when reduce is ``False``. Default: ``True`` reduce (bool, optional): Deprecated (see :attr:`reduction`). By default, the losses are averaged or summed over observations for each minibatch depending on :attr:`size_average`. When :attr:`reduce` is ``False``, returns a loss per batch element instead and ignores :attr:`size_average`. Default: ``True`` reduction (str, optional): Specifies the reduction to apply to the output: ``'none'`` | ``'mean'`` | ``'sum'``. ``'none'``: no reduction will be applied, ``'mean'``: the sum of the output will be divided by the number of elements in the output, ``'sum'``: the output will be summed. Note: :attr:`size_average` and :attr:`reduce` are in the process of being deprecated, and in the meantime, specifying either of those two args will override :attr:`reduction`. Default: ``'mean'`` pos_weight (Tensor, optional): a weight of positive examples to be broadcasted with target. Must be a tensor with equal size along the class dimension to the number of classes. Pay close attention to PyTorch's broadcasting semantics in order to achieve the desired operations. For a target of size [B, C, H, W] (where B is batch size) pos_weight of size [B, C, H, W] will apply different pos_weights to each element of the batch or [C, H, W] the same pos_weights acro"
tensorflow.python.ops.collective_ops.all_gather,,torch.distributed.distributed_c10d.reduce,"Reduces the tensor data across all machines. Only the process with rank ``dst`` is going to receive the final result. Args: tensor (Tensor): Input and output of the collective. The function operates in-place. dst (int): Destination rank on global process group (regardless of ``group`` argument) op (optional): One of the values from ``torch.distributed.ReduceOp`` enum. Specifies an operation used for element-wise reductions. group (ProcessGroup, optional): The process group to work on. If None, the default process group will be used. async_op (bool, optional): Whether this op should be an async op Returns: Async work handle, if async_op is set to True. None, if not async_op or if not part of the group"
tensorflow.python.debug.lib.debug_data.get_rel_timestamps,,torch.distributed.tensor.parallel.input_reshard.input_reshard,"Register hooks to an nn.Module for input resharding, enabling sharding and restoration during backward computation. Register hooks to an nn.Module with input resharding so that we can shard per the given `tp_device_mesh` and `input_reshard_dim` and restore the input back when recomputing the activations in the backward. The reason why we can do this is that for Tensor Parallel(TP), the input are same across all TP ranks. Args: module (:class:`nn.Module`): Module to be registered with input resharding. tp_device_mesh (:class:`DeviceMesh`): Object which describes the mesh topology of devices for Tensor Parallel. input_reshard_dim (Optional[int]): The dimension of where we perform the sharding of input. If set None, there is no sharding of input. Default: None Return: A :class:`nn.Module` object registered with TP input resharding."
tensorflow.python.framework.op_callbacks.add_op_callback,,torch.cuda.graphs.make_graphed_callables,"Accept callables (functions or :class:`nn.Module<torch.nn.Module>`\ s) and returns graphed versions. Each graphed callable's forward pass runs its source callable's forward CUDA work as a CUDA graph inside a single autograd node. The graphed callable's forward pass also appends a backward node to the autograd graph. During backward, this node runs the callable's backward work as a CUDA graph. Therefore, each graphed callable should be a drop-in replacement for its source callable in an autograd-enabled training loop. See :ref:`Partial-network capture<partial-network-capture>` for detailed use and constraints. If you pass a tuple of several callables, their captures will use the same memory pool. See :ref:`Graph memory management<graph-memory-management>` for when this is appropriate. Arguments: callables (torch.nn.Module or Python function, or tuple of these): Callable or callables to graph. See :ref:`Graph memory management<graph-memory-management>` for when passing a tuple of callables is appropriate. If you pass a tuple of callables, their order in the tuple must be the same order they'll run in the live workload. sample_args (tuple of Tensors, or tuple of tuples of Tensors): Samples args for each callable. If a single callable was passed, ``sample_args`` must be a single tuple of argument Tensors. If a tuple of callables was passed, ``sample_args`` must be tuple of tuples of argument Tensors. num_warmup_iters (int): The number of warmup iterations. Currently, ``DataDistributedParallel`` needs 11 iterations for warm up. Default: ``3``. allow_unused_input (bool): If False, specifying inputs that were not used when computing outputs (and therefore their grad is always zero) is an error. Defaults to False. pool (optional): Token (returned by :func:`~torch.cuda.graph_pool_handle` or :meth:`other_Graph_instance.pool()<torch.cuda.CUDAGraph.pool>`) that hints this graph may share memory with the indicated pool. See :ref:`Graph memory management<graph-memory-management>`"
tensorflow.python.framework.ops.add_exit_callback_to_default_func_graph,,torch._dynamo.bytecode_transformation.create_call_function,"Creates a sequence of instructions that makes a function call. `push_null` is used in Python 3.11+ only. It is used in codegen when a function call is intended to be made with the NULL + fn convention, and we know that the NULL has not been pushed yet. We will push a NULL and rotate it to the correct position immediately before making the function call. push_null should default to True unless you know you are calling a function that you codegen'd with a null already pushed, for example (assume `math` is available in the global scope), create_load_global(""math"", True) # pushes a null create_load_attr(""sqrt"") create_instruction(""LOAD_CONST"", argval=25) create_call_function(1, False)"
tensorflow.python.autograph.impl.api.convert,,torch._inductor.codegen.cuda.gemm_template.render,"The primary entry point for the code rendering process used in this template. Renders the Cutlass based CUDA C++ code for the GEMM Kernel that this template is designed to implement, including potentially fused epilogues. Args: kernel (CUDATemplateKernel): The kernel to be rendered. op (cutlass_gemm_op.GemmOperation, optional): A GEMM operation that is required to be compatible with the input and output definitions as well as a possible epilogue. Defaults to None. **kwargs: Additional keyword arguments. Currently unused. Returns: str: Cutlass based CUDA C++ code fragment as a string, to be used by the current CUDATemplateKernel or autotuning code. Note: All inputs and their corresponding buffer addresses and names take precedence over previously passed inputs to the template at construction time. However, they should be layout compatible."
tensorflow.python.distribute.cluster_resolver.cluster_resolver.task_type,,torch.distributed.distributed_c10d.new_subgroups_by_enumeration,"Create subgroups by dividing the global world. The division is specified by a nested list of ranks. The subgroups cannot have overlap, and some ranks may not have to be in any subgroup. This is a convenience API that calls ``new_group`` to generate multiple subgroups. It requires that all processes in the main group (i.e. all processes that are part of the distributed job) enter this function, even if they are not going to be members of the group. .. warning:: Using multiple process groups with the ``NCCL`` backend concurrently is not safe and the user should perform explicit synchronization in their application to ensure only one process group is used at a time. This means collectives from one process group should have completed execution on the device (not just enqueued since CUDA execution is async) before collectives from another process group are enqueued. See `Using multiple NCCL communicators concurrently <https://docs.nvid ia.com/deeplearning/nccl/user-guide/docs/usage/communicators.html#using -multiple-nccl-communicators-concurrently>`_ for more details. Args: ranks_per_subgroup_list (list[list[int]]): A nested list of ranks of group members. timeout (timedelta, optional): see `init_process_group` for details and default value. backend (str or Backend, optional): The backend to use. Depending on build-time configurations, valid values are ``gloo`` and ``nccl``. By default uses the same backend as the global group. This field should be given as a lowercase string (e.g., ``""gloo""``), which can also be accessed via :class:`Backend` attributes (e.g., ``Backend.GLOO``). If ``None`` is passed in, the backend corresponding to the default process group will be used. Default is ``None``. pg_options (ProcessGroupOptions, optional): process group options specifying what additional options need to be passed in during the construction of specific process groups. i.e. for the ``nccl`` backend, ``is_high_priority_stream`` can be specified so that process group can pick up"
tensorflow.python.data.ops.dataset_ops.unbatch,,torch.functional.broadcast_tensors,"broadcast_tensors(*tensors) -> List of Tensors Broadcasts the given tensors according to :ref:`broadcasting-semantics`. Args: *tensors: any number of tensors of the same type .. warning:: More than one element of a broadcasted tensor may refer to a single memory location. As a result, in-place operations (especially ones that are vectorized) may result in incorrect behavior. If you need to write to the tensors, please clone them first. Example:: >>> x = torch.arange(3).view(1, 3) >>> y = torch.arange(2).view(2, 1) >>> a, b = torch.broadcast_tensors(x, y) >>> a.size() torch.Size([2, 3]) >>> a tensor([[0, 1, 2], [0, 1, 2]])"
tensorflow.python.ops.conv2d_benchmark.build_graph,,torch.nn.parallel.comm.reduce_add_coalesced,"Sum tensors from multiple GPUs. Small tensors are first coalesced into a buffer to reduce the number of synchronizations. Args: inputs (Iterable[Iterable[Tensor]]): iterable of iterables that contain tensors from a single device. destination (int, optional): a device on which the output will be placed (default: current device). buffer_size (int): maximum size of the buffer used for coalescing Returns: A tuple of tensors containing an elementwise sum of each group of inputs, placed on the ``destination`` device."
tensorflow.python.util.dispatch.register_dispatchable_type,,torch.package.package_importer.python_version,Returns the version of python that was used to create this package. Note: this function is experimental and not Forward Compatible. The plan is to move this into a lock file later on. Returns: :class:`Optional[str]` a python version e.g. 3.8.9 or None if no version was stored with this package
tensorflow.python.ops.parallel_for.control_flow_ops.for_loop,,torch._functorch.partitioners.default_partition,"Partitions the :attr:`joint_module` in a manner that closely resembles the behavior observed in the original ``.forward()`` and ``.backward()`` of the callable, i.e., the resulting forward graph contains those operators that are executed in the original ``.forward()`` callable passed to :func:`aot_function`. The default partitioner collects the operators that are between the forward inputs and the forward outputs. This helps in finding the tensors which have to be stashed for the backward pass. These stashed tensors become the output of the generated forward graph. The remaining operators are then placed in the backward graph. .. warning:: This API is experimental and likely to change. Args: joint_module(fx.GraphModule): The joint forward and backward graph. This is the result of AOT Autograd tracing. Returns: Returns the generated forward and backward Fx graph modules."
tensorflow.python.ops.signal.dct_ops.dct,,torch.nn.utils.prune.ln_structured,"Prune tensor by removing channels with the lowest L\ ``n``-norm along the specified dimension. Prunes tensor corresponding to parameter called ``name`` in ``module`` by removing the specified ``amount`` of (currently unpruned) channels along the specified ``dim`` with the lowest L\ ``n``-norm. Modifies module in place (and also return the modified module) by: 1) adding a named buffer called ``name+'_mask'`` corresponding to the binary mask applied to the parameter ``name`` by the pruning method. 2) replacing the parameter ``name`` by its pruned version, while the original (unpruned) parameter is stored in a new parameter named ``name+'_orig'``. Args: module (nn.Module): module containing the tensor to prune name (str): parameter name within ``module`` on which pruning will act. amount (int or float): quantity of parameters to prune. If ``float``, should be between 0.0 and 1.0 and represent the fraction of parameters to prune. If ``int``, it represents the absolute number of parameters to prune. n (int, float, inf, -inf, 'fro', 'nuc'): See documentation of valid entries for argument ``p`` in :func:`torch.norm`. dim (int): index of the dim along which we define channels to prune. importance_scores (torch.Tensor): tensor of importance scores (of same shape as module parameter) used to compute mask for pruning. The values in this tensor indicate the importance of the corresponding elements in the parameter being pruned. If unspecified or None, the module parameter will be used in its place. Returns: module (nn.Module): modified (i.e. pruned) version of the input module Examples: >>> from torch.nn.utils import prune >>> m = prune.ln_structured( ... nn.Conv2d(5, 3, 2), 'weight', amount=0.3, dim=1, n=float('-inf') ... )"
tensorflow.python.ops.collective_ops.all_gather_v2,,torch.distributed.distributed_c10d.barrier,"Synchronize all processes. This collective blocks processes until the whole group enters this function, if async_op is False, or if async work handle is called on wait(). Args: group (ProcessGroup, optional): The process group to work on. If None, the default process group will be used. async_op (bool, optional): Whether this op should be an async op device_ids ([int], optional): List of device/GPU ids. Returns: Async work handle, if async_op is set to True. None, if not async_op or if not part of the group .. note:: `ProcessGroupNCCL` now relies on stream synchronization instead of device synchronization to block the CPU. Thus, please do not assume that `barrier()` would perform a device synchronization."
tensorflow.python.keras.utils.io_utils.ask_to_proceed_with_overwrite,,torch.utils.file_baton.try_acquire,"Try to atomically create a file under exclusive access. Returns: True if the file could be created, else False."
tensorflow.python.training.saving.saveable_object_util.recreate_saveable_objects,,torch.export.exported_program.module,Returns a self contained GraphModule with all the parameters/buffers inlined.
tensorflow.python.framework.tensor_util.constant_value_as_shape,,torch.nn.utils.prune.apply,"Add pruning on the fly and reparametrization of a tensor. Adds the forward pre-hook that enables pruning on the fly and the reparametrization of a tensor in terms of the original tensor and the pruning mask. Args: module (nn.Module): module containing the tensor to prune name (str): parameter name within ``module`` on which pruning will act. amount (int or float): quantity of parameters to prune. If ``float``, should be between 0.0 and 1.0 and represent the fraction of parameters to prune. If ``int``, it represents the absolute number of parameters to prune."
tensorflow.python.compiler.xla.experimental.xla_sharding.proto,,torch.ao.quantization.backend_config.native.get_native_backend_config,Return the `BackendConfig` for PyTorch Native backend (fbgemm/qnnpack).
tensorflow.python.autograph.operators.py_builtins.super_in_original_context,,torch.fx.interpreter.call_function,Execute a ``call_function`` node and return the result. Args: target (Target): The call target for this node. See `Node <https://pytorch.org/docs/main/fx.html#torch.fx.Node>`__ for details on semantics args (Tuple): Tuple of positional args for this invocation kwargs (Dict): Dict of keyword arguments for this invocation Return Any: The value returned by the function invocation
tensorflow.python.ops.math_ops.range,,torch.distributed.distributed_c10d.all_reduce,"Reduces the tensor data across all machines in a way that all get the final result. After the call ``tensor`` is going to be bitwise identical in all processes. Complex tensors are supported. Args: tensor (Tensor): Input and output of the collective. The function operates in-place. op (optional): One of the values from ``torch.distributed.ReduceOp`` enum. Specifies an operation used for element-wise reductions. group (ProcessGroup, optional): The process group to work on. If None, the default process group will be used. async_op (bool, optional): Whether this op should be an async op Returns: Async work handle, if async_op is set to True. None, if not async_op or if not part of the group Examples: >>> # xdoctest: +SKIP(""no rank"") >>> # All tensors below are of torch.int64 type. >>> # We have 2 process groups, 2 ranks. >>> device = torch.device(f'cuda:{rank}') >>> tensor = torch.arange(2, dtype=torch.int64, device=device) + 1 + 2 * rank >>> tensor tensor([1, 2], device='cuda:0') # Rank 0 tensor([3, 4], device='cuda:1') # Rank 1 >>> dist.all_reduce(tensor, op=ReduceOp.SUM) >>> tensor tensor([4, 6], device='cuda:0') # Rank 0 tensor([4, 6], device='cuda:1') # Rank 1 >>> # All tensors below are of torch.cfloat type. >>> # We have 2 process groups, 2 ranks. >>> tensor = torch.tensor([1+1j, 2+2j], dtype=torch.cfloat, device=device) + 2 * rank * (1+1j) >>> tensor tensor([1.+1.j, 2.+2.j], device='cuda:0') # Rank 0 tensor([3.+3.j, 4.+4.j], device='cuda:1') # Rank 1 >>> dist.all_reduce(tensor, op=ReduceOp.SUM) >>> tensor tensor([4.+4.j, 6.+6.j], device='cuda:0') # Rank 0 tensor([4.+4.j, 6.+6.j], device='cuda:1') # Rank 1"
tensorflow.python.ops.array_ops.extract_image_patches,,torch.nn.modules.sparse.forward,"Forward pass of EmbeddingBag. Args: input (Tensor): Tensor containing bags of indices into the embedding matrix. offsets (Tensor, optional): Only used when :attr:`input` is 1D. :attr:`offsets` determines the starting index position of each bag (sequence) in :attr:`input`. per_sample_weights (Tensor, optional): a tensor of float / double weights, or None to indicate all weights should be taken to be ``1``. If specified, :attr:`per_sample_weights` must have exactly the same shape as input and is treated as having the same :attr:`offsets`, if those are not ``None``. Only supported for ``mode='sum'``. Returns: Tensor output shape of `(B, embedding_dim)`. .. note:: A few notes about ``input`` and ``offsets``: - :attr:`input` and :attr:`offsets` have to be of the same type, either int or long - If :attr:`input` is 2D of shape `(B, N)`, it will be treated as ``B`` bags (sequences) each of fixed length ``N``, and this will return ``B`` values aggregated in a way depending on the :attr:`mode`. :attr:`offsets` is ignored and required to be ``None`` in this case. - If :attr:`input` is 1D of shape `(N)`, it will be treated as a concatenation of multiple bags (sequences). :attr:`offsets` is required to be a 1D tensor containing the starting index positions of each bag in :attr:`input`. Therefore, for :attr:`offsets` of shape `(B)`, :attr:`input` will be viewed as having ``B`` bags. Empty bags (i.e., having 0-length) will have returned vectors filled by zeros."
tensorflow.python.distribute.distribute_lib.experimental_local_results,,torch.distributed._spmd.api.replacement,Implement this method to return a new :class:`nn.Module` instance to replace the ``orig_submodule`` argument in the model. This helps if ``orig_submodule`` is not traceable or should not be traced. Args: fqn (str): fully quantified name of the submodule. orig_submodule (class:`nn.Module`): original submodule instance to replace. Returns: A new :class:`nn.Module` instance to replace the original one.
tensorflow.python.ops.sparse_ops.sparse_maximum,,torch.nn.modules.module.apply,"Apply ``fn`` recursively to every submodule (as returned by ``.children()``) as well as self. Typical use includes initializing the parameters of a model (see also :ref:`nn-init-doc`). Args: fn (:class:`Module` -> None): function to be applied to each submodule Returns: Module: self Example:: >>> @torch.no_grad() >>> def init_weights(m): >>> print(m) >>> if type(m) == nn.Linear: >>> m.weight.fill_(1.0) >>> print(m.weight) >>> net = nn.Sequential(nn.Linear(2, 2), nn.Linear(2, 2)) >>> net.apply(init_weights) Linear(in_features=2, out_features=2, bias=True) Parameter containing: tensor([[1., 1.], [1., 1.]], requires_grad=True) Linear(in_features=2, out_features=2, bias=True) Parameter containing: tensor([[1., 1.], [1., 1.]], requires_grad=True) Sequential( (0): Linear(in_features=2, out_features=2, bias=True) (1): Linear(in_features=2, out_features=2, bias=True) )"
tensorflow.python.saved_model.method_name_updater.save,,torch.onnx._internal.exporter.save_diagnostics,Saves the export diagnostics as a SARIF log to the specified destination path. Args: destination: The destination to save the diagnostics SARIF log. It must have a `.sarif` extension. Raises: ValueError: If the destination path does not end with `.sarif` extension.
tensorflow.python.debug.lib.debug_data.run_feed_keys_info,,torch.fx.interpreter.fetch_args_kwargs_from_env,"Fetch the concrete values of ``args`` and ``kwargs`` of node ``n`` from the current execution environment. Args: n (Node): The node for which ``args`` and ``kwargs`` should be fetched. Return: Tuple[Tuple, Dict]: ``args`` and ``kwargs`` with concrete values for ``n``."
tensorflow.python.kernel_tests.signal.test_util.evaluate_tflite_model,,torch.fx.passes.splitter_base.generate_inputs_for_submodules,"Generate inputs for targeting submdoules in the given model. Note that if two submodules refer to the same obj, this function doesn't work. Args: model: root model. inputs: inputs to the root model. target_submodules: submodules that we want to generate inputs for. Returns: A dict that maps from submodule name to its inputs."
tensorflow.python.framework.traceable_stack.peek_top_obj,,torch.storage.clone,Return a copy of this storage.
tensorflow.python.util.dispatch.unregister_dispatch_for,,torch.serialization.add_safe_globals,"Marks the given globals as safe for ``weights_only`` load. For example, functions added to this list can be called during unpickling, classes could be instantiated and have state set. Args: safe_globals (List[Any]): list of globals to mark as safe Example: >>> # xdoctest: +SKIP(""Can't torch.save(t, ...) as doctest thinks MyTensor is defined on torch.serialization"") >>> import tempfile >>> class MyTensor(torch.Tensor): ... pass >>> t = MyTensor(torch.randn(2, 3)) >>> with tempfile.NamedTemporaryFile() as f: ... torch.save(t, f.name) # Running `torch.load(f.name, weights_only=True)` will fail with # Unsupported global: GLOBAL __main__.MyTensor was not an allowed global by default. # Check the code and make sure MyTensor is safe to be used when loaded from an arbitrary checkpoint. ... torch.serialization.add_safe_globals([MyTensor]) ... torch.load(f.name, weights_only=True) # MyTensor([[-0.5024, -1.8152, -0.5455], # [-0.8234, 2.0500, -0.3657]])"
tensorflow.python.ops.metrics_impl.metric_variable,,torch.distributed._tensor.api.full_tensor,"Return the full tensor of this DTensor. It will perform necessary collectives to gather the local tensors from other ranks in its DeviceMesh and concatenate them together. It's a syntatic sugar of the following code: `dtensor.redistribute(placements=[Replicate()] * mesh.ndim).to_local()` Keyword args: grad_placements (List[:class:`Placement`], optional): the placements describes the future layout of any gradient layout of the full Tensor returned from this function. `full_tensor` converts DTensor to a full torch.Tensor and the returned torch.tensor might not be used as the original replicated DTensor layout later in the code. This argument is the hint that user can give to autograd in case the gradient layout of the returned tensor does not match the original replicated DTensor layout. If not specified, we will assume the gradient layout of the full tensor be replicated. Returns: A :class:`torch.Tensor` object that represents the full tensor of this DTensor. .. note:: `full_tensor` is differentiable."
tensorflow.python.keras.metrics.get_config,,torch.testing._internal.common_utils.get_tensors_from,Returns a set of all Tensor objects in the given args and kwargs.
tensorflow.python.ops.stateful_random_ops.from_seed,,torch.cuda.random.manual_seed,"Set the seed for generating random numbers for the current GPU. It's safe to call this function if CUDA is not available; in that case, it is silently ignored. Args: seed (int): The desired seed. .. warning:: If you are working with a multi-GPU model, this function is insufficient to get determinism. To seed all GPUs, use :func:`manual_seed_all`."
tensorflow.python.ops.check_ops.assert_near,,torch.distributed.fsdp.fully_sharded_data_parallel.full_optim_state_dict,"Return the full optimizer state-dict. Consolidates the full optimizer state on rank 0 and returns it as a :class:`dict` following the convention of :meth:`torch.optim.Optimizer.state_dict`, i.e. with keys ``""state""`` and ``""param_groups""``. The flattened parameters in ``FSDP`` modules contained in ``model`` are mapped back to their unflattened parameters. This needs to be called on all ranks since it uses collective communications. However, if ``rank0_only=True``, then the state dict is only populated on rank 0, and all other ranks return an empty :class:`dict`. Unlike ``torch.optim.Optimizer.state_dict()``, this method uses full parameter names as keys instead of parameter IDs. Like in :meth:`torch.optim.Optimizer.state_dict`, the tensors contained in the optimizer state dict are not cloned, so there may be aliasing surprises. For best practices, consider saving the returned optimizer state dict immediately, e.g. using ``torch.save()``. Args: model (torch.nn.Module): Root module (which may or may not be a :class:`FullyShardedDataParallel` instance) whose parameters were passed into the optimizer ``optim``. optim (torch.optim.Optimizer): Optimizer for ``model`` 's parameters. optim_input (Optional[Union[List[Dict[str, Any]], Iterable[torch.nn.Parameter]]]): Input passed into the optimizer ``optim`` representing either a :class:`list` of parameter groups or an iterable of parameters; if ``None``, then this method assumes the input was ``model.parameters()``. This argument is deprecated, and there is no need to pass it in anymore. (Default: ``None``) rank0_only (bool): If ``True``, saves the populated :class:`dict` only on rank 0; if ``False``, saves it on all ranks. (Default: ``True``) group (dist.ProcessGroup): Model's process group or ``None`` if using the default process group. (Default: ``None``) Returns: Dict[str, Any]: A :class:`dict` containing the optimizer state for ``model`` 's original unflattened parameters and including keys ""state"" and ""param_groups"" fo"
tensorflow.python.module.module.trainable_variables,,torch.distributed.optim.zero_redundancy_optimizer.step,Perform a single optimizer step and syncs parameters across all ranks. Arguments: closure (Callable): a closure that re-evaluates the model and returns the loss; optional for most optimizers. Returns: Optional loss depending on the underlying local optimizer. .. note: Any extra parameters are passed to the base optimizer as-is.
tensorflow.python.tpu.tpu_embedding_for_serving.cpu_embedding_lookup,,torch.ao.quantization.quantize_fx.convert_fx,"Convert a calibrated or trained model to a quantized model Args: * `graph_module` (torch.fx.GraphModule): A prepared and calibrated/trained model (GraphModule) * `convert_custom_config` (ConvertCustomConfig): custom configurations for convert function. See :class:`~torch.ao.quantization.fx.custom_config.ConvertCustomConfig` for more details * `_remove_qconfig` (bool): Option to remove the qconfig attributes in the model after convert. * `qconfig_mapping` (QConfigMapping): config for specifying how to convert a model for quantization. The keys must include the ones in the qconfig_mapping passed to `prepare_fx` or `prepare_qat_fx`, with the same values or `None`. Additional keys can be specified with values set to `None`. For each entry whose value is set to None, we skip quantizing that entry in the model:: qconfig_mapping = QConfigMapping .set_global(qconfig_from_prepare) .set_object_type(torch.nn.functional.add, None) # skip quantizing torch.nn.functional.add .set_object_type(torch.nn.functional.linear, qconfig_from_prepare) .set_module_name(""foo.bar"", None) # skip quantizing module ""foo.bar"" * `backend_config` (BackendConfig): A configuration for the backend which describes how operators should be quantized in the backend, this includes quantization mode support (static/dynamic/weight_only), dtype support (quint8/qint8 etc.), observer placement for each operators and fused operators. See :class:`~torch.ao.quantization.backend_config.BackendConfig` for more details Return: A quantized model (torch.nn.Module) Example:: # prepared_model: the model after prepare_fx/prepare_qat_fx and calibration/training # convert_fx converts a calibrated/trained model to a quantized model for the # target hardware, this includes converting the model first to a reference # quantized model, and then lower the reference quantized model to a backend # Currently, the supported backends are fbgemm (onednn), qnnpack (xnnpack) and # they share the same set of quantized operators, so we are u"
tensorflow.python.ops.variables.model_variables,,torch.utils.data.graph.traverse_dps,"Traverse the DataPipes and their attributes to extract the DataPipe graph. This only looks into the attribute from each DataPipe that is either a DataPipe and a Python collection object such as ``list``, ``tuple``, ``set`` and ``dict``. Args: datapipe: the end DataPipe of the graph Returns: A graph represented as a nested dictionary, where keys are ids of DataPipe instances and values are tuples of DataPipe instance and the sub-graph"
tensorflow.python.ops.sort_ops.argsort,,torch.distributed.distributed_c10d.all_to_all_single,"Split input tensor and then scatter the split list to all processes in a group. Later the received tensors are concatenated from all the processes in the group and returned as a single output tensor. Complex tensors are supported. Args: output (Tensor): Gathered concatenated output tensor. input (Tensor): Input tensor to scatter. output_split_sizes: (list[Int], optional): Output split sizes for dim 0 if specified None or empty, dim 0 of ``output`` tensor must divide equally by ``world_size``. input_split_sizes: (list[Int], optional): Input split sizes for dim 0 if specified None or empty, dim 0 of ``input`` tensor must divide equally by ``world_size``. group (ProcessGroup, optional): The process group to work on. If None, the default process group will be used. async_op (bool, optional): Whether this op should be an async op. Returns: Async work handle, if async_op is set to True. None, if not async_op or if not part of the group. .. warning:: `all_to_all_single` is experimental and subject to change. Examples: >>> # xdoctest: +SKIP(""Undefined rank"") >>> input = torch.arange(4) + rank * 4 >>> input tensor([0, 1, 2, 3]) # Rank 0 tensor([4, 5, 6, 7]) # Rank 1 tensor([8, 9, 10, 11]) # Rank 2 tensor([12, 13, 14, 15]) # Rank 3 >>> output = torch.empty([4], dtype=torch.int64) >>> dist.all_to_all_single(output, input) >>> output tensor([0, 4, 8, 12]) # Rank 0 tensor([1, 5, 9, 13]) # Rank 1 tensor([2, 6, 10, 14]) # Rank 2 tensor([3, 7, 11, 15]) # Rank 3 >>> # Essentially, it is similar to following operation: >>> scatter_list = list(input.chunk(world_size)) >>> gather_list = list(output.chunk(world_size)) >>> for i in range(world_size): >>> dist.scatter(gather_list[i], scatter_list if i == rank else [], src = i) >>> # Another example with uneven split >>> input tensor([0, 1, 2, 3, 4, 5]) # Rank 0 tensor([10, 11, 12, 13, 14, 15, 16, 17, 18]) # Rank 1 tensor([20, 21, 22, 23, 24]) # Rank 2 tensor([30, 31, 32, 33, 34, 35, 36]) # Rank 3 >>> input_splits [2, 2, 1, 1] # Rank 0 [3,"
tensorflow.python.autograph.pyct.transpiler.create,,torch.testing._internal.common_fsdp.init,Initializes an instance of this model.
tensorflow.python.keras.engine.base_layer.get_output_shape_at,,torch._inductor.codegen.cuda.cuda_kernel.size,"Hook called from template code to get the size of an arg. Generates code which represents size of a given node in [start_index, end_index). If node is None, returns default_value. TODO: Will add needed args to pass it in if it is dynamic."
tensorflow.python.ops.random_crop_ops.stateless_random_crop,,torch.nn.functional.max_pool3d_with_indices,"max_pool3d(input, kernel_size, stride=None, padding=0, dilation=1, ceil_mode=False, return_indices=False) Applies a 3D max pooling over an input signal composed of several input planes. .. note:: The order of :attr:`ceil_mode` and :attr:`return_indices` is different from what seen in :class:`~torch.nn.MaxPool3d`, and will change in a future release. See :class:`~torch.nn.MaxPool3d` for details. Args: input: input tensor :math:`(\text{minibatch} , \text{in\_channels} , iD, iH , iW)`, minibatch dim optional. kernel_size: size of the pooling region. Can be a single number or a tuple `(kT, kH, kW)` stride: stride of the pooling operation. Can be a single number or a tuple `(sT, sH, sW)`. Default: :attr:`kernel_size` padding: Implicit negative infinity padding to be added on both sides, must be >= 0 and <= kernel_size / 2. dilation: The stride between elements within a sliding window, must be > 0. ceil_mode: If ``True``, will use `ceil` instead of `floor` to compute the output shape. This ensures that every element in the input tensor is covered by a sliding window. return_indices: If ``True``, will return the argmax along with the max values. Useful for :class:`torch.nn.functional.max_unpool3d` later"
tensorflow.python.distribute.multi_worker_test_base.run_multiple_tasks_in_processes,,torch.testing._internal.common_distributed.run_test_with_threaded_pg,Run the current test associated with `test_name` using the threaded process group.
tensorflow.python.compiler.xla.jit.experimental_jit_scope,,torch._functorch.make_functional.make_functional_with_buffers,"make_functional_with_buffers(model, disable_autograd_tracking=False) -> func, params, buffers Given a ``torch.nn.Module``, make_functional_with_buffers extracts the state (params and buffers) and returns a functional version of the model ``func`` that can be invoked like a function. ``func`` can be invoked as follows: .. code-block:: python import torch import torch.nn as nn from functorch import make_functional_with_buffers x = torch.randn(4, 3) model = nn.Linear(3, 3) func, params, buffers = make_functional_with_buffers(model) func(params, buffers, x) And here is an example of applying the grad transform over the parameters of a model: .. code-block:: python import torch import torch.nn as nn from functorch import make_functional_with_buffers, grad x = torch.randn(4, 3) t = torch.randn(4, 3) model = nn.Linear(3, 3) func, params, buffers = make_functional_with_buffers(model) def compute_loss(params, buffers, x, t): y = func(params, buffers, x) return nn.functional.mse_loss(y, t) grad_weights = grad(compute_loss)(params, buffers, x, t) Args: model (torch.nn.Module): Input model. disable_autograd_tracking (bool): Flag to disable gradients tracking for output parameters. The returned params are unrelated to the set of params from the original model. If False (default), the params will have ``requires_grad=True`` on them (aka they will be trackable with regular PyTorch autograd), matching the requires_grad-ness of the params from the original model. Otherwise, the returned params will have ``requires_grad=False``. Default, False. If you plan on using regular PyTorch autograd (e.g., if you want to call ``.backward()`` or ``torch.autograd.grad()``, then set ``disable_autograd_tracking=False``. Otherwise, if you're only planning on using functorch's gradient transforms, then please set ``disable_autograd_tracking=True`` to avoid unnecessarily tracking history with PyTorch autograd."
tensorflow.python.ops.linalg.linear_operator_util.split_arg_into_blocks,,torch.distributed._spmd.api.transform,"Given a DTensor-expanded graph and sharding schema for every node, conduct additional transformation for the sub-graph from the :class:`nn.Module` returned by :meth:`torch.distributed._spmd.Override.replacement` if necessary. Args: gm (:class:`fx.Graph`): a DTensor-expanded graph. flat_state (List[str, :class:`Tensor`]): a reference to the list of flattened state. The elements in ``flat_state`` map to the first ``len(flat_state)`` placeholders in the graph. The transformation can add state to or remove state from ``flat_state`` as long as it keeps ``flat_state`` and the placeholders consistent. Returns: The :class:`fx.Graph` after transformation."
tensorflow.python.keras.utils.generic_utils.update,,torch.nn.functional.dropout,"During training, randomly zeroes some elements of the input tensor with probability :attr:`p`. Uses samples from a Bernoulli distribution. See :class:`~torch.nn.Dropout` for details. Args: p: probability of an element to be zeroed. Default: 0.5 training: apply dropout if is ``True``. Default: ``True`` inplace: If set to ``True``, will do this operation in-place. Default: ``False``"
tensorflow.python.ops.control_flow_v2_toggles.control_flow_v2_enabled,,torch.nn.modules.module.bfloat16,Casts all floating point parameters and buffers to ``bfloat16`` datatype. .. note:: This method modifies the module in-place. Returns: Module: self
tensorflow.python.tools.selective_registration_header_lib.get_header_from_ops_and_kernels,,torch.testing._internal.dist_utils.get_function_event,Returns the first event that matches partial_event_name in the provided function_events. These function_events should be the output of torch.autograd.profiler.function_events(). Args: function_events: function_events returned by the profiler. event_name (str): partial key that the event was profiled with.
tensorflow.python.ops.parallel_for.gradients.jacobian,,torch.autograd.function.backward,"Define a formula for differentiating the operation with backward mode automatic differentiation. This function is to be overridden by all subclasses. (Defining this function is equivalent to defining the ``vjp`` function.) It must accept a context :attr:`ctx` as the first argument, followed by as many outputs as the :func:`forward` returned (None will be passed in for non tensor outputs of the forward function), and it should return as many tensors, as there were inputs to :func:`forward`. Each argument is the gradient w.r.t the given output, and each returned value should be the gradient w.r.t. the corresponding input. If an input is not a Tensor or is a Tensor not requiring grads, you can just pass None as a gradient for that input. The context can be used to retrieve tensors saved during the forward pass. It also has an attribute :attr:`ctx.needs_input_grad` as a tuple of booleans representing whether each input needs gradient. E.g., :func:`backward` will have ``ctx.needs_input_grad[0] = True`` if the first input to :func:`forward` needs gradient computed w.r.t. the output."
tensorflow.python.util.protobuf.compare.assertProtoEqual,,torch.onnx._internal.fx.onnxfunction_dispatcher.perfect_match_inputs,"Check if the inputs perfectly match the OpSchema requirements. The definition of perfect match is that the input types are all in the type constraints and the number of inputs matches the number of inputs in the OpSchema. Checking steps: 1. The function signature matches the inputs number, and attribute names. 2. The input/attribute types are all in the type constraints. A function should at least pass the first step to be eligible for the nearest matching. Args: diagnostic: The diagnostic to use for logging detailed info. args: The input arguments organized in PyTorch inputs way. kwargs: The input keyword arguments organized in PyTorch inputs way. Returns: True if the inputs match the requirements, False otherwise."
tensorflow.python.framework.test_util.assertRaisesWithPredicateMatch,,torch.onnx._internal.exporter.is_registered_op,"Returns whether the given op is registered: torch.ops.<namespace>.<op_name>.<overload>. Args: namespace: The namespace of the operator to check. op_name: The name of the operator to check. overload: The overload of the operator to check. If it's default overload, leave it to None. Returns: True if the given op is registered, otherwise False."
tensorflow.python.tpu.tensor_tracer_flags.use_test_undeclared_outputs_dir,,torch.onnx.verification.validate,"Run the ONNX test case with options.backend, and compare with the expected outputs. Args: options: Options for validation. Raise: AssertionError: if outputs from options.backend and expected outputs are not equal up to specified precision."
tensorflow.python.types.distribute.get_next_as_optional,,torch.onnx._internal.exporter.serialize,"Protocol method that must be implemented for serialization. Args: onnx_program: Represents the in-memory exported ONNX model destination: A binary IO stream or pre-allocated buffer into which the serialized model should be written. Example: A simple serializer that writes the exported :py:obj:`onnx.ModelProto` in Protobuf format to ``destination``: :: # xdoctest: +REQUIRES(env:TORCH_DOCTEST_ONNX) >>> import io >>> import torch >>> import torch.onnx >>> class MyModel(torch.nn.Module): # Dummy model ... def __init__(self) -> None: ... super().__init__() ... self.linear = torch.nn.Linear(2, 2) ... def forward(self, x): ... out = self.linear(x) ... return out >>> class ProtobufONNXProgramSerializer: ... def serialize( ... self, onnx_program: torch.onnx.ONNXProgram, destination: io.BufferedIOBase ... ) -> None: ... destination.write(onnx_program.model_proto.SerializeToString()) >>> model = MyModel() >>> arg1 = torch.randn(2, 2, 2) # positional input 1 >>> torch.onnx.dynamo_export(model, arg1).save( ... destination=""exported_model.onnx"", ... serializer=ProtobufONNXProgramSerializer(), ... )"
tensorflow.python.data.ops.dataset_ops.element_to_bucket_id,,torch.amp.grad_scaler.get_growth_interval,Return a Python int containing the growth interval.
tensorflow.python.tpu.tensor_tracer.is_enabled,,torch.distributed._shard.sharded_tensor.api.is_pinned,Returns True if the sharded tensor (each local shard) resides in pinned memory.
tensorflow.python.ops.nn_impl.sufficient_statistics,,torch.distributed.distributed_c10d.reduce_scatter_tensor,"Reduces, then scatters a tensor to all ranks in a group. Args: output (Tensor): Output tensor. It should have the same size across all ranks. input (Tensor): Input tensor to be reduced and scattered. Its size should be output tensor size times the world size. The input tensor can have one of the following shapes: (i) a concatenation of the output tensors along the primary dimension, or (ii) a stack of the output tensors along the primary dimension. For definition of ""concatenation"", see ``torch.cat()``. For definition of ""stack"", see ``torch.stack()``. group (ProcessGroup, optional): The process group to work on. If None, the default process group will be used. async_op (bool, optional): Whether this op should be an async op. Returns: Async work handle, if async_op is set to True. None, if not async_op or if not part of the group. Examples: >>> # xdoctest: +SKIP(""need process group init"") >>> # All tensors below are of torch.int64 dtype and on CUDA devices. >>> # We have two ranks. >>> device = torch.device(f'cuda:{rank}') >>> tensor_out = torch.zeros(2, dtype=torch.int64, device=device) >>> # Input in concatenation form >>> tensor_in = torch.arange(world_size * 2, dtype=torch.int64, device=device) >>> tensor_in tensor([0, 1, 2, 3], device='cuda:0') # Rank 0 tensor([0, 1, 2, 3], device='cuda:1') # Rank 1 >>> dist.reduce_scatter_tensor(tensor_out, tensor_in) >>> tensor_out tensor([0, 2], device='cuda:0') # Rank 0 tensor([4, 6], device='cuda:1') # Rank 1 >>> # Input in stack form >>> tensor_in = torch.reshape(tensor_in, (world_size, 2)) >>> tensor_in tensor([[0, 1], [2, 3]], device='cuda:0') # Rank 0 tensor([[0, 1], [2, 3]], device='cuda:1') # Rank 1 >>> dist.reduce_scatter_tensor(tensor_out, tensor_in) >>> tensor_out tensor([0, 2], device='cuda:0') # Rank 0 tensor([4, 6], device='cuda:1') # Rank 1 .. warning:: The Gloo backend does not support this API."
tensorflow.python.ops.op_selector.get_unique_graph,,torch.distributed.distributed_c10d.reduce_scatter,"Reduces, then scatters a list of tensors to all processes in a group. Args: output (Tensor): Output tensor. input_list (list[Tensor]): List of tensors to reduce and scatter. op (optional): One of the values from ``torch.distributed.ReduceOp`` enum. Specifies an operation used for element-wise reductions. group (ProcessGroup, optional): The process group to work on. If None, the default process group will be used. async_op (bool, optional): Whether this op should be an async op. Returns: Async work handle, if async_op is set to True. None, if not async_op or if not part of the group."
tensorflow.python.feature_column.serialization.deserialize_feature_column,,torch.package.importer.get_name,"Given an object, return a name that can be used to retrieve the object from this environment. Args: obj: An object to get the module-environment-relative name for. name: If set, use this name instead of looking up __name__ or __qualname__ on `obj`. This is only here to match how Pickler handles __reduce__ functions that return a string, don't use otherwise. Returns: A tuple (parent_module_name, attr_name) that can be used to retrieve `obj` from this environment. Use it like: mod = importer.import_module(parent_module_name) obj = getattr(mod, attr_name) Raises: ObjNotFoundError: we couldn't retrieve `obj by name. ObjMisMatchError: we found a different object with the same name as `obj`."
tensorflow.python.ops.summary_ops_v2.trace_on,,torch.profiler.profiler.supported_activities,"Returns a set of supported profiler tracing activities. Note: profiler uses CUPTI library to trace on-device CUDA kernels. In case when CUDA is enabled but CUPTI is not available, passing ``ProfilerActivity.CUDA`` to profiler results in using the legacy CUDA profiling code (same as in the legacy ``torch.autograd.profiler``). This, in turn, results in including CUDA time in the profiler table output, but not in the JSON trace."
tensorflow.python.distribute.tpu_util.outside_or_skip_tpu_context,,torch.export.exported_program.buffers,Returns an iterator over original module buffers.
tensorflow.python.ops.check_ops.assert_near_v2,,torch.nn.utils.rnn.pack_padded_sequence,"Packs a Tensor containing padded sequences of variable length. :attr:`input` can be of size ``T x B x *`` where ``T`` is the length of the longest sequence, ``B`` is the batch size, and ``*`` is any number of dimensions (including 0). If :attr:`batch_first` is ``False``, ``T x B x *`` :attr:`input` is expected, ``B x T x *`` otherwise. For unsorted sequences, use `enforce_sorted = False`. If :attr:`enforce_sorted` is ``True``, the sequences should be sorted by length in a decreasing order, i.e. ``input[:,0]`` should be the longest sequence, and ``input[:,B-1]`` the shortest one. `enforce_sorted = True` is only necessary for ONNX export. Note: This function accepts any input that has at least two dimensions. You can apply it to pack the labels, and use the output of the RNN with them to compute the loss directly. A Tensor can be retrieved from a :class:`PackedSequence` object by accessing its ``.data`` attribute. Args: input (Tensor): padded batch of variable length sequences. lengths (Tensor or list(int)): list of sequence lengths of each batch element (must be on the CPU if provided as a tensor). batch_first (bool, optional): if ``True``, the input is expected in ``B x T x *`` format, ``T x B x *`` otherwise. enforce_sorted (bool, optional): if ``True``, the input is expected to contain sequences sorted by length in a decreasing order. If ``False``, the input will get sorted unconditionally. Default: ``True``. Returns: a :class:`PackedSequence` object"
tensorflow.python.keras.saving.saved_model.load.get_common_shape,,torch._export.serde.serialize.serialize_tensor_meta,Extract a TensorMeta describing `t`.
tensorflow.python.distribute.multi_worker_util.is_chief,,torch.distributed.algorithms.join.notify_join_context,"Notifies the join context manager that the calling process has not yet joined. Then, if ``throw_on_early_termination=True``, checks if uneven inputs have been detected (i.e. if one process has already joined) and throws an exception if so. This method should be called from a :class:`Joinable` object before its per-iteration collective communications. For example, this should be called at the beginning of the forward pass in :class:`DistributedDataParallel`. Only the first :class:`Joinable` object passed into the context manager performs the collective communications in this method, and for the others, this method is vacuous. Arguments: joinable (Joinable): the :class:`Joinable` object calling this method. Returns: An async work handle for the all-reduce meant to notify the context manager that the process has not yet joined if ``joinable`` is the first one passed into the context manager; ``None`` otherwise."
tensorflow.python.framework.tensor.placeholder_value,,torch.distributed._tensor.examples.checkpoint_example.gen_tensor_parallel_model,generates a nn.Module where parameters are sharded in the tensor-parallel fashion.
tensorflow.python.tpu.tensor_tracer_flags.get_signature_to_agg_fn_map,,torch.onnx._internal.fx.passes.modularization.stack_trace,Returns the stack trace associated with this node.
tensorflow.python.platform.sysconfig.get_link_flags,,torch.fx.interpreter.placeholder,"Execute a ``placeholder`` node. In ``Transformer``, this is overridden to insert a new ``placeholder`` into the output graph. Args: target (Target): The call target for this node. See `Node <https://pytorch.org/docs/main/fx.html#torch.fx.Node>`__ for details on semantics args (Tuple): Tuple of positional args for this invocation kwargs (Dict): Dict of keyword arguments for this invocation"
tensorflow.python.ops.gradient_checker.compute_gradient_error,,torch._inductor.codegen.cuda.gemm_template.render_gemm_arguments,"Render the Cutlass CUDA C++ code required for passing arguments to the GEMM operation. Args: argument_template (str): Template for the GEMM operation arguments. epilogue_template (str): Template for the epilogue arguments. should_swap_xw (bool): Determines whether X, W operands should be swapped. If True, applies an explicit transpose operation to X and W. X (IRNode): The X input tensor. W (IRNode): The W input tensor. Bias (IRNode): The bias tensor. Y (IRNode): The output tensor. alpha (float): Scaling factor for the product of the inputs. beta (float): Scaling factor for the output tensor. kernel (CUDATemplateKernel): CUDA Template kernel for the operation. epilogue_args (any): Additional arguments for the epilogue state. Returns: str: A block of CUDA C++ code as a string, ready to be used as arguments for the GEMM operation. Note: If `should_swap_xw` is True, a transpose operation will be applied to the X, W, Bias, and Y tensors. This operation also implies the M and N dimensions of Bias and GEMM output to be swapped before the function call."
tensorflow.python.training.sync_replicas_optimizer.variables,,torch.distributed.algorithms.ddp_comm_hooks.ddp_zero_hook.zero_step,Perform partial :class:`ZeroRedundancyOptimizer` :meth:`step` using gradients in the :class:`DistributedDataParallel`. Returns: A :class:`torch.Tensor` representing the contents of the gradient bucket.
tensorflow.python.keras.utils.generic_utils.validate_kwargs,,torch.onnx._internal.registration.in_base,Checks if a key is in the base dictionary.
tensorflow.python.framework.tensor_conversion.convert_to_tensor_v2_with_dispatch,,torch.nn.utils.init.skip_init,"Given a module class object and args / kwargs, instantiate the module without initializing parameters / buffers. This can be useful if initialization is slow or if custom initialization will be performed, making the default initialization unnecessary. There are some caveats to this, due to the way this function is implemented: 1. The module must accept a `device` arg in its constructor that is passed to any parameters or buffers created during construction. 2. The module must not perform any computation on parameters in its constructor except initialization (i.e. functions from :mod:`torch.nn.init`). If these conditions are satisfied, the module can be instantiated with parameter / buffer values uninitialized, as if having been created using :func:`torch.empty`. Args: module_cls: Class object; should be a subclass of :class:`torch.nn.Module` args: args to pass to the module's constructor kwargs: kwargs to pass to the module's constructor Returns: Instantiated module with uninitialized parameters / buffers Example:: >>> # xdoctest: +IGNORE_WANT(""non-deterministic"") >>> import torch >>> m = torch.nn.utils.skip_init(torch.nn.Linear, 5, 1) >>> m.weight Parameter containing: tensor([[0.0000e+00, 1.5846e+29, 7.8307e+00, 2.5250e-29, 1.1210e-44]], requires_grad=True) >>> m2 = torch.nn.utils.skip_init(torch.nn.Linear, in_features=6, out_features=1) >>> m2.weight Parameter containing: tensor([[-1.4677e+24, 4.5915e-41, 1.4013e-45, 0.0000e+00, -1.4677e+24, 4.5915e-41]], requires_grad=True)"
tensorflow.python.ops.linalg.linear_operator_util.base_dtype,,torch.distributed.elastic.rendezvous.api.get_as_bool,Return the value for ``key`` as a ``bool``.
tensorflow.python.checkpoint.checkpoint_management.checkpoint_exists_internal,,torch.distributed.checkpoint.storage.reset,"Calls to indicates a brand new checkpoint write is going to happen. A checkpoint_id may be present if users set the checkpoint_id for this checkpoint write. The meaning of the checkpiont_id is storage-dependent. It can be a path to a folder/file or a key for a key-value storage. Args: checkpoint_id (Union[str, os.PathLike, None]): The ID of this checkpoint instance. The meaning of the checkpoint_id depends on the storage. It can be a path to a folder or to a file. It can also be a key if the storage is a key-value store. (Default: ``None``)"
tensorflow.python.eager.execute.execute_with_cancellation,,torch._inductor.select_algorithm.store_output,"Stores the final output and appends any epilogue fusions if the buffer hasn't been optimized away. Args: indices (Union[List, Tuple]): The index for each dimension of the output. The dot product of these indices and output strides must match `val`. val (str): The value to store. mask (Optional[str]): An optional mask to use for the store operation. If provided, this mask will be applied to the store. indent_width (int): The number of spaces to use for indentation. This is used when the call to store_output is indented in the kernel definition."
tensorflow.python.ops.distributions.bijector_impl.graph_parents,,torch.fx.graph_module.code,Return the Python code generated from the ``Graph`` underlying this ``GraphModule``.
tensorflow.python.ops.ragged.ragged_factory_ops.placeholder,,torch._custom_op.impl.impl_backward,"Registers a backward formula. WARNING: if you're a user, please do not use this directly (instead use the torch._custom_ops APIs). Also please see the following for a detailed guide on custom ops. https://docs.google.com/document/d/1aGWtgxV3HppuxQAdddyPrs74_aEntpkYt9MalnCKnhk In order for the CustomOp to work with autograd, you need to register a backward formula. There are two pieces to this: 1. You must give us a function to specify what to save for backward. Call this the ""save for backward"" function. 2. You must give us a function that computes gradients. Call this the ""backward"" function. Use `impl_save_for_backward` to define a ""save for backward"" function that specifies what gets saved for backward. The function should accept two arguments ``(inputs, output)`` and return the quantities to be saved for backward. During runtime, when you call the CustomOp, PyTorch will invoke the ""save for backward"" function with the inputs and output of the CustomOp. Use `impl_backward` to define the ""backward"" function. The backward function must accept ``(ctx, saved, *grads)``: - ``ctx`` is a context object where we may provide information - ``saved`` is exactly what gets returned from the ""save for backward"" function - ``grads`` is one or more gradients. The number of gradients matches the number of outputs of the CustomOp. The backward function must return a dict that maps the name of an input to the CustomOp to its corresponding gradient. All inputs that were declared to be Tensors in the CustomOp definition must be accounted for in the dict. The gradient may be a Tensor or None."
tensorflow.python.eager.polymorphic_function.concrete_function.record,,torch.distributed.pipelining.schedules.step,"Run one iteration of the pipeline schedule with *whole-batch* input. Will chunk the input into microbatches automatically, and go through the microbatches according to the schedule implementation. args: positional arguments to the model (as in non-pipeline case). kwargs: keyword arguments to the model (as in non-pipeline case). target: target for the loss function. losses: a list to store the losses for each microbatch."
tensorflow.python.saved_model.load.load_partial,,torch.onnx.verification.find_mismatch,"Find all mismatches between the original model and the exported model. Experimental. The API is subject to change. This tool helps debug the mismatch between the original PyTorch model and exported ONNX model. It binary searches the model graph to find the minimal subgraph that exhibits the mismatch. Args: model: The model to be exported. input_args: The input arguments to the model. do_constant_folding: Same as `do_constant_folding` in :func:`torch.onnx.export`. training: Same as `training` in :func:`torch.onnx.export`. opset_version: Same as `opset_version` in :func:`torch.onnx.export`. keep_initializers_as_inputs: Same as `keep_initializers_as_inputs` in :func:`torch.onnx.export`. verbose: Same as `verbose` in :func:`torch.onnx.export`. options: The options for the mismatch verification. Returns: A GraphInfo object that contains the mismatch information. Example:: >>> import torch >>> import torch.onnx.verification >>> torch.manual_seed(0) >>> opset_version = 15 >>> # Define a custom symbolic function for aten::relu. >>> # The custom symbolic function is incorrect, which will result in mismatches. >>> def incorrect_relu_symbolic_function(g, self): ... return self >>> torch.onnx.register_custom_op_symbolic( ... ""aten::relu"", ... incorrect_relu_symbolic_function, ... opset_version=opset_version, ... ) >>> class Model(torch.nn.Module): ... def __init__(self): ... super().__init__() ... self.layers = torch.nn.Sequential( ... torch.nn.Linear(3, 4), ... torch.nn.ReLU(), ... torch.nn.Linear(4, 5), ... torch.nn.ReLU(), ... torch.nn.Linear(5, 6), ... ) ... def forward(self, x): ... return self.layers(x) >>> # xdoctest: +REQUIRES(env:TORCH_DOCTEST_ONNX) >>> graph_info = torch.onnx.verification.find_mismatch( ... Model(), ... (torch.randn(2, 3),), ... opset_version=opset_version, ... ) ===================== Mismatch info for graph partition : ====================== ================================ Mismatch error ================================ Tensor-likes are not close! M"
tensorflow.python.autograph.pyct.testing.codegen.generate_statement,,torch._dynamo.codegen.create_load_python_module,Generate a LOAD_GLOBAL instruction to fetch a given python module.
tensorflow.python.keras.backend_config.image_data_format,,torch.distributed.run.run_script_path,"Run the provided `training_script` from within this interpreter. Usage: `script_as_function(""/abs/path/to/script.py"", ""--arg1"", ""val1"")`"
tensorflow.python.distribute.failure_handling.failure_handling_util.on_gcp,,torch.distributed.distributed_c10d.is_mpi_available,Check if the MPI backend is available.
tensorflow.python.kernel_tests.array_ops.gather_op_test.testBatchDimsMatchesPythonBatching,,torch.profiler.profiler.cleanup,Calls unregister_callback() to make sure to finalize outputs.
tensorflow.python.ops.ragged.dynamic_ragged_shape.from_row_partitions,,torch.autograd.profiler_util.key_averages,"Averages all function events over their keys. Args: group_by_input_shapes: group entries by (event name, input shapes) rather than just event name. This is useful to see which input shapes contribute to the runtime the most and may help with size-specific optimizations or choosing the best candidates for quantization (aka fitting a roof line) group_by_stack_n: group by top n stack trace entries Returns: An EventList containing FunctionEventAvg objects."
tensorflow.python.distribute.multi_process_lib.is_oss,,torch.onnx._internal.registration.is_registered_op,Returns whether the given op is registered for the given opset version.
tensorflow.python.eager.monitoring.set,,torch.nn.modules.container.append,Append a given value at the end of the list. Args: value (Any): value to append
tensorflow.python.saved_model.builder_impl.add_meta_graph_and_variables,,torch.nn.parallel.distributed.register_comm_hook,"Register communication hook for user-defined DDP aggregation of gradients across multiple workers. This hook would be very useful for researchers to try out new ideas. For example, this hook can be used to implement several algorithms like GossipGrad and gradient compression which involve different communication strategies for parameter syncs while running Distributed DataParallel training. Args: state (object): Passed to the hook to maintain any state information during the training process. Examples include error feedback in gradient compression, peers to communicate with next in GossipGrad, etc. It is locally stored by each worker and shared by all the gradient tensors on the worker. hook (Callable): Callable with the following signature: ``hook(state: object, bucket: dist.GradBucket) -> torch.futures.Future[torch.Tensor]``: This function is called once the bucket is ready. The hook can perform whatever processing is needed and return a Future indicating completion of any async work (ex: allreduce). If the hook doesn't perform any communication, it still must return a completed Future. The Future should hold the new value of grad bucket's tensors. Once a bucket is ready, c10d reducer would call this hook and use the tensors returned by the Future and copy grads to individual parameters. Note that the future's return type must be a single tensor. We also provide an API called ``get_future`` to retrieve a Future associated with the completion of ``c10d.ProcessGroup.Work``. ``get_future`` is currently supported for NCCL and also supported for most operations on GLOO and MPI, except for peer to peer operations (send/recv). .. warning :: Grad bucket's tensors will not be predivided by world_size. User is responsible to divide by the world_size in case of operations like allreduce. .. warning :: DDP communication hook can only be registered once and should be registered before calling backward. .. warning :: The Future object that hook returns should contain a single t"
tensorflow.python.ops.init_ops_v2.from_config,,torch.onnx._internal.fx.registration.from_builtin_function,"From a builtin function, e.g. operator.add, math.ceil, etc, get the OpName. FX graph uses built-in functions to caculate sympy expression. This function is used to get the OpName from a builtin function. Args: builtin_function (types.BuiltinFunctionType): operator.add, math.ceil, etc. Returns: OpName: _description_"
tensorflow.python.ops.signal.spectral_ops.inverse_stft_window_fn_inner,,torch.autograd.gradcheck.get_numerical_jacobian,"Compute the numerical Jacobian for a given fn and its inputs. This is a Deprecated API. Args: fn: the function to compute the Jacobian for (must take inputs as a tuple) input: input to `fn` target: the Tensors wrt whom Jacobians are calculated (default=`input`) eps: the magnitude of the perturbation during finite differencing (default=`1e-3`) Returns: A list of Jacobians of `fn` (restricted to its first output) with respect to each input or target, if provided. Note that `target` may not even be part of `input` to `fn`, so please be **very careful** in this to not clone `target`."
tensorflow.python.checkpoint.async_checkpoint_helper.read,,torch.distributed.checkpoint.storage.storage_meta,Return the storage-specific metadata. This is used to store additional information in a checkpoint that can be useful for providing request-level observability. StorageMeta is passed to the ``SavePlanner`` during save calls. Returns None by default. TODO: provide an example
tensorflow.python.compiler.tensorrt.utils.get_trtengineop_io_nodes_count,,torch._export.utils.nodes_count,Returns the number of nodes that match the node_call_back.
tensorflow.python.eager.polymorphic_function.atomic_function.attributes,,torch.onnx._internal.diagnostics.infra.context.sarif,Returns the SARIF Run object.
tensorflow.python.ops.lookup_ops.index_to_string_table_from_tensor,,torch.utils.data._utils.collate.collate,"General collate function that handles collection type of element within each batch. The function also opens function registry to deal with specific element types. `default_collate_fn_map` provides default collate functions for tensors, numpy arrays, numbers and strings. Args: batch: a single batch to be collated collate_fn_map: Optional dictionary mapping from element type to the corresponding collate function. If the element type isn't present in this dictionary, this function will go through each key of the dictionary in the insertion order to invoke the corresponding collate function if the element type is a subclass of the key. Examples: >>> def collate_tensor_fn(batch, *, collate_fn_map): ... # Extend this function to handle batch of tensors ... return torch.stack(batch, 0) >>> def custom_collate(batch): ... collate_map = {torch.Tensor: collate_tensor_fn} ... return collate(batch, collate_fn_map=collate_map) >>> # Extend `default_collate` by in-place modifying `default_collate_fn_map` >>> default_collate_fn_map.update({torch.Tensor: collate_tensor_fn}) Note: Each collate function requires a positional argument for batch and a keyword argument for the dictionary of collate functions as `collate_fn_map`."
tensorflow.python.debug.lib.debug_data.find,,torch.distributed._tensor.api.redistribute,"`redistribute` performs necessary collective operations that redistribute the current DTensor from its current placements to a new placements, or from is current DeviceMesh to a new DeviceMesh. i.e. we can turn a Sharded DTensor to a Replicated DTensor by specifying a Replicate placement for each dimension of the DeviceMesh. Args: device_mesh (:class:`DeviceMesh`, optional): DeviceMesh to place the DTensor, if not specified, must be called under a DeviceMesh context manager, default: None placements (List[:class:`Placement`], optional): the new placements that describes how to place the DTensor into the DeviceMesh, must have the same number of elements as `device_mesh.ndim`. Keyword args: async_op (bool, optional): whether to perform the DTensor redistribute operation asynchronously or not. Default: False Returns: A :class:`DTensor` object .. note:: `redistribute` is differentiable."
tensorflow.python.ops.numerics.add_check_numerics_ops,,torch.distributed.distributed_c10d.register_backend,"Register a new backend with the given name and instantiating function. This class method is used by 3rd party ``ProcessGroup`` extension to register new backends. Args: name (str): Backend name of the ``ProcessGroup`` extension. It should match the one in ``init_process_group()``. func (function): Function handler that instantiates the backend. The function should be implemented in the backend extension and takes four arguments, including ``store``, ``rank``, ``world_size``, and ``timeout``. extended_api (bool, optional): Whether the backend supports extended argument structure. Default: ``False``. If set to ``True``, the backend will get an instance of ``c10d::DistributedBackendOptions``, and a process group options object as defined by the backend implementation. device (str or list of str, optional): device type this backend supports, e.g. ""cpu"", ""cuda"", etc. If `None`, assuming both ""cpu"" and ""cuda"" .. note:: This support of 3rd party backend is experimental and subject to change."
tensorflow.python.tools.optimize_for_inference_lib.fuse_resize_and_conv,,torch.distributed._spmd.partial_lower.partial_lower,"Lower Inductor compatible portions of the graph module to Inductor. Args: node_predicate: user predicate for determining whether to consider a node for lowering. subgraph_predicate: user predicate for determining whether to consider a list of candidate nodes for lowering. dumper: a callback for dumping subgraphs for human digestion. For exmaple, it can be a function that writes to disk/blob storage and returns the path/handle. The returned path/handle for each subgraph will be made available in the subgraph call node in the parent graph, as well as the label of the profiler block for the subgraph."
tensorflow.python.keras.utils.conv_utils.conv_kernel_mask,,torch.ao.nn.quantized.functional.upsample,"Upsamples the input to either the given :attr:`size` or the given :attr:`scale_factor` .. warning:: This function is deprecated in favor of :func:`torch.ao.nn.quantized.functional.interpolate`. This is equivalent with ``nn.quantized.functional.interpolate(...)``. See :func:`torch.nn.functional.interpolate` for implementation details. The input dimensions are interpreted in the form: `mini-batch x channels x [optional depth] x [optional height] x width`. .. note:: The input quantization parameters propagate to the output. .. note:: Only 2D input is supported for quantized inputs .. note:: Only the following modes are supported for the quantized inputs: - `bilinear` - `nearest` Args: input (Tensor): quantized input tensor size (int or Tuple[int] or Tuple[int, int] or Tuple[int, int, int]): output spatial size. scale_factor (float or Tuple[float]): multiplier for spatial size. Has to be an integer. mode (str): algorithm used for upsampling: ``'nearest'`` | ``'bilinear'`` align_corners (bool, optional): Geometrically, we consider the pixels of the input and output as squares rather than points. If set to ``True``, the input and output tensors are aligned by the center points of their corner pixels, preserving the values at the corner pixels. If set to ``False``, the input and output tensors are aligned by the corner points of their corner pixels, and the interpolation uses edge value padding for out-of-boundary values, making this operation *independent* of input size when :attr:`scale_factor` is kept the same. This only has an effect when :attr:`mode` is ``'bilinear'``. Default: ``False`` .. warning:: With ``align_corners = True``, the linearly interpolating modes (`bilinear`) don't proportionally align the output and input pixels, and thus the output values can depend on the input size. This was the default behavior for these modes up to version 0.3.1. Since then, the default behavior is ``align_corners = False``. See :class:`~torch.nn.Upsample` for concrete examples"
tensorflow.python.keras.backend.ones_like,,torch.nn.modules.module.named_parameters,"Return an iterator over module parameters, yielding both the name of the parameter as well as the parameter itself. Args: prefix (str): prefix to prepend to all parameter names. recurse (bool): if True, then yields parameters of this module and all submodules. Otherwise, yields only parameters that are direct members of this module. remove_duplicate (bool, optional): whether to remove the duplicated parameters in the result. Defaults to True. Yields: (str, Parameter): Tuple containing the name and parameter Example:: >>> # xdoctest: +SKIP(""undefined vars"") >>> for name, param in self.named_parameters(): >>> if name in ['bias']: >>> print(param.size())"
tensorflow.python.data.experimental.ops.map_defun.map_defun,,torch.distributions.utils.broadcast_all,"Given a list of values (possibly containing numbers), returns a list where each value is broadcasted based on the following rules: - `torch.*Tensor` instances are broadcasted as per :ref:`_broadcasting-semantics`. - numbers.Number instances (scalars) are upcast to tensors having the same size and type as the first tensor passed to `values`. If all the values are scalars, then they are upcasted to scalar Tensors. Args: values (list of `numbers.Number`, `torch.*Tensor` or objects implementing __torch_function__) Raises: ValueError: if any of the values is not a `numbers.Number` instance, a `torch.*Tensor` instance, or an instance implementing __torch_function__"
tensorflow.python.ops.collective_ops.broadcast_send_v2,,torch.distributed.distributed_c10d.recv,"Receives a tensor synchronously. .. warning:: ``tag`` is not supported with the NCCL backend. Args: tensor (Tensor): Tensor to fill with received data. src (int, optional): Source rank on global process group (regardless of ``group`` argument). Will receive from any process if unspecified. group (ProcessGroup, optional): The process group to work on. If None, the default process group will be used. tag (int, optional): Tag to match recv with remote send Returns: Sender rank -1, if not part of the group"
tensorflow.python.framework.composite_tensor_gradient.get_flat_tensors_for_gradients,,torch.autograd.graph.get_gradient_edge,"Get the gradient edge for computing the gradient of the given Tensor. In particular, it is equivalent to call ``g = autograd.grad(loss, input)`` and ``g = autograd.grad(loss, get_gradient_edge(input))``."
tensorflow.python.ops.template.func,,torch.onnx._internal.fx.passes.modularization.module_class,Returns the module class of the top module.
tensorflow.python.ops.array_ops.parallel_stack,,torch._functorch.eager_transforms.linearize,"Returns the value of ``func`` at ``primals`` and linear approximation at ``primals``. Args: func (Callable): A Python function that takes one or more arguments. primals (Tensors): Positional arguments to ``func`` that must all be Tensors. These are the values at which the function is linearly approximated. Returns: Returns a ``(output, jvp_fn)`` tuple containing the output of ``func`` applied to ``primals`` and a function that computes the jvp of ``func`` evaluated at ``primals``. linearize is useful if jvp is to be computed multiple times at ``primals``. However, to achieve this, linearize saves intermediate computation and has higher memory requirements than directly applying `jvp`. So, if all the ``tangents`` are known, it maybe more efficient to compute vmap(jvp) instead of using linearize. .. note:: linearize evaluates ``func`` twice. Please file an issue for an implementation with a single evaluation. Example:: >>> import torch >>> from torch.func import linearize >>> def fn(x): ... return x.sin() ... >>> output, jvp_fn = linearize(fn, torch.zeros(3, 3)) >>> jvp_fn(torch.ones(3, 3)) tensor([[1., 1., 1.], [1., 1., 1.], [1., 1., 1.]]) >>>"
tensorflow.python.ops.tensor_array_ops.size,,torch.distributed.distributed_c10d.get_pg_count,Return the number of process groups.
tensorflow.python.keras.backend.deprecated_internal_learning_phase_scope,,torch.onnx._internal.diagnostics.infra.context.log_and_raise_if_error,"Logs a diagnostic and raises an exception if it is an error. Use this method for logging non inflight diagnostics where diagnostic level is not known or lower than ERROR. If it is always expected raise, use `log` and explicit `raise` instead. Otherwise there is no way to convey the message that it always raises to Python intellisense and type checking tools. This method should be used only after all the necessary information for the diagnostic has been collected. Args: diagnostic: The diagnostic to add."
tensorflow.python.autograph.pyct.parser.parse,,torch.ao.pruning._experimental.data_scheduler.base_data_scheduler.load_state_dict,Loads the schedulers state. Note: Remember to restore the state of the data_sparsifier before the scheduler. Args: state_dict (dict): scheduler state. Should be an object returned from a call to :meth:`state_dict`.
tensorflow.python.checkpoint.checkpoint_management.latest_checkpoint,,torch.distributed.optim.post_localSGD_optimizer.load_state_dict,"This is the same as :class:`torch.optim.Optimizer` :meth:`load_state_dict`, but also restores model averager's step value to the one saved in the provided ``state_dict``. If there is no ``""step""`` entry in ``state_dict``, it will raise a warning and initialize the model averager's step to 0."
tensorflow.python.ops.distributions.util.assert_integer_form,,torch.fx.node.update_arg,"Update an existing positional argument to contain the new value ``arg``. After calling, ``self.args[idx] == arg``. Args: idx (int): The index into ``self.args`` of the element to update arg (Argument): The new argument value to write into ``args``"
tensorflow.python.tpu.tensor_tracer_report.create_report_proto,,torch.onnx.symbolic_opset9.cat,Implement concatenation of pytorch tensors in ONNX along the specified `dim` dimension. Parameters: g (jit_utils.GraphContext): Graph context. tensor_list (List[torch.Tensor]): List of tensors to concatenate. dim (int): Dimension along which to concatenate the tensors. Returns: ONNX graph node representing the concatenated tensor.
tensorflow.python.eager.context.remove_function,,torch.nn.modules.container.clear,Remove all items from the ParameterDict.
tensorflow.python.util.nest.pack_sequence_as,,torch.fx.experimental.unification.unification_tools.update_in,"Update value in a (potentially) nested dictionary inputs: d - dictionary on which to operate keys - list or tuple giving the location of the value to be changed in d func - function to operate on that value If keys == [k0,..,kX] and d[k0]..[kX] == v, update_in returns a copy of the original dictionary with v replaced by func(v), but does not mutate the original dictionary. If k0 is not a key in d, update_in creates nested dictionaries to the depth specified by the keys, with the innermost value set to func(default). >>> inc = lambda x: x + 1 >>> update_in({'a': 0}, ['a'], inc) {'a': 1} >>> transaction = {'name': 'Alice', ... 'purchase': {'items': ['Apple', 'Orange'], ... 'costs': [0.50, 1.25]}, ... 'credit card': '5555-1234-1234-1234'} >>> update_in(transaction, ['purchase', 'costs'], sum) # doctest: +SKIP {'credit card': '5555-1234-1234-1234', 'name': 'Alice', 'purchase': {'costs': 1.75, 'items': ['Apple', 'Orange']}} >>> # updating a value when k0 is not in d >>> update_in({}, [1, 2, 3], str, default=""bar"") {1: {2: {3: 'bar'}}} >>> update_in({1: 'foo'}, [2, 3, 4], inc, 0) {1: 'foo', 2: {3: {4: 1}}}"
tensorflow.python.client.session.list_devices,,torch.random.fork_rng,"Forks the RNG, so that when you return, the RNG is reset to the state that it was previously in. Args: devices (iterable of Device IDs): devices for which to fork the RNG. CPU RNG state is always forked. By default, :meth:`fork_rng` operates on all devices, but will emit a warning if your machine has a lot of devices, since this function will run very slowly in that case. If you explicitly specify devices, this warning will be suppressed enabled (bool): if ``False``, the RNG is not forked. This is a convenience argument for easily disabling the context manager without having to delete it and unindent your Python code under it. device_type (str): device type str, default is `cuda`. As for custom device, see details in [Note: support the custom device with privateuse1]"
tensorflow.python.debug.lib.debug_events_reader.read_graph_op_creation_stack_trace,,torch.distributed._spmd.graph_optimization.get_comm_block,"Find out all the nodes belong to this communcation given a collective node (e.g., allreduce). Args: comm_node(fx.Node): The target communication/collective node. Returns: The CommBlock that encapsulates the related nodes (e.g., wait_node) of the given comm_node."
tensorflow.python.framework.config.get_memory_info,,torch.utils.backend_registration.rename_privateuse1_backend,"Rename the privateuse1 backend device to make it more convenient to use as a device name within PyTorch APIs. The steps are: (1) (In C++) implement kernels for various torch operations, and register them to the PrivateUse1 dispatch key. (2) (In python) call torch.utils.rename_privateuse1_backend(""foo"") You can now use ""foo"" as an ordinary device string in python. Note: this API can only be called once per process. Attempting to change the external backend after it's already been set will result in an error. Note(AMP): If you want to support AMP on your device, you can register a custom backend module. The backend must register a custom backend module with ``torch._register_device_module(""foo"", BackendModule)``. BackendModule needs to have the following API's: (1) ``get_amp_supported_dtype() -> List[torch.dtype]`` get the supported dtypes on your ""foo"" device in AMP, maybe the ""foo"" device supports one more dtype. Note(random): If you want to support to set seed for your device, BackendModule needs to have the following API's: (1) ``_is_in_bad_fork() -> bool`` Return ``True`` if now it is in bad_fork, else return ``False``. (2) ``manual_seed_all(seed int) -> None`` Sets the seed for generating random numbers for your devices. (3) ``device_count() -> int`` Returns the number of ""foo""s available. (4) ``get_rng_state(device: Union[int, str, torch.device] = 'foo') -> Tensor`` Returns a list of ByteTensor representing the random number states of all devices. (5) ``set_rng_state(new_state: Tensor, device: Union[int, str, torch.device] = 'foo') -> None`` Sets the random number generator state of the specified ""foo"" device. And there are some common funcs: (1) ``is_available() -> bool`` Returns a bool indicating if ""foo"" is currently available. (2) ``current_device() -> int`` Returns the index of a currently selected device. For more details, see https://pytorch.org/tutorials/advanced/extend_dispatcher.html#get-a-dispatch-key-for-your-backend For an existing example, see htt"
tensorflow.python.debug.lib.debug_events_reader.read_execution_stack_trace,,torch.distributed.elastic.rendezvous.utils.parse_rendezvous_endpoint,Extract the hostname and the port number from a rendezvous endpoint. Args: endpoint: A string in format <hostname>[:<port>]. default_port: The port number to use if the endpoint does not include one. Returns: A tuple of hostname and port number.
tensorflow.python.debug.cli.debugger_cli_common.get_help,,torch.distributed.elastic.utils.logging.get_logger,"Util function to set up a simple logger that writes into stderr. The loglevel is fetched from the LOGLEVEL env. variable or WARNING as default. The function will use the module name of the caller if no name is provided. Args: name: Name of the logger. If no name provided, the name will be derived from the call stack."
tensorflow.python.ops.distributions.distribution.param_shapes,,torch.nn.modules.module.register_parameter,"Add a parameter to the module. The parameter can be accessed as an attribute using given name. Args: name (str): name of the parameter. The parameter can be accessed from this module using the given name param (Parameter or None): parameter to be added to the module. If ``None``, then operations that run on parameters, such as :attr:`cuda`, are ignored. If ``None``, the parameter is **not** included in the module's :attr:`state_dict`."
tensorflow.python.ops.array_ops.ones_like,,torch.nn.utils.prune.identity,"Apply pruning reparametrization without pruning any units. Applies pruning reparametrization to the tensor corresponding to the parameter called ``name`` in ``module`` without actually pruning any units. Modifies module in place (and also return the modified module) by: 1) adding a named buffer called ``name+'_mask'`` corresponding to the binary mask applied to the parameter ``name`` by the pruning method. 2) replacing the parameter ``name`` by its pruned version, while the original (unpruned) parameter is stored in a new parameter named ``name+'_orig'``. Note: The mask is a tensor of ones. Args: module (nn.Module): module containing the tensor to prune. name (str): parameter name within ``module`` on which pruning will act. Returns: module (nn.Module): modified (i.e. pruned) version of the input module Examples: >>> # xdoctest: +SKIP >>> m = prune.identity(nn.Linear(2, 3), 'bias') >>> print(m.bias_mask) tensor([1., 1., 1.])"
tensorflow.python.util.tf_export.get_v1_names,,torch.testing._internal.opinfo.definitions.signal.sample_inputs_window,"Base function used to create sample inputs for windows. For additional required args you should use *args, as well as **kwargs for additional keyword arguments."
tensorflow.python.distribute.cluster_resolver.tpu.tpu_cluster_resolver.master,,torch.distributed._shard.api.shard_module,"Shards a given module according to the provided sharding `plan`. This method first shards all the parameters according to the given sharding `plan`. Then if `output_plan` and `return_local_tensor` are specified in the sharding `plan`, it will tag the output of modules according `output_plan`, convert the module's output back to data parallel according to `return_local_tensor`. Needs to be called on all ranks in an SPMD fashion. Args: module (:class:`torch.nn.Module`): The module to apply sharding to plan (:class:`torch.distributed._shard.sharding_plan.ShardingPlan`): The ShardingPlan which specified param name to ShardingSpec to apply to each parameter. Keyword args: src_rank (int, optional): The source rank which is used as the ground truth of the data for the module that would be sharded and scattered across the rest of the ranks. Default: 0. process_group (ProcessGroup, optional): The process group to work on. If None, the default process group will be used."
tensorflow.python.ops.distributions.distribution.log_cdf,,torch.nn.functional.dropout3d,"Randomly zero out entire channels (a channel is a 3D feature map). For example, the :math:`j`-th channel of the :math:`i`-th sample in the batched input is a 3D tensor :math:`\text{input}[i, j]` of the input tensor. Each channel will be zeroed out independently on every forward call with probability :attr:`p` using samples from a Bernoulli distribution. See :class:`~torch.nn.Dropout3d` for details. Args: p: probability of a channel to be zeroed. Default: 0.5 training: apply dropout if is ``True``. Default: ``True`` inplace: If set to ``True``, will do this operation in-place. Default: ``False``"
tensorflow.python.autograph.operators.slices.set_item,,torch.onnx._internal.registration.register,Registers a symbolic function. Args: name: The qualified name of the function to register. In the form of 'domain::op'. E.g. 'aten::add'. opset: The opset version of the function to register. func: The symbolic function to register. custom: Whether the function is a custom function that overrides existing ones. Raises: ValueError: If the separator '::' is not in the name.
tensorflow.python.distribute.cross_device_ops_test.make_collective,,torch.distributed.distributed_c10d.get_rank,"Return the rank of the current process in the provided ``group``, default otherwise. Rank is a unique identifier assigned to each process within a distributed process group. They are always consecutive integers ranging from 0 to ``world_size``. Args: group (ProcessGroup, optional): The process group to work on. If None, the default process group will be used. Returns: The rank of the process group -1, if not part of the group"
tensorflow.python.ops.linalg.linear_operator_util.is_ref,,torch.nn.modules.container.update,"Update the :class:`~torch.nn.ModuleDict` with key-value pairs from a mapping, overwriting existing keys. .. note:: If :attr:`modules` is an ``OrderedDict``, a :class:`~torch.nn.ModuleDict`, or an iterable of key-value pairs, the order of new elements in it is preserved. Args: modules (iterable): a mapping (dictionary) from string to :class:`~torch.nn.Module`, or an iterable of key-value pairs of type (string, :class:`~torch.nn.Module`)"
tensorflow.python.distribute.cluster_resolver.cluster_resolver.num_accelerators,,torch.random.set_rng_state,"Sets the random number generator state. .. note:: This function only works for CPU. For CUDA, please use :func:`torch.manual_seed`, which works for both CPU and CUDA. Args: new_state (torch.ByteTensor): The desired state"
tensorflow.python.framework.ops.as_graph_def,,torch.cuda.graphs.capture_begin,"Begin capturing CUDA work on the current stream. Typically, you shouldn't call ``capture_begin`` yourself. Use :class:`~torch.cuda.graph` or :func:`~torch.cuda.make_graphed_callables`, which call ``capture_begin`` internally. Arguments: pool (optional): Token (returned by :func:`~torch.cuda.graph_pool_handle` or :meth:`other_Graph_instance.pool()<torch.cuda.CUDAGraph.pool>`) that hints this graph may share memory with the indicated pool. See :ref:`Graph memory management<graph-memory-management>`. capture_error_mode (str, optional): specifies the cudaStreamCaptureMode for the graph capture stream. Can be ""global"", ""thread_local"" or ""relaxed"". During cuda graph capture, some actions, such as cudaMalloc, may be unsafe. ""global"" will error on actions in other threads, ""thread_local"" will only error for actions in the current thread, and ""relaxed"" will not error on these actions. Do NOT change this setting unless you're familiar with `cudaStreamCaptureMode <https://docs.nvidia.com/cuda/cuda-runtime-api/group__CUDART__STREAM.html#group__CUDART__STREAM_1g9d0535d93a214cbf126835257b16ba85>`_"
tensorflow.python.keras.callbacks.on_test_begin,,torch.cuda.streams.wait_stream,Synchronize with another stream. All future work submitted to this stream will wait until all kernels submitted to a given stream at the time of call complete. Args: stream (Stream): a stream to synchronize. .. note:: This function returns without waiting for currently enqueued kernels in :attr:`stream`: only future operations are affected.
tensorflow.python.tools.saved_model_utils.read_saved_model,,torch.distributed.fsdp.fully_sharded_data_parallel.named_buffers,"Return an iterator over module buffers, yielding both the name of the buffer and the buffer itself. Intercepts buffer names and removes all occurrences of the FSDP-specific flattened buffer prefix when inside the :meth:`summon_full_params` context manager."
tensorflow.python.ops.metrics_impl.auc,,torch.autograd.gradcheck.gradcheck,"Check gradients computed via small finite differences against analytical gradients wrt tensors in :attr:`inputs` that are of floating point or complex type and with ``requires_grad=True``. The check between numerical and analytical gradients uses :func:`~torch.allclose`. For most of the complex functions we consider for optimization purposes, no notion of Jacobian exists. Instead, gradcheck verifies if the numerical and analytical values of the Wirtinger and Conjugate Wirtinger derivatives are consistent. Because the gradient computation is done under the assumption that the overall function has a real-valued output, we treat functions with complex output in a special way. For these functions, gradcheck is applied to two real-valued functions corresponding to taking the real components of the complex outputs for the first, and taking the imaginary components of the complex outputs for the second. For more details, check out :ref:`complex_autograd-doc`. .. note:: The default values are designed for :attr:`input` of double precision. This check will likely fail if :attr:`input` is of less precision, e.g., ``FloatTensor``. .. note:: Gradcheck may fail when evaluated on non-differentiable points because the numerically computed gradients via finite differencing may differ those computed analytically (not necessarily because either is incorrect). For more context, see :ref:`non-differentiable-func-grad`. .. warning:: If any checked tensor in :attr:`input` has overlapping memory, i.e., different indices pointing to the same memory address (e.g., from :func:`torch.expand`), this check will likely fail because the numerical gradients computed by point perturbation at such indices will change values at all other indices that share the same memory address. Args: func (function): a Python function that takes Tensor inputs and returns a Tensor or a tuple of Tensors inputs (tuple of Tensor or Tensor): inputs to the function eps (float, optional): perturbation for finite differen"
tensorflow.python.ops.composite_tensor_ops.composite_tensor_from_variant,,torch.nn.utils.rnn.to,"Perform dtype and/or device conversion on `self.data`. It has similar signature as :meth:`torch.Tensor.to`, except optional arguments like `non_blocking` and `copy` should be passed as kwargs, not args, or they will not apply to the index tensors. .. note:: If the ``self.data`` Tensor already has the correct :class:`torch.dtype` and :class:`torch.device`, then ``self`` is returned. Otherwise, returns a copy with the desired configuration."
tensorflow.python.framework.op_callbacks.should_invoke_op_callbacks,,torch.xpu.streams.query,Check if all the work submitted has been completed. Returns: A boolean indicating if all kernels in this stream are completed.
tensorflow.python.ops.math_ops.exp,,torch.functional.cdist,"Computes batched the p-norm distance between each pair of the two collections of row vectors. Args: x1 (Tensor): input tensor of shape :math:`B \times P \times M`. x2 (Tensor): input tensor of shape :math:`B \times R \times M`. p: p value for the p-norm distance to calculate between each vector pair :math:`\in [0, \infty]`. compute_mode: 'use_mm_for_euclid_dist_if_necessary' - will use matrix multiplication approach to calculate euclidean distance (p = 2) if P > 25 or R > 25 'use_mm_for_euclid_dist' - will always use matrix multiplication approach to calculate euclidean distance (p = 2) 'donot_use_mm_for_euclid_dist' - will never use matrix multiplication approach to calculate euclidean distance (p = 2) Default: use_mm_for_euclid_dist_if_necessary. If x1 has shape :math:`B \times P \times M` and x2 has shape :math:`B \times R \times M` then the output will have shape :math:`B \times P \times R`. This function is equivalent to `scipy.spatial.distance.cdist(input,'minkowski', p=p)` if :math:`p \in (0, \infty)`. When :math:`p = 0` it is equivalent to `scipy.spatial.distance.cdist(input, 'hamming') * M`. When :math:`p = \infty`, the closest scipy function is `scipy.spatial.distance.cdist(xn, lambda x, y: np.abs(x - y).max())`. Example: >>> a = torch.tensor([[0.9041, 0.0196], [-0.3108, -2.4423], [-0.4821, 1.059]]) >>> a tensor([[ 0.9041, 0.0196], [-0.3108, -2.4423], [-0.4821, 1.0590]]) >>> b = torch.tensor([[-2.1763, -0.4713], [-0.6986, 1.3702]]) >>> b tensor([[-2.1763, -0.4713], [-0.6986, 1.3702]]) >>> torch.cdist(a, b, p=2) tensor([[3.1193, 2.0959], [2.7138, 3.8322], [2.2830, 0.3791]])"
tensorflow.python.ops.resource_variables_toggle.resource_variables_enabled,,torch.nn.modules.module.get_extra_state,Return any extra state to include in the module's state_dict. Implement this and a corresponding :func:`set_extra_state` for your module if you need to store extra state. This function is called when building the module's `state_dict()`. Note that extra state should be picklable to ensure working serialization of the state_dict. We only provide provide backwards compatibility guarantees for serializing Tensors; other objects may break backwards compatibility if their serialized pickled form changes. Returns: object: Any extra state to store in the module's state_dict
tensorflow.python.data.experimental.ops.pad_to_cardinality.pad_to_cardinality,,torch.autograd.graph.register_hook,"Register a backward hook. The hook will be called every time a gradient with respect to the Node is computed. The hook should have the following signature:: hook(grad_inputs: Tuple[Tensor], grad_outputs: Tuple[Tensor]) -> Tuple[Tensor] or None The hook should not modify its argument, but it can optionally return a new gradient which will be used in place of :attr:`grad_inputs`. This function returns a handle with a method ``handle.remove()`` that removes the hook from the module. .. note:: See :ref:`backward-hooks-execution` for more information on how when this hook is executed, and how its execution is ordered relative to other hooks. Example:: >>> import torch >>> a = torch.tensor([0., 0., 0.], requires_grad=True) >>> b = a.clone() >>> assert isinstance(b.grad_fn, torch.autograd.graph.Node) >>> handle = b.grad_fn.register_hook(lambda gI, gO: (gO[0] * 2,)) >>> b.sum().backward(retain_graph=True) >>> print(a.grad) tensor([2., 2., 2.]) >>> handle.remove() # Removes the hook >>> a.grad = None >>> b.sum().backward(retain_graph=True) >>> print(a.grad) tensor([1., 1., 1.])"
tensorflow.python.eager.polymorphic_function.function_type_utils.to_function_type,,torch.ao.quantization.quantize.get_default_custom_config_dict,Defines the default custom config dict.
tensorflow.python.keras.utils.data_utils.is_generator_or_sequence,,torch._inductor.codegen.cpp.index_indirect_depends_on,Check if an index has free symbol CppCSEVariable that depends on `itervar`.
tensorflow.python.keras.backend.get_session,,torch.fx.experimental.symbolic_shapes.compute_unbacked_bindings,"After having run fake tensor propagation and producing example_value result, traverse example_value looking for freshly bound unbacked symbols and record their paths for later. It is an error if we have allocated an unbacked SymInt but it cannot be found in example_value. (NB: this means if you have a multi-output function, you must call this on the tuple of tensor output, you cannot wait!) The peek parameter lets you check out what the bindings are without changing the affected list. This is primarily useful for ensuring unbacked_var_to_val is promptly populated when propagate_real_tensors is on."
tensorflow.python.util.deprecation.deprecated_endpoints,,torch.distributed.rpc.backend_registry.register_backend,Registers a new RPC backend. Args: backend_name (str): backend string to identify the handler. construct_rpc_backend_options_handler (function): Handler that is invoked when rpc_backend.construct_rpc_backend_options(**dict) is called. init_backend_handler (function): Handler that is invoked when the `_init_rpc_backend()` function is called with a backend. This returns the agent.
tensorflow.python.keras.regularizers.from_config,,torch._inductor.codegen.cuda.cuda_template.generate,Generates the CUDA template caller object for the given GEMM template and operation. This CUDATemplateCaller may be used to call and benchmark the generated CUDA kernel in a standalone manner to enable Autotuning. Args: kwargs: Additional keyword arguments. Returns: A CUDATemplateCaller object representing the generated CUDA template caller.
tensorflow.python.tpu.tpu_replication.outside_compilation,,torch.distributed.fsdp.fully_sharded_data_parallel.summon_full_params,"Expose full params for FSDP instances with this context manager. Can be useful *after* forward/backward for a model to get the params for additional processing or checking. It can take a non-FSDP module and will summon full params for all contained FSDP modules as well as their children, depending on the ``recurse`` argument. .. note:: This can be used on inner FSDPs. .. note:: This can *not* be used within a forward or backward pass. Nor can forward and backward be started from within this context. .. note:: Parameters will revert to their local shards after the context manager exits, storage behavior is the same as forward. .. note:: The full parameters can be modified, but only the portion corresponding to the local param shard will persist after the context manager exits (unless ``writeback=False``, in which case changes will be discarded). In the case where FSDP does not shard the parameters, currently only when ``world_size == 1``, or ``NO_SHARD`` config, the modification is persisted regardless of ``writeback``. .. note:: This method works on modules which are not FSDP themselves but may contain multiple independent FSDP units. In that case, the given arguments will apply to all contained FSDP units. .. warning:: Note that ``rank0_only=True`` in conjunction with ``writeback=True`` is not currently supported and will raise an error. This is because model parameter shapes would be different across ranks within the context, and writing to them can lead to inconsistency across ranks when the context is exited. .. warning:: Note that ``offload_to_cpu`` and ``rank0_only=False`` will result in full parameters being redundantly copied to CPU memory for GPUs that reside on the same machine, which may incur the risk of CPU OOM. It is recommended to use ``offload_to_cpu`` with ``rank0_only=True``. Args: recurse (bool, Optional): recursively summon all params for nested FSDP instances (default: True). writeback (bool, Optional): if ``False``, modifications to params are"
tensorflow.python.lib.io.tf_record_test.testReadGrowingFile_preservesReadOffset,,torch.xpu.random.seed,"Set the seed for generating random numbers to a random number for the current GPU. It's safe to call this function if XPU is not available; in that case, it is silently ignored. .. warning:: If you are working with a multi-GPU model, this function will only initialize the seed on one GPU. To initialize all GPUs, use :func:`seed_all`."
tensorflow.python.autograph.operators.variables.ldu,,torch._dynamo.bytecode_transformation.create_load_global,"`name` is the name of the global to be loaded. `push_null` specifies whether or not a NULL should be pushed to the stack before the global (Python 3.11+ only). Python 3.11 changed the LOAD_GLOBAL instruction in that the first bit of the instruction arg specifies whether a NULL should be pushed to the stack before the global. The remaining bits of the instruction arg contain the name index. See `create_call_function` for why this NULL is needed. The instruction's `arg` is actually computed when assembling the bytecode. For Python 3.11, push_null information is propagated through the arg. NOTE: we don't use create_instruction since LOAD_GLOBAL is the only instruction where both arg and argval need to be specified."
tensorflow.python.feature_column.feature_column_v2.add_resource,,torch.package.package_importer.load_binary,"Load raw bytes. Args: package (str): The name of module package (e.g. ``""my_package.my_subpackage""``). resource (str): The unique name for the resource. Returns: bytes: The loaded data."
tensorflow.python.ops.nn_impl_distribute.compute_average_loss,,torch.utils.benchmark.utils.timer.adaptive_autorange,"Similar to `blocked_autorange` but also checks for variablility in measurements and repeats until iqr/median is smaller than `threshold` or `max_run_time` is reached. At a high level, adaptive_autorange executes the following pseudo-code:: `setup` times = [] while times.sum < max_run_time start = timer() for _ in range(block_size): `stmt` times.append(timer() - start) enough_data = len(times)>3 and times.sum > min_run_time small_iqr=times.iqr/times.mean<threshold if enough_data and small_iqr: break Args: threshold: value of iqr/median threshold for stopping min_run_time: total runtime needed before checking `threshold` max_run_time: total runtime for all measurements regardless of `threshold` Returns: A `Measurement` object that contains measured runtimes and repetition counts, and can be used to compute statistics. (mean, median, etc.)"
tensorflow.python.keras.distribute.distributed_training_utils_v1.unwrap_outputs,,torch._functorch.partitioners.min_cut_rematerialization_partition,"Partitions the joint graph such that the backward recomputes the forward. Recomputing helps in trading off memory bandwidth with computation. To create the fwd and bwd graph, we copy the joint graph, manually set the outputs to just original forward or backward outputs. And then we run the resulting graphs through dead code elimination. .. warning:: This API is experimental and likely to change. Args: joint_module(fx.GraphModule): The joint forward and backward graph. This is the result of AOT Autograd tracing. _joint_inputs: The inputs to the joint graph. This is unused. compiler: This option determines the default set of recomputable ops. Currently, there are two options: ``nvfuser`` and ``inductor``. recomputable_ops: This is an optional set of recomputable ops. If this is not None, then this set of ops will be used instead of the default set of ops. num_fwd_outputs: The number of outputs from the forward graph. Returns: Returns the generated forward and backward Fx graph modules."
tensorflow.python.training.monitored_session.run_step_fn,,torch.distributed.checkpoint.state_dict_saver.async_save,"Asynchronous version of ``save``. This code first de-stages the state_dict on CPU, and then calls `save` in a separate thread. .. warning:: This feature is experimental and subject to change. Args: state_dict (Dict[str, Any]): The state_dict to save. checkpoint_id (Union[str, os.PathLike, None]): The ID of this checkpoint instance. The meaning of the checkpoint_id depends on the storage. It can be a path to a folder or to a file. It can also be a key if the storage is a key-value store. (Default: ``None``) storage_writer (Optional[StorageWriter]): Instance of StorageWriter used to perform writes. If this is not specified, DCP will automatically infer the writer based on the checkpoint_id. If checkpoint_id is also None, an exception will be raised. (Default: ``None``) planner (Optional[SavePlanner]): Instance of SavePlanner. If this is not specificed, the default planner will be used. (Default: ``None``) process_group (Optional[ProcessGroup]): ProcessGroup to be used for cross-rank synchronization. (Default: ``None``) Returns: Future: A future holding the resultant Metadata object from `save`. Example: >>> # xdoctest: +SKIP >>> my_model = MyModule() >>> state_dict = {""model"": my_model} >>> fs_storage_writer = torch.distributed.checkpoint.FileSystemWriter(""/checkpoint/1"") >>> checkpoint_future = torch.distributed.checkpoint.async_save( >>> state_dict=state_dict, >>> storage_writer=fs_storage_writer, >>> ) >>> >>> # ... do some work ... >>> >>> checkpoint_future.result()"
tensorflow.python.ops.ragged.ragged_to_tensor_op_test.rebuild_ragged_tensor_with_value_rowids,,torch.package.package_exporter.save_source_string,"Adds ``src`` as the source code for ``module_name`` in the exported package. Args: module_name (str): e.g. ``my_package.my_subpackage``, code will be saved to provide code for this package. src (str): The Python source code to save for this package. is_package (bool, optional): If ``True``, this module is treated as a package. Packages are allowed to have submodules (e.g. ``my_package.my_subpackage.my_subsubpackage``), and resources can be saved inside them. Defaults to ``False``. dependencies (bool, optional): If ``True``, we scan the source for dependencies."
tensorflow.python.keras.utils.tf_inspect.getfullargspec,,torch.package.package_exporter.register_mock_hook,"Registers a mock hook on the exporter. The hook will be called each time a module matches against a :meth:`mock` pattern. It should have the following signature:: hook(exporter: PackageExporter, module_name: str) -> None Hooks will be called in order of registration. Returns: :class:`torch.utils.hooks.RemovableHandle`: A handle that can be used to remove the added hook by calling ``handle.remove()``."
tensorflow.python.keras.backend.less,,torch.ao.ns.fx.utils.compute_normalized_l2_error,Computes the normalized L2 error between `x` and `y`. Args: x: Tensor or tuple of tensors y: Tensor or tuple of tensors Return: float or tuple of floats
tensorflow.python.tpu.tpu_embedding_v3.shape,,torch.export.exported_program.named_parameters,"Returns an iterator over original module parameters, yielding both the name of the parameter as well as the parameter itself."
tensorflow.python.keras.engine.base_layer.input_spec,,torch.nn.functional.softmax,"Apply a softmax function. Softmax is defined as: :math:`\text{Softmax}(x_{i}) = \frac{\exp(x_i)}{\sum_j \exp(x_j)}` It is applied to all slices along dim, and will re-scale them so that the elements lie in the range `[0, 1]` and sum to 1. See :class:`~torch.nn.Softmax` for more details. Args: input (Tensor): input dim (int): A dimension along which softmax will be computed. dtype (:class:`torch.dtype`, optional): the desired data type of returned tensor. If specified, the input tensor is casted to :attr:`dtype` before the operation is performed. This is useful for preventing data type overflows. Default: None. .. note:: This function doesn't work directly with NLLLoss, which expects the Log to be computed between the Softmax and itself. Use log_softmax instead (it's faster and has better numerical properties)."
tensorflow.python.saved_model.path_helpers.get_debug_dir,,torch.mps.event.record,Records the event in the default stream.
tensorflow.python.ops.stateful_random_ops.create_rng_state,,torch.utils.data.dataset.random_split,"Randomly split a dataset into non-overlapping new datasets of given lengths. If a list of fractions that sum up to 1 is given, the lengths will be computed automatically as floor(frac * len(dataset)) for each fraction provided. After computing the lengths, if there are any remainders, 1 count will be distributed in round-robin fashion to the lengths until there are no remainders left. Optionally fix the generator for reproducible results, e.g.: Example: >>> # xdoctest: +SKIP >>> generator1 = torch.Generator().manual_seed(42) >>> generator2 = torch.Generator().manual_seed(42) >>> random_split(range(10), [3, 7], generator=generator1) >>> random_split(range(30), [0.3, 0.3, 0.4], generator=generator2) Args: dataset (Dataset): Dataset to be split lengths (sequence): lengths or fractions of splits to be produced generator (Generator): Generator used for the random permutation."
tensorflow.python.keras.backend.normalize_batch_in_training,,torch.distributed._shard.sharded_tensor._ops.init.uniform_,"Fills the Tensor in tensor.local_shards with values drawn from the uniform distribution :math:`\mathcal{U}(a, b)`. Args: tensor: tensor sharded across devices a: the lower bound of the uniform distribution b: the upper bound of the uniform distribution"
tensorflow.python.util.type_annotations.is_forward_ref,,torch._dynamo.comptime.is_python_constant,Returns True if as_python_constant would succeed.
tensorflow.python.framework.func_graph.check_func_mutation,,torch.testing._internal.jit_utils.checkScript,Checks that a given script generates the same output as the Python version using the given inputs.
tensorflow.python.eager.context.enable_graph_collection,,torch.cuda.graphs.debug_dump,Arguments: debug_path (required): Path to dump the graph to. Calls a debugging function to dump the graph if the debugging is enabled via CUDAGraph.enable_debug_mode()
tensorflow.python.training.monitored_session.MonitoredTrainingSession,,torch.utils.cpp_extension.CUDAExtension,"Create a :class:`setuptools.Extension` for CUDA/C++. Convenience method that creates a :class:`setuptools.Extension` with the bare minimum (but often sufficient) arguments to build a CUDA/C++ extension. This includes the CUDA include path, library path and runtime library. All arguments are forwarded to the :class:`setuptools.Extension` constructor. Full list arguments can be found at https://setuptools.pypa.io/en/latest/userguide/ext_modules.html#extension-api-reference Example: >>> # xdoctest: +SKIP >>> # xdoctest: +REQUIRES(env:TORCH_DOCTEST_CPP_EXT) >>> from setuptools import setup >>> from torch.utils.cpp_extension import BuildExtension, CUDAExtension >>> setup( ... name='cuda_extension', ... ext_modules=[ ... CUDAExtension( ... name='cuda_extension', ... sources=['extension.cpp', 'extension_kernel.cu'], ... extra_compile_args={'cxx': ['-g'], ... 'nvcc': ['-O2']}, ... extra_link_flags=['-Wl,--no-as-needed', '-lcuda']) ... ], ... cmdclass={ ... 'build_ext': BuildExtension ... }) Compute capabilities: By default the extension will be compiled to run on all archs of the cards visible during the building process of the extension, plus PTX. If down the road a new card is installed the extension may need to be recompiled. If a visible card has a compute capability (CC) that's newer than the newest version for which your nvcc can build fully-compiled binaries, Pytorch will make nvcc fall back to building kernels with the newest version of PTX your nvcc does support (see below for details on PTX). You can override the default behavior using `TORCH_CUDA_ARCH_LIST` to explicitly specify which CCs you want the extension to support: ``TORCH_CUDA_ARCH_LIST=""6.1 8.6"" python build_my_extension.py`` ``TORCH_CUDA_ARCH_LIST=""5.2 6.0 6.1 7.0 7.5 8.0 8.6+PTX"" python build_my_extension.py`` The +PTX option causes extension kernel binaries to include PTX instructions for the specified CC. PTX is an intermediate representation that allows kernels to runtime-compile for any CC >= the"
tensorflow.python.keras.backend.zeros_like,,torch.nn.functional.upsample_nearest,"Upsamples the input, using nearest neighbours' pixel values. .. warning:: This function is deprecated in favor of :func:`torch.nn.functional.interpolate`. This is equivalent with ``nn.functional.interpolate(..., mode='nearest')``. Currently spatial and volumetric upsampling are supported (i.e. expected inputs are 4 or 5 dimensional). Args: input (Tensor): input size (int or Tuple[int, int] or Tuple[int, int, int]): output spatia size. scale_factor (int): multiplier for spatial size. Has to be an integer. Note: {backward_reproducibility_note}"
tensorflow.python.distribute.distribute_lib.non_slot_devices,,torch.distributed._tensor.random.is_rng_supported_mesh,Checks if the current device of `device_mesh` supports DTensor's random APIs. Currently DTensor Random APIs only supports cuda/cuda-like devices. We suggest users call this API to test the availability before using our random APIs. Args: device_mesh (:class:`DeviceMesh`): The device mesh on which we check if the random ops APIs are supported. Returns: A bool value. True if `device_mesh` supports DTensor Random APIs; False otherwise. .. warning:: Currently we only support correct RNG on cuda/cuda-like devices.
tensorflow.python.framework.ops.backing_device,,torch.distributed.checkpoint.planner.commit_tensor,Call once the StorageReader finished loading data into ``tensor``. The provided tensor is the same one returned by the call to ``resolve_tensor``. This method is only needed if this LoadPlanner needs to post process ``tensor`` prior to copying it back to the one in the state_dict. The contents of tensor will follow its device synchronization model.
tensorflow.python.tools.api.generator.create_python_api.get_canonical_import,,torch._export.serde.serialize.canonicalize,"Normalize a serialized ExportedProgram, so that different eager program which shares the same semantics can get a single representation on disk. This function canonicalizes an ExportedProgram by: 1. Sorting nodes in topological order. 2. Rename nodes to have unique names. 3. Remove unstable fields. 4. Aggregate the above program fields. 5. Recurse in subgraphs. Args: ep (ExportedProgram): The ExportedProgram to canonicalize. Returns: ExportedProgram: The canonicalized exported program."
tensorflow.python.framework.ops.register_proto_function,,torch.distributed._composable.fsdp.fully_shard.register_fsdp_forward_method,"Registers a method on ``module`` to be a forward method for FSDP. FSDP only knows to run its pre-forward and post-forward hooks on the default :meth:`nn.Module.forward` method. This function patches a user specified method to run the pre/post-forward hooks before/after the method, respectively. If ``module`` is not an :class:`FSDPModule`, then this is a no-op. Args: module (nn.Module): Module to register the forward method on. method_name (str): Name of the forward method."
tensorflow.python.keras.engine.training.flatten_metrics_in_order,,torch.serialization.clear_safe_globals,Clears the list of globals that are safe for ``weights_only`` load.
tensorflow.python.data.kernel_tests.test_base.default_test_combinations,,torch.testing._internal.opinfo.core.formatted_name,Returns a formatted full name for this OpInfo that can be used in test names.
tensorflow.python.util.dispatch.dispatch_for_api,,torch._functorch.functional_call.functional_call,"Performs a functional call on the module by replacing the module parameters and buffers with the provided ones. .. note:: If the module has active parametrizations, passing a value in the :attr:`parameter_and_buffer_dicts` argument with the name set to the regular parameter name will completely disable the parametrization. If you want to apply the parametrization function to the value passed please set the key as ``{submodule_name}.parametrizations.{parameter_name}.original``. .. note:: If the module performs in-place operations on parameters/buffers, these will be reflected in the ``parameter_and_buffer_dicts`` input. Example:: >>> a = {'foo': torch.zeros(())} >>> # xdoctest: +SKIP >>> mod = Foo() # does self.foo = self.foo + 1 >>> print(mod.foo) # tensor(0.) >>> functional_call(mod, a, torch.ones(())) >>> print(mod.foo) # tensor(0.) >>> print(a['foo']) # tensor(1.) .. note:: If the module has tied weights, whether or not functional_call respects the tying is determined by the tie_weights flag. Example:: >>> a = {'foo': torch.zeros(())} >>> # xdoctest: +SKIP >>> mod = Foo() # has both self.foo and self.foo_tied which are tied. Returns x + self.foo + self.foo_tied >>> print(mod.foo) # tensor(1.) >>> mod(torch.zeros(())) # tensor(2.) >>> functional_call(mod, a, torch.zeros(())) # tensor(0.) since it will change self.foo_tied too >>> functional_call(mod, a, torch.zeros(()), tie_weights=False) # tensor(1.)--self.foo_tied is not updated >>> new_a = {'foo': torch.zeros(()), 'foo_tied': torch.zeros(())} >>> functional_call(mod, new_a, torch.zeros()) # tensor(0.) An example of passing multiple dictionaries .. code-block:: python a = ({'weight': torch.ones(1, 1)}, {'buffer': torch.zeros(1)}) # two separate dictionaries mod = nn.Bar(1, 1) # return self.weight @ x + self.buffer print(mod.weight) # tensor(...) print(mod.buffer) # tensor(...) x = torch.randn((1, 1)) print(x) functional_call(mod, a, x) # same as x print(mod.weight) # same as before functional_call And here is an"
tensorflow.python.eager.context.async_clear_error,,torch.distributed.collective_utils.all_gather,"A simple all_gather primitive with basic synchronization guard logic, by checking payload from all ranks has the same stage name. Args: data_or_fn: the data to be all gathered across ranks or function to be executed stage_name: the sync stage name for out-of-sync protection pg: the process group for sync Throws: RuntimeError from original exception trace Returns: a list of synced data from all ranks Example usage: >> all_ids = all_gather(data_or_fn=allocate_id, pg=ext_pg.my_pg)"
tensorflow.python.framework.registry.register,,torch.fx.graph.create_name,"Create a unique name. Arguments: candidate: used as the basis for the unique name, relevant to the user. obj: If not None, an object that will be associated with the unique name."
tensorflow.python.ops.image_ops_impl.psnr,,torch.utils.tensorboard.writer.add_images,"Add batched image data to summary. Note that this requires the ``pillow`` package. Args: tag (str): Data identifier img_tensor (torch.Tensor, numpy.ndarray, or string/blobname): Image data global_step (int): Global step value to record walltime (float): Optional override default walltime (time.time()) seconds after epoch of event dataformats (str): Image data format specification of the form NCHW, NHWC, CHW, HWC, HW, WH, etc. Shape: img_tensor: Default is :math:`(N, 3, H, W)`. If ``dataformats`` is specified, other shape will be accepted. e.g. NCHW or NHWC. Examples:: from torch.utils.tensorboard import SummaryWriter import numpy as np img_batch = np.zeros((16, 3, 100, 100)) for i in range(16): img_batch[i, 0] = np.arange(0, 10000).reshape(100, 100) / 10000 / 16 * i img_batch[i, 1] = (1 - np.arange(0, 10000).reshape(100, 100) / 10000) / 16 * i writer = SummaryWriter() writer.add_images('my_image_batch', img_batch, 0) writer.close() Expected result: .. image:: _static/img/tensorboard/add_images.png :scale: 30 %"
tensorflow.python.keras.backend.categorical_crossentropy,,torch.sparse.semi_structured.to_sparse_semi_structured,"This function converts a dense tensor into a sparse semi-structured tensor. It will return a SparseSemiStructuredTensor, a subclass of torch.Tensor. This function will check to ensure the dense tensor has the right dtype, size, dims, and device. We currently only support semi-structured sparse tensors for 2d CUDA tensors. Additionally, your tensor must be a positive multiple of the mininum sparse block size, given in `_DTYPE_TO_SHAPE_CONSTRAINTS` for each dtype (float32, float16, bfloat16, int8). Args: original_tensor (Tensor): the dense tensor to convert transposed (bool, optional): deprecated arg to be removed in another release. Do not use. Returns: SparseSemiStructuredTensor: A sparse semi-structured tensor created from the given original_tensor Raises: None Example: >>> # xdoctest: +REQUIRES(env:TORCH_DOCTEST_CUDA) >>> A = torch.Tensor([0, 0, 1, 1]).tile((128, 32)).half().cuda() tensor([[0., 0., 1., ..., 0., 1., 1.], [0., 0., 1., ..., 0., 1., 1.], [0., 0., 1., ..., 0., 1., 1.], ..., [0., 0., 1., ..., 0., 1., 1.], [0., 0., 1., ..., 0., 1., 1.], [0., 0., 1., ..., 0., 1., 1.]], device='cuda:0', dtype=torch.float16) >>> A_sparse = to_sparse_semi_structured(A) SparseSemiStructuredTensor(shape=torch.Size([128, 128])) >>> A_sparse.values() tensor([[1., 1., 1., ..., 1., 1., 1.], [1., 1., 1., ..., 1., 1., 1.], [1., 1., 1., ..., 1., 1., 1.], ..., [1., 1., 1., ..., 1., 1., 1.], [1., 1., 1., ..., 1., 1., 1.], [1., 1., 1., ..., 1., 1., 1.]], device='cuda:0', dtype=torch.float16), >>> A_sparse.indices() tensor([[-4370, -4370, -4370, ..., -4370, -4370, -4370], [-4370, -4370, -4370, ..., -4370, -4370, -4370], [-4370, -4370, -4370, ..., -4370, -4370, -4370], ..., [-4370, -4370, -4370, ..., -4370, -4370, -4370], [-4370, -4370, -4370, ..., -4370, -4370, -4370], [-4370, -4370, -4370, ..., -4370, -4370, -4370]], device='cuda:0', dtype=torch.int16))"
tensorflow.python.ops.array_ops.quantize_and_dequantize_v2,,torch.testing._internal.common_quantization.checkGraphModeFxOp,"Quantizes model with graph mode quantization on fx and check if the quantized model contains the quantized_node Args: model: floating point torch.nn.Module inputs: one positional sample input arguments for model expected_node: NodeSpec e.g. NodeSpec.call_function(torch.quantize_per_tensor) expected_node_occurrence: a dict from NodeSpec to expected number of occurrences (int) e.g. {NodeSpec.call_function(torch.quantize_per_tensor) : 1, NodeSpec.call_method('dequantize'): 1} expected_node_list: a list of NodeSpec, used to check the order of the occurrence of Node e.g. [NodeSpec.call_function(torch.quantize_per_tensor), NodeSpec.call_module(nnq.Conv2d), NodeSpec.call_function(F.hardtanh_), NodeSpec.call_method('dequantize')] is_reference: if True, enables reference mode print_debug_info: if True, prints debug info custom_qconfig_dict: overrides default qconfig_dict prepare_expected_node: same as expected_node, but for prepare prepare_expected_node_occurrence: same as expected_node_occurrence, but for prepare prepare_expected_node_list: same as expected_node_list, but for prepare Returns: A dictionary with the following structure: { ""prepared"": ..., # the prepared model ""quantized"": ..., # the quantized non-reference model ""quantized_reference"": ..., # the quantized reference model ""result"": ..., # the result for either quantized or # quantized_reference model depending on the # is_reference argument }"
tensorflow.python.keras.mixed_precision.loss_scale_optimizer.update,,torch.distributed._composable.fsdp.fully_shard.set_requires_gradient_sync,"Sets if the module should sync gradients. This can be used to implement gradient accumulation without communication. For HSDP, this controls both reduce-scatter and all-reduce together. Args: requires_gradient_sync (bool): Whether to reduce gradients for the module's parameters. recurse (bool): Whether to set for all submodules or just the passed-in module."
tensorflow.python.distribute.multi_worker_util.collective_leader,,torch.distributed.distributed_c10d.get_backend_config,"Return the backend configuration of the given process group. Args: group (ProcessGroup, optional): The process group to work on. The default is the general main process group. If another specific group is specified, the calling process must be part of :attr:`group`. Returns: The backend configuration of the given process group as a lower case string."
tensorflow.python.tpu.tpu_test_wrapper.run_user_main,,torch.serialization.check_module_version_greater_or_equal,"Check if a module's version satisfies requirements Usually, a module's version string will be like 'x.y.z', which would be represented as a tuple (x, y, z), but sometimes it could be an unexpected format. If the version string does not match the given tuple's format up to the length of the tuple, then error and exit or emit a warning. Args: module: the module to check the version of req_version_tuple: tuple (usually of ints) representing the required version error_if_malformed: whether we should exit if module version string is malformed Returns: requirement_is_met: bool"
tensorflow.python.keras.layers.merge.average,,torch.nn.grad.conv2d_input,"Compute the gradient of conv2d with respect to the input of the convolution. This is same as the 2D transposed convolution operator under the hood but requires the shape of the gradient w.r.t. input to be specified explicitly. Args: input_size : Shape of the input gradient tensor weight: weight tensor (out_channels x in_channels/groups x kH x kW) grad_output : output gradient tensor (minibatch x out_channels x oH x oW) stride (int or tuple, optional): Stride of the convolution. Default: 1 padding (int or tuple, optional): Zero-padding added to both sides of the input. Default: 0 dilation (int or tuple, optional): Spacing between kernel elements. Default: 1 groups (int, optional): Number of blocked connections from input channels to output channels. Default: 1 Examples:: >>> input = torch.randn(1, 1, 3, 3, requires_grad=True) >>> weight = torch.randn(1, 1, 1, 2, requires_grad=True) >>> output = F.conv2d(input, weight) >>> grad_output = torch.randn(output.shape) >>> grad_input = torch.autograd.grad(output, input, grad_output) >>> F.grad.conv2d_input(input.shape, weight, grad_output)"
tensorflow.python.training.supervisor.session_manager,,torch.autograd.profiler_util.total_average,Averages all events. Returns: A FunctionEventAvg object.
tensorflow.python.data.ops.dataset_ops.take,,torch.nn.functional.softmin,"Apply a softmin function. Note that :math:`\text{Softmin}(x) = \text{Softmax}(-x)`. See softmax definition for mathematical formula. See :class:`~torch.nn.Softmin` for more details. Args: input (Tensor): input dim (int): A dimension along which softmin will be computed (so every slice along dim will sum to 1). dtype (:class:`torch.dtype`, optional): the desired data type of returned tensor. If specified, the input tensor is casted to :attr:`dtype` before the operation is performed. This is useful for preventing data type overflows. Default: None."
tensorflow.python.autograph.core.converter.get_definition_directive,,torch.fx.interpreter.call_module,Execute a ``call_module`` node and return the result. Args: target (Target): The call target for this node. See `Node <https://pytorch.org/docs/main/fx.html#torch.fx.Node>`__ for details on semantics args (Tuple): Tuple of positional args for this invocation kwargs (Dict): Dict of keyword arguments for this invocation Return Any: The value returned by the module invocation
tensorflow.python.framework.meta_graph.copy_scoped_meta_graph,,torch.fx.graph.graph_copy,"Copy all nodes from a given graph into ``self``. Args: g (Graph): The source graph from which to copy Nodes. val_map (Dict[Node, Node]): a dictionary that will be populated with a mapping from nodes in ``g`` to nodes in ``self``. Note that ``val_map`` can be passed in with values in it already to override copying of certain values. Returns: The value in ``self`` that is now equivalent to the output value in ``g``, if ``g`` had an ``output`` node. ``None`` otherwise."
tensorflow.python.keras.engine.training_utils_v1.get_composite_shape,,torch.distributed._shard.sharded_tensor.api.sharding_spec,Returns the ShardingSpec for the tensor.
tensorflow.python.ops.metrics_impl.mean_squared_error,,torch.nn.functional.cross_entropy,"Compute the cross entropy loss between input logits and target. See :class:`~torch.nn.CrossEntropyLoss` for details. Args: input (Tensor) : Predicted unnormalized logits; see Shape section below for supported shapes. target (Tensor) : Ground truth class indices or class probabilities; see Shape section below for supported shapes. weight (Tensor, optional): a manual rescaling weight given to each class. If given, has to be a Tensor of size `C` size_average (bool, optional): Deprecated (see :attr:`reduction`). By default, the losses are averaged over each loss element in the batch. Note that for some losses, there multiple elements per sample. If the field :attr:`size_average` is set to ``False``, the losses are instead summed for each minibatch. Ignored when reduce is ``False``. Default: ``True`` ignore_index (int, optional): Specifies a target value that is ignored and does not contribute to the input gradient. When :attr:`size_average` is ``True``, the loss is averaged over non-ignored targets. Note that :attr:`ignore_index` is only applicable when the target contains class indices. Default: -100 reduce (bool, optional): Deprecated (see :attr:`reduction`). By default, the losses are averaged or summed over observations for each minibatch depending on :attr:`size_average`. When :attr:`reduce` is ``False``, returns a loss per batch element instead and ignores :attr:`size_average`. Default: ``True`` reduction (str, optional): Specifies the reduction to apply to the output: ``'none'`` | ``'mean'`` | ``'sum'``. ``'none'``: no reduction will be applied, ``'mean'``: the sum of the output will be divided by the number of elements in the output, ``'sum'``: the output will be summed. Note: :attr:`size_average` and :attr:`reduce` are in the process of being deprecated, and in the meantime, specifying either of those two args will override :attr:`reduction`. Default: ``'mean'`` label_smoothing (float, optional): A float in [0.0, 1.0]. Specifies the amount of smoothing when com"
tensorflow.python.eager.polymorphic_function.compiler_ir.compiler_ir_generator,,torch.cuda.memory.memory_summary,"Return a human-readable printout of the current memory allocator statistics for a given device. This can be useful to display periodically during training, or when handling out-of-memory exceptions. Args: device (torch.device or int, optional): selected device. Returns printout for the current device, given by :func:`~torch.cuda.current_device`, if :attr:`device` is ``None`` (default). abbreviated (bool, optional): whether to return an abbreviated summary (default: False). .. note:: See :ref:`cuda-memory-management` for more details about GPU memory management."
tensorflow.python.ops.filesystem_ops.filesystem_set_configuration,,torch.onnx._internal.exporter.get_op_functions,"Returns a list of ONNXFunctions for the given op: torch.ops.<namespace>.<op_name>.<overload>. The list is ordered by the time of registration. The custom operators should be in the second half of the list. Args: namespace: The namespace of the operator to get. op_name: The name of the operator to get. overload: The overload of the operator to get. If it's default overload, leave it to None. Returns: A list of ONNXFunctions corresponding to the given name, or None if the name is not in the registry."
tensorflow.python.ops.sparse_ops.from_dense,,torch.nn.init.orthogonal_,"Fill the input `Tensor` with a (semi) orthogonal matrix. Described in `Exact solutions to the nonlinear dynamics of learning in deep linear neural networks` - Saxe, A. et al. (2013). The input tensor must have at least 2 dimensions, and for tensors with more than 2 dimensions the trailing dimensions are flattened. Args: tensor: an n-dimensional `torch.Tensor`, where :math:`n \geq 2` gain: optional scaling factor generator: the torch Generator to sample from (default: None) Examples: >>> # xdoctest: +REQUIRES(env:TORCH_DOCTEST_LAPACK) >>> w = torch.empty(3, 5) >>> nn.init.orthogonal_(w)"
tensorflow.python.eager.context.device,,torch.utils.tensorboard.writer.add_video,"Add video data to summary. Note that this requires the ``moviepy`` package. Args: tag (str): Data identifier vid_tensor (torch.Tensor): Video data global_step (int): Global step value to record fps (float or int): Frames per second walltime (float): Optional override default walltime (time.time()) seconds after epoch of event Shape: vid_tensor: :math:`(N, T, C, H, W)`. The values should lie in [0, 255] for type `uint8` or [0, 1] for type `float`."
tensorflow.python.data.ops.dataset_ops.get_legacy_output_types,,torch.distributed.checkpoint.state_dict.get_model_state_dict,"Return the model state_dict of ``model``. See ``get_state_dict`` for the detail usage. Args: model (nn.Module): the nn.Module to the model. submodules (deprecated): Optional[Set[nn.Module]]: only return the model parameters that belong to the submodules. options (StateDictOptions): the options to control how model state_dict and optimizer state_dict should be returned. See `StateDictOptions` for the details. Returns: The state_dict for ``model``. :rtype: typing.Dict[str, ValueType]"
tensorflow.python.ops.linalg_ops.matrix_solve_ls,,torch.nn.utils.parametrizations.orthogonal,"Apply an orthogonal or unitary parametrization to a matrix or a batch of matrices. Letting :math:`\mathbb{K}` be :math:`\mathbb{R}` or :math:`\mathbb{C}`, the parametrized matrix :math:`Q \in \mathbb{K}^{m \times n}` is **orthogonal** as .. math:: \begin{align*} Q^{\text{H}}Q &= \mathrm{I}_n \mathrlap{\qquad \text{if }m \geq n}\\ QQ^{\text{H}} &= \mathrm{I}_m \mathrlap{\qquad \text{if }m < n} \end{align*} where :math:`Q^{\text{H}}` is the conjugate transpose when :math:`Q` is complex and the transpose when :math:`Q` is real-valued, and :math:`\mathrm{I}_n` is the `n`-dimensional identity matrix. In plain words, :math:`Q` will have orthonormal columns whenever :math:`m \geq n` and orthonormal rows otherwise. If the tensor has more than two dimensions, we consider it as a batch of matrices of shape `(..., m, n)`. The matrix :math:`Q` may be parametrized via three different ``orthogonal_map`` in terms of the original tensor: - ``""matrix_exp""``/``""cayley""``: the :func:`~torch.matrix_exp` :math:`Q = \exp(A)` and the `Cayley map`_ :math:`Q = (\mathrm{I}_n + A/2)(\mathrm{I}_n - A/2)^{-1}` are applied to a skew-symmetric :math:`A` to give an orthogonal matrix. - ``""householder""``: computes a product of Householder reflectors (:func:`~torch.linalg.householder_product`). ``""matrix_exp""``/``""cayley""`` often make the parametrized weight converge faster than ``""householder""``, but they are slower to compute for very thin or very wide matrices. If ``use_trivialization=True`` (default), the parametrization implements the ""Dynamic Trivialization Framework"", where an extra matrix :math:`B \in \mathbb{K}^{n \times n}` is stored under ``module.parametrizations.weight[0].base``. This helps the convergence of the parametrized layer at the expense of some extra memory use. See `Trivializations for Gradient-Based Optimization on Manifolds`_ . Initial value of :math:`Q`: If the original tensor is not parametrized and ``use_trivialization=True`` (default), the initial value of :math:`Q` is"
tensorflow.python.training.training_util.global_step,,torch.library.impl,"Registers the function implementation for an operator defined in the library. Args: op_name: operator name (along with the overload) or OpOverload object. fn: function that's the operator implementation for the input dispatch key or :func:`~fallthrough_kernel` to register a fallthrough. dispatch_key: dispatch key that the input function should be registered for. By default, it uses the dispatch key that the library was created with. Example:: >>> my_lib = Library(""aten"", ""IMPL"") >>> def div_cpu(self, other): >>> return self * (1 / other) >>> my_lib.impl(""div.Tensor"", div_cpu, ""CPU"")"
tensorflow.python.debug.lib.debug_events_reader.graph_by_id,,torch.onnx.verification.find_partition,Find the `GraphInfo` object with the given id.
tensorflow.python.distribute.device_util.current,,torch.cuda.random.get_rng_state_all,Return a list of ByteTensor representing the random number states of all devices.
tensorflow.python.eager.remote.connect_to_remote_host,,torch.utils.tensorboard.writer.add_scalars,"Add many scalar data to summary. Args: main_tag (str): The parent name for the tags tag_scalar_dict (dict): Key-value pair storing the tag and corresponding values global_step (int): Global step value to record walltime (float): Optional override default walltime (time.time()) seconds after epoch of event Examples:: from torch.utils.tensorboard import SummaryWriter writer = SummaryWriter() r = 5 for i in range(100): writer.add_scalars('run_14h', {'xsinx':i*np.sin(i/r), 'xcosx':i*np.cos(i/r), 'tanx': np.tan(i/r)}, i) writer.close() # This call adds three values to the same scalar plot with the tag # 'run_14h' in TensorBoard's scalar section. Expected result: .. image:: _static/img/tensorboard/add_scalars.png :scale: 50 %"
tensorflow.python.keras.optimizer_v2.learning_rate_schedule.from_config,,torch.distributed._shard.sharded_optim.api.load_state_dict,Loads the ShardedOptimizer state. Args: state_dict (dict): ShardedOptimizer state. Should be an object returned from a call to :meth:`state_dict`.
tensorflow.python.eager.polymorphic_function.concrete_function.inference_fn,,torch.nn.modules.container.values,Return an iterable of the ParameterDict values.
tensorflow.python.keras.engine.sequential.track_nodes_created_by_last_call,,torch.ao.quantization.fx.utils.create_node_from_old_node_preserve_meta,Creates `new_node` and copies the necessary metadata to it from `old_node`.
tensorflow.python.debug.cli.profile_analyzer_cli.value,,torch._inductor.codegen.cuda.gemm_template.add_cutlass_gemm_choices,"Adds Cutlass GEMM configurations choices to the auto-tuning list. This function mutates the passed list of choices by appending the choices for Cutlass GEMM configs to it. Args: choices (list): The list to which choices are appended. layout (ir.Layout): The layout configuration. input_nodes (list): The list of input nodes. alpha (float,int): Scaling factor, defaults to 1. beta (float,int): Offset, defaults to 0. input_reorder (list, optional): Order of the inputs, defaults to None. **extra_kwargs: Additional keyword arguments."
tensorflow.python.ops.image_ops_impl.non_max_suppression_padded_v2,,torch.distributed.algorithms.ddp_comm_hooks.powerSGD_hook.batched_powerSGD_hook,"Implement simplified PowerSGD algorithm. This DDP communication hook implements a simplified PowerSGD gradient compression algorithm described in the `paper <https://arxiv.org/abs/1905.13727>`_. This variant does not compress the gradients layer by layer, but instead compresses the flattened input tensor that batches all the gradients. Therefore, it is **faster** than :meth:`powerSGD_hook`, but usually results in a **much lower accuracy**, unless ``matrix_approximation_rank`` is 1. .. warning :: Increasing ``matrix_approximation_rank`` here may not necessarily increase the accuracy, because batching per-parameter tensors without column/row alignment can destroy low-rank structure. Therefore, the user should always consider :meth:`powerSGD_hook` first, and only consider this variant when a satisfactory accuracy can be achieved when ``matrix_approximation_rank`` is 1. Once gradient tensors are aggregated across all workers, this hook applies compression as follows: 1. Views the input flattened 1D gradient tensor as a square-shaped tensor M with 0 paddings; 2. Creates two low-rank tensors P and Q for decomposing M, such that M = PQ^T, where Q is initialized from a standard normal distribution and orthogonalized; 3. Computes P, which is equal to MQ; 4. Allreduces P; 5. Orthogonalizes P; 6. Computes Q, which is approximately equal to M^TP; 7. Allreduces Q; 8. Computes M, which is approximately equal to PQ^T. 9. Truncates the input tensor to the original length. Note that this communication hook enforces vanilla allreduce for the first ``state.start_powerSGD_iter`` iterations. This not only gives the user more control over the tradeoff between speedup and accuracy, but also helps abstract away some complexity of the internal optimization of DDP for future communication hook developers. Args: state (PowerSGDState): State information to configure the compression rate and support error feedback, warm start, etc. To tune the compression configs, mainly need to tune ``matrix_a"
tensorflow.python.training.device_setter.replica_device_setter,,torch.distributed.distributed_c10d.send_object_list,"Sends picklable objects in ``object_list`` synchronously. Similar to :func:`send`, but Python objects can be passed in. Note that all objects in ``object_list`` must be picklable in order to be sent. Args: object_list (List[Any]): List of input objects to sent. Each object must be picklable. Receiver must provide lists of equal sizes. dst (int): Destination rank to send ``object_list`` to. Destination rank is based on global process group (regardless of ``group`` argument) group: (ProcessGroup, optional): The process group to work on. If None, the default process group will be used. Default is ``None``. device (``torch.device``, optional): If not None, the objects are serialized and converted to tensors which are moved to the ``device`` before sending. Default is ``None``. Returns: ``None``. .. note:: For NCCL-based process groups, internal tensor representations of objects must be moved to the GPU device before communication takes place. In this case, the device used is given by ``torch.cuda.current_device()`` and it is the user's responsibility to ensure that this is set so that each rank has an individual GPU, via ``torch.cuda.set_device()``. .. warning:: :func:`send_object_list` uses ``pickle`` module implicitly, which is known to be insecure. It is possible to construct malicious pickle data which will execute arbitrary code during unpickling. Only call this function with data you trust. .. warning:: Calling :func:`send_object_list` with GPU tensors is not well supported and inefficient as it incurs GPU -> CPU transfer since tensors would be pickled. Please consider using :func:`send` instead. Example:: >>> # xdoctest: +SKIP(""need process group init"") >>> # Note: Process group initialization omitted on each rank. >>> import torch.distributed as dist >>> # Assumes backend is not NCCL >>> device = torch.device(""cpu"") >>> if dist.get_rank() == 0: >>> # Assumes world_size of 2. >>> objects = [""foo"", 12, {1: 2}] # any picklable object >>> dist.send_object_list(objec"
tensorflow.python.framework.config.tensor_float_32_execution_enabled,,torch.distributed._shard.sharded_tensor._ops.tensor_ops.sharded_type_as_check,Perform extra checks for the sharded_type_as op such as the input needs to be either a Tensor or ShardedTensor. Args: same as ``torch.Tensor.type_as``. Return: None
tensorflow.python.distribute.coordinator.cluster_coordinator.get,,torch.distributed.elastic.rendezvous.dynamic_rendezvous.run,"Execute a rendezvous operation. An operation is run inside a state machine and is expected to transition the rendezvous from one state to another. Args: state_handler: A callable that is expected to return the next state transition action based on the current state of the rendezvous. deadline: The time, in seconds, at which the operation will be considered timed-out. update_deadline: Function to generate a new operation deadline if the current node may participate in the next rendezvous."
tensorflow.python.ops.linalg.linear_operator_util.dtype_name,,torch.ao.quantization.backend_config.tensorrt.get_tensorrt_backend_config_dict,Return the `BackendConfig` for the TensorRT backend in dictionary form.
tensorflow.python.checkpoint.checkpoint_view.match,,torch.nn.modules.batchnorm.convert_sync_batchnorm,"Converts all :attr:`BatchNorm*D` layers in the model to :class:`torch.nn.SyncBatchNorm` layers. Args: module (nn.Module): module containing one or more :attr:`BatchNorm*D` layers process_group (optional): process group to scope synchronization, default is the whole world Returns: The original :attr:`module` with the converted :class:`torch.nn.SyncBatchNorm` layers. If the original :attr:`module` is a :attr:`BatchNorm*D` layer, a new :class:`torch.nn.SyncBatchNorm` layer object will be returned instead. Example:: >>> # Network with nn.BatchNorm layer >>> # xdoctest: +REQUIRES(env:TORCH_DOCTEST_CUDA) >>> module = torch.nn.Sequential( >>> torch.nn.Linear(20, 100), >>> torch.nn.BatchNorm1d(100), >>> ).cuda() >>> # creating process group (optional) >>> # ranks is a list of int identifying rank ids. >>> ranks = list(range(8)) >>> r1, r2 = ranks[:4], ranks[4:] >>> # Note: every rank calls into new_group for every >>> # process group created, even if that rank is not >>> # part of the group. >>> # xdoctest: +SKIP(""distributed"") >>> process_groups = [torch.distributed.new_group(pids) for pids in [r1, r2]] >>> process_group = process_groups[0 if dist.get_rank() <= 3 else 1] >>> sync_bn_module = torch.nn.SyncBatchNorm.convert_sync_batchnorm(module, process_group)"
tensorflow.python.ops.signal.window_ops.kaiser_window,,torch.cuda.streams.wait_event,Make all future work submitted to the stream wait for an event. Args: event (torch.cuda.Event): an event to wait for. .. note:: This is a wrapper around ``cudaStreamWaitEvent()``: see `CUDA Stream documentation`_ for more info. This function returns without waiting for :attr:`event`: only future operations are affected. .. _CUDA Stream documentation: https://docs.nvidia.com/cuda/cuda-runtime-api/group__CUDART__STREAM.html
tensorflow.python.util.tf_export.get_canonical_name_for_symbol,,torch.overrides.handle_torch_function,"Implement a function with checks for ``__torch_function__`` overrides. See torch::autograd::handle_torch_function for the equivalent of this function in the C++ implementation. Arguments --------- public_api : function Function exposed by the public torch API originally called like ``public_api(*args, **kwargs)`` on which arguments are now being checked. relevant_args : iterable Iterable of arguments to check for __torch_function__ methods. args : tuple Arbitrary positional arguments originally passed into ``public_api``. kwargs : tuple Arbitrary keyword arguments originally passed into ``public_api``. Returns ------- object Result from calling ``implementation`` or an ``__torch_function__`` method, as appropriate. Raises ------ TypeError : if no implementation is found. Example ------- >>> def func(a): ... if has_torch_function_unary(a): ... return handle_torch_function(func, (a,), a) ... return a + 0"
tensorflow.python.kernel_tests.random.stateful_random_ops_test.testCreateRNGStateIntSeed,,torch.nn.utils.rnn.is_cuda,Return true if `self.data` stored on a gpu.
tensorflow.python.compiler.tensorrt.trt_convert.save,,torch.testing._internal.dist_utils.dist_init,"We use this decorator for setting up and tearing down state since MultiProcessTestCase runs each `test*` method in a separate process and each process just runs the `test*` method without actually calling 'setUp' and 'tearDown' methods of unittest. Note: pass the string representation of MessageTypes that should be used with the faulty agent's send function. By default, all retriable messages (""RREF_FORK_REQUEST"", ""RREF_CHILD_ACCEPT"", ""RREF_USER_DELETE"", ""CLEANUP_AUTOGRAD_CONTEXT_REQ"") will use the faulty send (this default is set from faulty_rpc_agent_test_fixture.py)."
tensorflow.python.distribute.cluster_resolver.tpu.tpu_cluster_resolver.initialize_tpu_system,,torch.distributed.elastic.rendezvous.dynamic_rendezvous.from_backend,Create a new :py:class:`DynamicRendezvousHandler`. Args: run_id: The run id of the rendezvous. store: The C10d store to return as part of the rendezvous. backend: The backend to use to hold the rendezvous state. min_nodes: The minimum number of nodes to admit to the rendezvous. max_nodes: The maximum number of nodes to admit to the rendezvous. local_addr: The local node address. timeout: The timeout configuration of the rendezvous.
tensorflow.python.training.session_run_hook.before_run,,torch.onnx.utils.unconvertible_ops,"Returns an approximated list of all ops that are yet supported by :mod:`torch.onnx`. The list is approximated because some ops may be removed during the conversion process and don't need to be converted. Some other ops may have partial support that will fail conversion with particular inputs. Please open a Github Issue for op support requests. Args: model: Same as the `model` parameter in :func:`torch.onnx.export`. args: Same as the `args` parameter in :func:`torch.onnx.export`. training: Same as the `training` parameter in :func:`torch.onnx.export`. opset_version: Same as the `opset_version` parameter in :func:`torch.onnx.export`. Returns: The JIT graph and a list of unconvertible ops in the format of ""domain::op""."
tensorflow.python.keras.backend.batch_flatten,,torch.testing._internal.common_utils.random_hermitian_pd_matrix,"Returns a batch of random Hermitian positive-definite matrices. The shape of the result is batch_dims + (matrix_size, matrix_size) The following example creates a tensor of size 2 x 4 x 3 x 3 >>> # xdoctest: +SKIP(""undefined variables"") >>> matrices = random_hermitian_pd_matrix(3, 2, 4, dtype=dtype, device=device)"
tensorflow.python.keras.testing_utils.run_v2_only,,torch._functorch.aot_autograd.aot_export_joint_simple,"A simplified version of export. Used by higher order operators. This function makes a high-level ""no calling convention changes"" guarantee: - If no inputs require grad (so we export an inference graph), there are *no* calling convention change between the exported graph, and ""func"". - If at least one input requires grad (so we trace out and export a joint fw-bw graph), Then if you were partition the graph into a separate forward and backward graph, The forward graph will have no calling convention changes compared to ""func"". The above also relies on some strong restrictions around which functions this API accepts: (1) `args` cannot contain any pytrees (they must have been pytree_flattened already) (2) `func` cannot mutate any inputs (3) The outputs of `func` cannot alias any inputs. Note: this function is only lightly tested today. It will probably be tested more heavily by higher order ops."
tensorflow.python.ops.gradient_checker_v2.compute_gradient,,torch._numpy.testing.utils.assert_array_almost_equal_nulp,"Compare two arrays relatively to their spacing. This is a relatively robust method to compare two arrays whose amplitude is variable. Parameters ---------- x, y : array_like Input arrays. nulp : int, optional The maximum number of unit in the last place for tolerance (see Notes). Default is 1. Returns ------- None Raises ------ AssertionError If the spacing between `x` and `y` for one or more elements is larger than `nulp`. See Also -------- assert_array_max_ulp : Check that all items of arrays differ in at most N Units in the Last Place. spacing : Return the distance between x and the nearest adjacent number. Notes ----- An assertion is raised if the following condition is not met:: abs(x - y) <= nulp * spacing(maximum(abs(x), abs(y))) Examples -------- >>> x = np.array([1., 1e-10, 1e-20]) >>> eps = np.finfo(x.dtype).eps >>> np.testing.assert_array_almost_equal_nulp(x, x*eps/2 + x) # doctest: +SKIP >>> np.testing.assert_array_almost_equal_nulp(x, x*eps + x) # doctest: +SKIP Traceback (most recent call last): ... AssertionError: X and Y are not equal to 1 ULP (max is 2)"
tensorflow.python.keras.utils.generic_utils.register_keras_serializable,,torch.testing._internal.distributed.rpc_utils.generate_tests,"Mix in the classes needed to autogenerate the tests based on the params. Takes a series of test suites, each written against a ""generic"" agent (i.e., derived from the abstract RpcAgentTestFixture class), as the `tests` args. Takes a concrete subclass of RpcAgentTestFixture, which specializes it for a certain agent, as the `mixin` arg. Produces all combinations of them. Returns a dictionary of class names to class type objects which can be inserted into the global namespace of the calling module. The name of each test will be a concatenation of the `prefix` arg and the original name of the test suite. The `module_name` should be the name of the calling module so that the classes can be fixed to make it look like they belong to it, which is necessary for pickling to work on them."
tensorflow.python.eager.context.add_c_function,,torch.fx.passes.infra.pass_manager.pass_result_wrapper,"Wrapper for passes which currently do not return a PassResult. This wrapper makes them return a PassResult containing the modified object and True for the ""modified"" flag. Args: fn (Callable[Module, Any]) Returns: wrapped_fn (Callable[Module, PassResult])"
tensorflow.python.keras.engine.keras_tensor.ref,,torch.nn.functional.relu,"relu(input, inplace=False) -> Tensor Applies the rectified linear unit function element-wise. See :class:`~torch.nn.ReLU` for more details."
tensorflow.python.util.tf_should_use.should_use_result,,torch.optim.optimizer.zero_grad,"Resets the gradients of all optimized :class:`torch.Tensor` s. Args: set_to_none (bool): instead of setting to zero, set the grads to None. This will in general have lower memory footprint, and can modestly improve performance. However, it changes certain behaviors. For example: 1. When the user tries to access a gradient and perform manual ops on it, a None attribute or a Tensor full of 0s will behave differently. 2. If the user requests ``zero_grad(set_to_none=True)`` followed by a backward pass, ``.grad``\ s are guaranteed to be None for params that did not receive a gradient. 3. ``torch.optim`` optimizers have a different behavior if the gradient is 0 or None (in one case it does the step with a gradient of 0 and in the other it skips the step altogether)."
tensorflow.python.keras.utils.generic_utils.get_custom_objects,,torch.utils.tensorboard.writer.add_custom_scalars_multilinechart,"Shorthand for creating multilinechart. Similar to ``add_custom_scalars()``, but the only necessary argument is *tags*. Args: tags (list): list of tags that have been used in ``add_scalar()`` Examples:: writer.add_custom_scalars_multilinechart(['twse/0050', 'twse/2330'])"
tensorflow.python.training.quantize_training.do_quantize_training_on_graphdef,,torch.nn.modules.module.zero_grad,"Reset gradients of all model parameters. See similar function under :class:`torch.optim.Optimizer` for more context. Args: set_to_none (bool): instead of setting to zero, set the grads to None. See :meth:`torch.optim.Optimizer.zero_grad` for details."
tensorflow.python.training.saver.import_meta_graph,,torch.ao.quantization.quantize_pt2e.prepare_pt2e,"Prepare a model for post training quantization Args: * `model` (torch.fx.GraphModule): a model captured by `torch.export` API in the short term we are using `torch._export.capture_pre_autograd_graph`, in the long term we'll migrate to some `torch.export` API * `quantizer`: A backend specific quantizer that conveys how user want the model to be quantized. Tutorial for how to write a quantizer can be found here: https://pytorch.org/tutorials/prototype/pt2e_quantizer.html Return: A GraphModule with observer (based on quantizer annotation), ready for calibration Example:: import torch from torch.ao.quantization.quantize_pt2e import prepare_pt2e from torch._export import capture_pre_autograd_graph from torch.ao.quantization.quantizer import ( XNNPACKQuantizer, get_symmetric_quantization_config, ) class M(torch.nn.Module): def __init__(self): super().__init__() self.linear = torch.nn.Linear(5, 10) def forward(self, x): return self.linear(x) # initialize a floating point model float_model = M().eval() # define calibration function def calibrate(model, data_loader): model.eval() with torch.no_grad(): for image, target in data_loader: model(image) # Step 1. program capture # NOTE: this API will be updated to torch.export API in the future, but the captured # result shoud mostly stay the same m = capture_pre_autograd_graph(m, *example_inputs) # we get a model with aten ops # Step 2. quantization # backend developer will write their own Quantizer and expose methods to allow # users to express how they # want the model to be quantized quantizer = XNNPACKQuantizer().set_global(get_symmetric_quantization_config()) m = prepare_pt2e(m, quantizer) # run calibration # calibrate(m, sample_inference_data)"
tensorflow.python.keras.backend.dropout,,torch.nn.init.eye_,"Fill the 2-dimensional input `Tensor` with the identity matrix. Preserves the identity of the inputs in `Linear` layers, where as many inputs are preserved as possible. Args: tensor: a 2-dimensional `torch.Tensor` Examples: >>> w = torch.empty(3, 5) >>> nn.init.eye_(w)"
tensorflow.python.debug.cli.analyzer_cli_test.check_main_menu,,torch.distributed.distributed_c10d.is_initialized,Check if the default process group has been initialized.
tensorflow.python.framework.test_util.get_temp_dir,,torch.testing._internal.common_utils.assertExpected,"Test that a string matches the recorded contents of a file derived from the name of this test and subname. This file is placed in the 'expect' directory in the same directory as the test script. You can automatically update the recorded test output using --accept. If you call this multiple times in a single function, you must give a unique subname each time."
tensorflow.python.keras.backend.log,,torch.distributions.distribution.icdf,Returns the inverse cumulative density/mass function evaluated at `value`. Args: value (Tensor):
tensorflow.python.keras.backend.constant,,torch.distributed.nn.functional.gather,"Gathers a list of tensors in a single process. Arguments: tensor (Tensor): Input tensor. dst (int, optional): Destination rank (default is 0). group (ProcessGroup, optional): The process group to work on. Returns: tuple[Tensor]: List of appropriately-sized tensors with the gathered data."
tensorflow.python.keras.engine.training.build,,torch.onnx.verification.check_export_model_diff,"Verify exported model discrepancy between different groups of inputs. A graph is exported for each group of inputs. The exported graphs are then compared to each other, and discrepancies of first pair of nodes are reported. This function first checks the jit graph. If no discrepancies were found, it then checks the onnx graph. Unless otherwise specified, the jit/ONNX graph is expected to be the same, regardless of the inputs used for exporting. A discrepancy implies the graph exported is not accurate when run on other groups of inputs, which will typically results in runtime errors or mismatching output. Args: model (torch.nn.Module or torch.jit.ScriptModule): The model to be exported. test_input_groups (Sequence[Tuple[Tuple[Any, ...], Mapping[str, Any]]]): A sequence of input groups to be used to export the model. Each input group is a pair of (args, kwargs). export_options (_experimental.ExportOptions, optional): An _experimental.ExportOptions object that controls the export behavior. Returns: str: A string containing the diff of the exported models."
tensorflow.python.ops.structured.structured_tensor.to_pyval,,torch.utils.bundled_inputs.augment_model_with_bundled_inputs,"Add bundled sample inputs to a model for the forward function. Models with bundled inputs can be invoked in a uniform manner by benchmarking and code coverage tools. Augmented models will support the following methods: `get_all_bundled_inputs() -> List[Tuple[Any, ...]]` Returns a list of tuples suitable for passing to the model like `for inp in model.get_all_bundled_inputs(): model(*inp)` `get_num_bundled_inputs() -> int` Equivalent to `len(model.get_all_bundled_inputs())`, but slightly easier to call from C++. `get_bundled_inputs_functions_and_info() -> Dict[str, Dict[str: List[str]]]` Returns a dictionary mapping function names to a metadata dictionary. This nested dictionary maps preset strings like: 'get_inputs_function_name' -> the name of a function attribute in this model that can be run to get back a list of inputs corresponding to that function. 'info' -> the user provided extra information about the bundled inputs Inputs can be specified in one of two ways: - The model can define `_generate_bundled_inputs_for_forward`. If the user chooses this method inputs should be None - `inputs` is a list of inputs of form List[Tuple[Any, ...]]. A list of tuples where the elements of each tuple are the args that make up one input."
tensorflow.python.types.trace.from_tensors,,torch.distributed.checkpoint.default_planner.create_default_local_save_plan,"Create the ``SavePlan`` used by DefaultSavePlanner. On non-coordinator ranks, this function ignores tensors and non-tensor objects, only producing writes for ShardedTensor objects. On the coordinator rank, produce writes for all values."
tensorflow.python.keras.callbacks.on_train_end,,torch.distributed.optim.post_localSGD_optimizer.state_dict,"This is the same as :class:`torch.optim.Optimizer` :meth:`state_dict`, but adds an extra entry to record model averager's step to the checkpoint to ensure reload does not cause unnecessary warm up again."
tensorflow.python.data.experimental.ops.lookup_ops.index_table_from_dataset,,torch.utils.tensorboard.writer.add_embedding,"Add embedding projector data to summary. Args: mat (torch.Tensor or numpy.ndarray): A matrix which each row is the feature vector of the data point metadata (list): A list of labels, each element will be converted to string label_img (torch.Tensor): Images correspond to each data point global_step (int): Global step value to record tag (str): Name for the embedding metadata_header (list): A list of headers for multi-column metadata. If given, each metadata must be a list with values corresponding to headers. Shape: mat: :math:`(N, D)`, where N is number of data and D is feature dimension label_img: :math:`(N, C, H, W)` Examples:: import keyword import torch meta = [] while len(meta)<100: meta = meta+keyword.kwlist # get some strings meta = meta[:100] for i, v in enumerate(meta): meta[i] = v+str(i) label_img = torch.rand(100, 3, 10, 32) for i in range(100): label_img[i]*=i/100.0 writer.add_embedding(torch.randn(100, 5), metadata=meta, label_img=label_img) writer.add_embedding(torch.randn(100, 5), label_img=label_img) writer.add_embedding(torch.randn(100, 5), metadata=meta) .. note:: Categorical (i.e. non-numeric) metadata cannot have more than 50 unique values if they are to be used for coloring in the embedding projector."
tensorflow.python.ops.summary_ops_v2.should_record_summaries,,torch._dynamo.decorators.mark_static_address,Marks an input tensor whose data_ptr will not change across multiple calls to a dynamo-compiled function. This indicates to cudagraphs that an extra allocation is not needed for this input. The data_ptr will be guarded if guard=True. Note: Tensors marked in this way will be kept alive until `torch._dynamo.reset()` is called.
tensorflow.python.distribute.numpy_dataset.one_host_numpy_dataset,,torch.ao.quantization.quantize_jit.script_qconfig_dict,Helper function used by `prepare_jit`. Apply `script_qconfig` for all entries in `qconfig_dict` that is not None.
tensorflow.python.framework.ops.has_default_graph,,torch.ao.ns.fx.pattern_utils.end_node_matches_reversed_fusion,Returns true if a pattern ending with `end_node` matches the fusion pattern.
tensorflow.python.keras.engine.training.save_weights,,torch.distributed.distributed_c10d.broadcast_object_list,"Broadcasts picklable objects in ``object_list`` to the whole group. Similar to :func:`broadcast`, but Python objects can be passed in. Note that all objects in ``object_list`` must be picklable in order to be broadcasted. Args: object_list (List[Any]): List of input objects to broadcast. Each object must be picklable. Only objects on the ``src`` rank will be broadcast, but each rank must provide lists of equal sizes. src (int): Source rank from which to broadcast ``object_list``. Source rank is based on global process group (regardless of ``group`` argument) group: (ProcessGroup, optional): The process group to work on. If None, the default process group will be used. Default is ``None``. device (``torch.device``, optional): If not None, the objects are serialized and converted to tensors which are moved to the ``device`` before broadcasting. Default is ``None``. Returns: ``None``. If rank is part of the group, ``object_list`` will contain the broadcasted objects from ``src`` rank. .. note:: For NCCL-based process groups, internal tensor representations of objects must be moved to the GPU device before communication takes place. In this case, the device used is given by ``torch.cuda.current_device()`` and it is the user's responsibility to ensure that this is set so that each rank has an individual GPU, via ``torch.cuda.set_device()``. .. note:: Note that this API differs slightly from the :func:`broadcast` collective since it does not provide an ``async_op`` handle and thus will be a blocking call. .. warning:: :func:`broadcast_object_list` uses ``pickle`` module implicitly, which is known to be insecure. It is possible to construct malicious pickle data which will execute arbitrary code during unpickling. Only call this function with data you trust. .. warning:: Calling :func:`broadcast_object_list` with GPU tensors is not well supported and inefficient as it incurs GPU -> CPU transfer since tensors would be pickled. Please consider using :func:`broadcast` instead"
tensorflow.python.ops.distributions.util.matrix_diag_transform,,torch.ao.nn.quantized.functional.conv2d,"Applies a 2D convolution over a quantized 2D input composed of several input planes. See :class:`~torch.ao.nn.quantized.Conv2d` for details and output shape. Args: input: quantized input tensor of shape :math:`(\text{minibatch} , \text{in\_channels} , iH , iW)` weight: quantized filters of shape :math:`(\text{out\_channels} , \frac{\text{in\_channels}}{\text{groups}} , kH , kW)` bias: **non-quantized** bias tensor of shape :math:`(\text{out\_channels})`. The tensor type must be `torch.float`. stride: the stride of the convolving kernel. Can be a single number or a tuple `(sH, sW)`. Default: 1 padding: implicit paddings on both sides of the input. Can be a single number or a tuple `(padH, padW)`. Default: 0 dilation: the spacing between kernel elements. Can be a single number or a tuple `(dH, dW)`. Default: 1 groups: split input into groups, :math:`\text{in\_channels}` should be divisible by the number of groups. Default: 1 padding_mode: the padding mode to use. Only ""zeros"" is supported for quantized convolution at the moment. Default: ""zeros"" scale: quantization scale for the output. Default: 1.0 zero_point: quantization zero_point for the output. Default: 0 dtype: quantization data type to use. Default: ``torch.quint8`` Examples:: >>> # xdoctest: +REQUIRES(env:TORCH_DOCTEST_QENGINE) >>> from torch.ao.nn.quantized import functional as qF >>> filters = torch.randn(8, 4, 3, 3, dtype=torch.float) >>> inputs = torch.randn(1, 4, 5, 5, dtype=torch.float) >>> bias = torch.randn(8, dtype=torch.float) >>> >>> scale, zero_point = 1.0, 0 >>> dtype_inputs = torch.quint8 >>> dtype_filters = torch.qint8 >>> >>> q_filters = torch.quantize_per_tensor(filters, scale, zero_point, dtype_filters) >>> q_inputs = torch.quantize_per_tensor(inputs, scale, zero_point, dtype_inputs) >>> qF.conv2d(q_inputs, q_filters, bias, padding=1, scale=scale, zero_point=zero_point)"
tensorflow.python.keras.engine.base_layer_v1.call,,torch.fx.passes.shape_prop.propagate,Run `module` via interpretation and return the result and record the shape and type of each node. Args: *args (Tensor): the sample input. Returns: Any: The value returned from executing the Module
tensorflow.python.ops.nn_ops.in_top_k,,torch.autograd.function.vmap,"Define the behavior for this autograd.Function underneath :func:`torch.vmap`. For a :func:`torch.autograd.Function` to support :func:`torch.vmap`, you must either override this static method, or set ``generate_vmap_rule`` to ``True`` (you may not do both). If you choose to override this staticmethod: it must accept - an ``info`` object as the first argument. ``info.batch_size`` specifies the size of the dimension being vmapped over, while ``info.randomness`` is the randomness option passed to :func:`torch.vmap`. - an ``in_dims`` tuple as the second argument. For each arg in ``args``, ``in_dims`` has a corresponding ``Optional[int]``. It is ``None`` if the arg is not a Tensor or if the arg is not being vmapped over, otherwise, it is an integer specifying what dimension of the Tensor is being vmapped over. - ``*args``, which is the same as the args to :meth:`~Function.forward`. The return of the vmap staticmethod is a tuple of ``(output, out_dims)``. Similar to ``in_dims``, ``out_dims`` should be of the same structure as ``output`` and contain one ``out_dim`` per output that specifies if the output has the vmapped dimension and what index it is in. Please see :ref:`func-autograd-function` for more details."
tensorflow.python.ops.map_fn.compute,,torch.fx.experimental.migrate_gradual_types.constraint_transformation.broadcast_dim,"Apply broadcasting to the 'index' dimension of tensor_input1. Args: tensor_input1: should represent [d1, ..., d_index, ...] where d_index = 1 tensor_input2: represents the second input res1: broadcasted result 1 res2: broadcasted result 2 index: the index to broadcast padding: If padding was used, then tensor_input1[index] does not exist Returns:"
tensorflow.python.keras.utils.vis_utils.model_to_dot,,torch.utils.tensorboard.summary.mesh,"Output a merged `Summary` protocol buffer with a mesh/point cloud. Args: tag: A name for this summary operation. vertices: Tensor of shape `[dim_1, ..., dim_n, 3]` representing the 3D coordinates of vertices. faces: Tensor of shape `[dim_1, ..., dim_n, 3]` containing indices of vertices within each triangle. colors: Tensor of shape `[dim_1, ..., dim_n, 3]` containing colors for each vertex. display_name: If set, will be used as the display name in TensorBoard. Defaults to `name`. description: A longform readable description of the summary data. Markdown is supported. config_dict: Dictionary with ThreeJS classes names and configuration. Returns: Merged summary for mesh/point cloud representation."
tensorflow.python.tpu.tpu_system_metadata.get_session_config_with_timeout,,torch.distributed.algorithms.join.join_process_group,Returns the process group for the collective communications needed by the join context manager itself.
tensorflow.python.ops.array_ops.gather,,torch.distributed._shard.sharded_tensor.api.reshard,"Reshard a sharded tensor given the ``resharding_spec``. For now, we only support single local shard. If ``resharding_spec`` is same as the original one, this becomes a no-op. If only ``resharding_spec`` shares the same sharding dim with the original one, we swap local shards directly. For more generic cases, we merge different shards across different ranks and split the local shards based on the ``resharding_spec`` via `all_to_all` collective API. Args: resharding_spec (:class:`torch.distributed._shard.sharding_spec.ShardingSpec`): The specification describing how the tensor is sharded. Returns: A :class:`ShardedTensor` object whose local shards are resharded. Examples: >>> # xdoctest: +SKIP >>> # We have 2 process groups, 2 ranks. >>> tensor = torch.arange(4, dtype=torch.int64) + 1 + 2 * rank >>> tensor = torch.stack([tensor, tensor]) >>> tensor tensor([[1, 2, 3, 4], [1, 2, 3, 4]]) # Rank 0 tensor([[3, 4, 5, 6], [3, 4, 5, 6]]) # Rank 1 tensor([[5, 6, 7, 8], [5, 6, 7, 8]]) # Rank 2 tensor([[7, 8, 9, 10], [7, 8, 9, 10]]) # Rank 3 >>> sharding_dim = 0 >>> spec = ChunkShardingSpec( dim=sharding_dim, placements=[ ""rank:0/cuda:0"", ""rank:1/cuda:1"", ""rank:2/cuda:2"", ""rank:3/cuda:3"", ], ) >>> current_offsets = [0] * 2 >>> current_offsets[0] = rank * 2 >>> shard_metadata = ShardMetadata( shard_offsets=copy.deepcopy(current_offsets), shard_sizes=tensor.size(), placement=spec.placements[rank], ) >>> local_shards = [ Shard( tensor=tensor, metadata=shard_metadata, ) ] >>> st = ShardedTensor._init_from_local_shards(local_shards, tensor.size()) >>> sharding_dim = 1 >>> resharding_spec = ChunkShardingSpec( dim=sharding_dim, placements=[ ""rank:0/cuda:0"", ""rank:1/cuda:1"", ""rank:2/cuda:2"", ""rank:3/cuda:3"", ], ) >>> st.reshard(resharding_spec) >>> tensor = st.local_shards()[0].tensor >>> tensor tensor([[1], [1], [3], [3], [5], [5], [7], [7]]) # Rank 0 tensor([[2], [2], [4], [4], [6], [6], [8], [8]]) # Rank 1 tensor([[3], [3], [5], [5], [7], [7], [9], [9]]) # Rank 2 tensor([[4], [4], [6"
tensorflow.python.framework.extension_type.pack,,torch.distributed._shard.sharder.shard,"Shard a module base on the implementation of this method, and return the sharded version of the module. Args: module (:class:`torch.nn.Module`): The module to apply sharding to. Returns: A :class:`torch.nn.Module` object that represents a module that's already been sharded."
tensorflow.python.ops.stateful_random_ops.get_global_generator,,torch.distributed.checkpoint.planner.resolve_tensor,"Return the tensor described by ``read_item`` to be used by the StorageReader to load `read_item`. The tensor should alias with one on the underlying state_dict as StorageReader will replace its contents. If, for any reason, that's not possible, the planner can use the ``commit_tensor`` method to copy the data back to the one in state_dict."
tensorflow.python.debug.lib.debug_events_writer.FlushNonExecutionFiles,,torch._dynamo.output_graph.compile_subgraph,Generate a subgraph to continue execution on user code. Automatically restore live variables.
tensorflow.python.keras.engine.training_v1.reset_metrics,,torch._lazy.metrics.reset,Resets all metric counters.
tensorflow.python.framework.test_util.run_gpu_only,,torch._inductor.codegen.cuda.gemm_template.test_call_statement,"Helper method to render the Cutlass CUDA C++ code required for calling the GEMM operation in the standalone test runner that might also be generated along with the rest of the code, if the corresponding config is enabled. Returns a C++ statement that calls the GEMM operation with the correct arguments."
tensorflow.python.profiler.profiler_v2.start,,torch.hub.download_url_to_file,"Download object at the given URL to a local path. Args: url (str): URL of the object to download dst (str): Full path where object will be saved, e.g. ``/tmp/temporary_file`` hash_prefix (str, optional): If not None, the SHA256 downloaded file should start with ``hash_prefix``. Default: None progress (bool, optional): whether or not to display a progress bar to stderr Default: True Example: >>> # xdoctest: +REQUIRES(env:TORCH_DOCTEST_HUB) >>> # xdoctest: +REQUIRES(POSIX) >>> torch.hub.download_url_to_file('https://s3.amazonaws.com/pytorch/models/resnet18-5c106cde.pth', '/tmp/temporary_file')"
tensorflow.python.ops.nn_ops.squeeze_batch_dims,,torch.nn.functional.upsample_bilinear,"Upsamples the input, using bilinear upsampling. .. warning:: This function is deprecated in favor of :func:`torch.nn.functional.interpolate`. This is equivalent with ``nn.functional.interpolate(..., mode='bilinear', align_corners=True)``. Expected inputs are spatial (4 dimensional). Use `upsample_trilinear` fo volumetric (5 dimensional) inputs. Args: input (Tensor): input size (int or Tuple[int, int]): output spatial size. scale_factor (int or Tuple[int, int]): multiplier for spatial size Note: {backward_reproducibility_note}"
tensorflow.python.debug.lib.source_remote.send_eager_tracebacks,,torch.distributed.rpc.options.set_devices,"Set local devices used by the TensorPipe RPC agent. When processing CUDA RPC requests, the TensorPipe RPC agent will properly synchronize CUDA streams for all devices in this ``List``. Args: devices (List of int, str, or torch.device): local devices used by the TensorPipe RPC agent."
tensorflow.python.framework.test_util.with_eager_op_as_function,,torch.overrides.resolve_name,Get a human readable string name for a function passed to __torch_function__ Arguments --------- f : Callable Function to resolve the name of. Returns ------- str Name of the function; if eval'ed it should give back the input function.
tensorflow.python.autograph.operators.data_structures.list_stack,,torch.library.define,"Defines a new operator and its semantics in the ns namespace. Args: schema: function schema to define a new operator. alias_analysis (optional): Indicates if the aliasing properties of the operator arguments can be inferred from the schema (default behavior) or not (""CONSERVATIVE""). tags (Tag | Sequence[Tag]): one or more torch.Tag to apply to this operator. Tagging an operator changes the operator's behavior under various PyTorch subsystems; please read the docs for the torch.Tag carefully before applying it. Returns: name of the operator as inferred from the schema. Example:: >>> my_lib = Library(""mylib"", ""DEF"") >>> my_lib.define(""sum(Tensor self) -> Tensor"")"
tensorflow.python.ops.resource_variable_ops.assign,,torch.ao.pruning._experimental.data_sparsifier.base_data_sparsifier.add_data,"Configures and parametrizes the internal container model with name and data. **Note**: 1. If the data with name already exists, it replaces the data. 2. While replacing, the old mask is reused when `reuse_mask=True` 3. If `reuse_mask=True`, then the replacing data needs to have the same shape as that of old data. 4. By default, the config of the replaced data is used as config for the replacing data, unless something is specified in the config dictionary."
tensorflow.python.ops.embedding_ops.embedding_lookup_sparse_v2,,torch.distributed._shard.sharding_spec.chunk_sharding_spec_ops.embedding_bag.sharded_embedding_bag,"Handles ``__torch_function__`` dispatch for ``torch.nn.functional.embedding_bag``. This method computes a sharded embedding bag aggregation and has the following limitations: 1. Supports only sharding of ``weight``. 2. Supports only ``ChunkShardingSpec``. 3. Supports only a single local shard per rank. 4. Supports all specs except for scale_grad_by_freq, sparse, etc. Based on the dimension that the weight is sharded on, there are two algorithms: ROWWISE SHARDING ================ For row-wise sharding the weight is sharded on dimension 0. The overall algorithm can be best explained with an example. Let's assume the dims for input are (4 x 6) and W are (16 x 17) and W is sharded across 4 GPUs creating 4 shard of (4 x 17). The algorithm is as follows: 1. First the input is all gathered to all ranks, since this is SPMD and input is actually sharded across all ranks. The inputs then become a 4 (4 x 6) tensor on each rank. For example if the given input is tensor([[6, 5, 2, 9, 6, 3], [3, 1, 2, 4, 7, 6], [4, 0, 4, 9, 8, 9], [8, 6, 6, 4, 6, 1]]) on rank 0. Then on every rank, we will have this tensor. If input itself is already replicated, no all-gather will be done. 2. Next, we mask the ID which are not stored on that rank. For example on rank 0, we store ID [0, 1, 2]. We only keep the ID inside the set of numbers. The rest of them will be masked to an extra row. The masked matrix will be used for embedding look up and is like: tensor([[4, 4, 2, 4, 4, 4], [4, 1, 2, 4, 4, 4], [4, 0, 4, 4, 4, 4], [4, 4, 4, 4, 4, 1]]) 3. If ``max_norm`` is specified, the extra row guarantees that the mask ID will not affect the behavior of weigh re-norm. 4. The example above only happens in one rank and each rank does a very similar thing. For ""Mean"" mode we need to divide by either column size (2D) or the interval length defined by the offset (excluding the row specified in ``padding_idx``). We also need to mask the unexisting row to neg Inf so that negative value does not gets wiped out in"
tensorflow.python.distribute.one_device_strategy.distribute_datasets_from_function,,torch.distributed.algorithms.ddp_comm_hooks.post_localSGD_hook.post_localSGD_hook,"Run post-localSGD algorithm. This DDP communication hook is used for running post-localSGD algorithm, by combining with a model averaging component (e.g., :class:`~torch.distributed.algorithms.model_averaging.averagers.PeriodicModelAverager`) that runs after the optimizer step. Args: state (PostLocalSGDState): State information to run post-localSGD. Users mainly need to tune ``start_localSGD_iter`` to determine when to start local SGD. bucket (dist.GradBucket): Bucket that stores a 1D flattened gradient tensor that batches multiple per-variable tensors. Note that since DDP comm hook only supports single process single device mode, only exactly one tensor is stored in this bucket. Returns: Future handler of the communication, which updates the gradients in place. Example:: >>> # xdoctest: +SKIP >>> state = PostLocalSGDState(process_group=process_group, subgroup=subgroup, start_localSGD_iter=10) >>> ddp_model.register_comm_hook(state, post_localSGD_hook) >>> # Also need to establish a model averaging module and run model averaging after ``optimizer.step()``. >>> # Please refer to the examples in ``torch.distributed.algorithms.model_averaging.averagers`` module."
tensorflow.python.debug.lib.debug_data.node_exists,,torch.onnx._internal.fx.passes.type_promotion.get_type_promotion_rule,Get type promotion rule for a node. Args: diagnostic: Diagnostic object. node: Node to get type promotion rule for. type_promotion_table: Type promotion table. Returns: Type promotion rule for the node. None if no rule is found or if the node is not representing a torch operator.
tensorflow.python.ops.ragged.ragged_string_ops.strings_split_v1,,torch.nn.functional.ctc_loss,"Apply the Connectionist Temporal Classification loss. See :class:`~torch.nn.CTCLoss` for details. Note: {cudnn_reproducibility_note} Note: {backward_reproducibility_note} Args: log_probs: :math:`(T, N, C)` or :math:`(T, C)` where `C = number of characters in alphabet including blank`, `T = input length`, and `N = batch size`. The logarithmized probabilities of the outputs (e.g. obtained with :func:`torch.nn.functional.log_softmax`). targets: :math:`(N, S)` or `(sum(target_lengths))`. Targets cannot be blank. In the second form, the targets are assumed to be concatenated. input_lengths: :math:`(N)` or :math:`()`. Lengths of the inputs (must each be :math:`\leq T`) target_lengths: :math:`(N)` or :math:`()`. Lengths of the targets blank (int, optional): Blank label. Default :math:`0`. reduction (str, optional): Specifies the reduction to apply to the output: ``'none'`` | ``'mean'`` | ``'sum'``. ``'none'``: no reduction will be applied, ``'mean'``: the output losses will be divided by the target lengths and then the mean over the batch is taken, ``'sum'``: the output will be summed. Default: ``'mean'`` zero_infinity (bool, optional): Whether to zero infinite losses and the associated gradients. Default: ``False`` Infinite losses mainly occur when the inputs are too short to be aligned to the targets. Example:: >>> log_probs = torch.randn(50, 16, 20).log_softmax(2).detach().requires_grad_() >>> targets = torch.randint(1, 20, (16, 30), dtype=torch.long) >>> input_lengths = torch.full((16,), 50, dtype=torch.long) >>> target_lengths = torch.randint(10, 30, (16,), dtype=torch.long) >>> loss = F.ctc_loss(log_probs, targets, input_lengths, target_lengths) >>> loss.backward()"
tensorflow.python.compiler.tensorrt.test.test_utils.experimental_feature_scope,,torch.ao.quantization.fake_quantize.disable_observer,"Disable observation for this module. Disable observation for this module, if applicable. Example usage:: # model is any PyTorch model model.apply(torch.ao.quantization.disable_observer)"
tensorflow.python.framework.subscribe.subscribe,,torch.distributed.fsdp.fully_sharded_data_parallel.register_comm_hook,"Register a communication hook. This is an enhancement that provides a flexible hook to users where they can specify how FSDP aggregates gradients across multiple workers. This hook can be used to implement several algorithms like `GossipGrad <https://arxiv.org/abs/1803.05880>`_ and gradient compression which involve different communication strategies for parameter syncs while training with :class:`FullyShardedDataParallel`. .. warning :: FSDP communication hook should be registered before running an initial forward pass and only once. Args: state (object): Passed to the hook to maintain any state information during the training process. Examples include error feedback in gradient compression, peers to communicate with next in `GossipGrad <https://arxiv.org/abs/1803.05880>`_, etc. It is locally stored by each worker and shared by all the gradient tensors on the worker. hook (Callable): Callable, which has one of the following signatures: 1) ``hook: Callable[torch.Tensor] -> None``: This function takes in a Python tensor, which represents the full, flattened, unsharded gradient with respect to all variables corresponding to the model this FSDP unit is wrapping (that are not wrapped by other FSDP sub-units). It then performs all necessary processing and returns ``None``; 2) ``hook: Callable[torch.Tensor, torch.Tensor] -> None``: This function takes in two Python tensors, the first one represents the full, flattened, unsharded gradient with respect to all variables corresponding to the model this FSDP unit is wrapping (that are not wrapped by other FSDP sub-units). The latter represents a pre-sized tensor to store a chunk of a sharded gradient after reduction. In both cases, callable performs all necessary processing and returns ``None``. Callables with signature 1 are expected to handle gradient communication for a `NO_SHARD` case. Callables with signature 2 are expected to handle gradient communication for sharded cases."
tensorflow.python.ops.control_flow_v2_toggles.disable_control_flow_v2,,torch._inductor.compile_fx.compile_fx_inner,"Inductor API that compiles a single graph. If you change the argument list for this function, make sure you also update the call to save_args_for_compile_fx_inner below accordingly."
tensorflow.python.ops.ragged.ragged_where_op.where,,torch.nn.utils.rnn.pad_sequence,"Pad a list of variable length Tensors with :attr:`padding_value`. ``pad_sequence`` stacks a list of Tensors along a new dimension, and pads them to equal length. :attr:`sequences` can be list of sequences with size ``L x *``, where `L` is length of the sequence and ``*`` is any number of dimensions (including 0). If :attr:`batch_first` is ``False``, the output is of size ``T x B x *``, and ``B x T x *`` otherwise, where ``B`` is the batch size (the number of elements in :attr:`sequences`), ``T`` is the length of the longest sequence. Example: >>> from torch.nn.utils.rnn import pad_sequence >>> a = torch.ones(25, 300) >>> b = torch.ones(22, 300) >>> c = torch.ones(15, 300) >>> pad_sequence([a, b, c]).size() torch.Size([25, 3, 300]) Note: This function returns a Tensor of size ``T x B x *`` or ``B x T x *`` where `T` is the length of the longest sequence. This function assumes trailing dimensions and type of all the Tensors in sequences are same. Args: sequences (list[Tensor]): list of variable length sequences. batch_first (bool, optional): if ``True``, the output will be in ``B x T x *`` format, ``T x B x *`` otherwise. padding_value (float, optional): value for padded elements. Default: 0. Returns: Tensor of size ``T x B x *`` if :attr:`batch_first` is ``False``. Tensor of size ``B x T x *`` otherwise"
tensorflow.python.ops.sparse_ops.sparse_slice,,torch.nn.attention.bias.causal_lower_right,"Creates a lower-right triangular causal bias. This function generates a lower-right triangular matrix to represent causal attention bias with a diagonal offset set so that the inclusive values are aligned to the lower right corner of the matrix. The equivalent pytorch code for constructing this bias is: .. code-block:: python diagonal_offset = size[1] - size[0] torch.tril( torch.ones(size, dtype=torch.bool), diagonal=diagonal_offset, ) For instance, with `shape=(3,4)`, the materialized bias tensor will be: .. code-block:: text [[1, 1, 0, 0], [1, 1, 1, 0], [1, 1, 1, 1]] Args: size: The size of the bias matrix. Returns: CausalBias: The LOWER_RIGHT triangular causal bias variant."
tensorflow.python.keras.engine.node.parent_nodes,,torch.ao.ns.fx.n_shadows_utils.maybe_remap_node_to_shadow,"If unshadowed `node` has a shadow version, return that. If not, return `node`."
tensorflow.python.compiler.tensorrt.test.tf_trt_integration_test_base.BuildParams,,torch.ao.nn.quantized.functional.upsample_nearest,"Upsamples the input, using nearest neighbours' pixel values. .. warning:: This function is deprecated in favor of :func:`torch.ao.nn.quantized.functional.interpolate`. This is equivalent with ``nn.quantized.functional.interpolate(..., mode='nearest')``. .. note:: The input quantization parameters propagate to the output. .. note:: Only 2D inputs are supported Args: input (Tensor): quantized input size (int or Tuple[int, int] or Tuple[int, int, int]): output spatial size. scale_factor (int): multiplier for spatial size. Has to be an integer."
tensorflow.python.keras.engine.data_adapter.batch_size,,torch.testing._internal.opinfo.core.reference_inputs,Returns an iterable of SampleInputs. Distinct from sample_inputs() above because this returns an expanded set of inputs when reference_inputs_func is defined. If undefined this returns the sample inputs.
tensorflow.python.distribute.distribute_lib.group,,torch.onnx._internal.fx.passes.modularization.module_display_name,The display name of the module. E.g. `h_1_mlp_c_proj`.
tensorflow.python.tpu.tensor_tracer.keras_layer_tracepoint,,torch.distributed.checkpoint.storage.finish,Write the metadata and marks the current checkpoint as successful. The actual format/schema used for serializing `metadata` is an implementation detail. The only requirement is that it's recoverable in to the same object graph. Args: metadata (Metadata): metadata for the new checkpoint results: A list of WriteResults from all ranks. Returns: None
tensorflow.python.autograph.pyct.cfg.add_continue_node,,torch._export.utils.sequential_split,Splits the graph module into multiple submodules based on the node_call_back. The node_call_back should return True if the node is a delimiter. Delimiter will be the first node in the next submodule.
