crossprobe_api,crossprobe_normalized,terl_api,terl_normalized,score,overlap_tokens,match_type
tensorflow.python.data.experimental.ops.io.save,tf.data.experimental.ops.io.save,tf.data.experimental.save,tf.data.experimental.save,2,"data,save",fuzzy
tensorflow.python.data.ops.dataset_ops.ignore_errors,tf.data.ops.dataset_ops.ignore_errors,tf.data.experimental.ignore_errors,tf.data.experimental.ignore_errors,2,"data,ignore_errors",fuzzy
tensorflow.python.data.ops.dataset_ops.unbatch,tf.data.ops.dataset_ops.unbatch,tf.data.experimental.unbatch,tf.data.experimental.unbatch,2,"data,unbatch",fuzzy
tensorflow.python.distribute.cluster_resolver.cluster_resolver.num_accelerators,tf.distribute.cluster_resolver.cluster_resolver.num_accelerators,tf.distribute.cluster_resolver.SlurmClusterResolver,tf.distribute.cluster_resolver.SlurmClusterResolver,2,"cluster_resolver,distribute",fuzzy
tensorflow.python.distribute.cluster_resolver.cluster_resolver.num_accelerators,tf.distribute.cluster_resolver.cluster_resolver.num_accelerators,tf.distribute.cluster_resolver.TFConfigClusterResolver,tf.distribute.cluster_resolver.TFConfigClusterResolver,2,"cluster_resolver,distribute",fuzzy
tensorflow.python.distribute.cluster_resolver.cluster_resolver.num_accelerators,tf.distribute.cluster_resolver.cluster_resolver.num_accelerators,tf.distribute.cluster_resolver.UnionResolver,tf.distribute.cluster_resolver.UnionResolver,2,"cluster_resolver,distribute",fuzzy
tensorflow.python.distribute.cluster_resolver.cluster_resolver.task_type,tf.distribute.cluster_resolver.cluster_resolver.task_type,tf.distribute.cluster_resolver.SlurmClusterResolver,tf.distribute.cluster_resolver.SlurmClusterResolver,2,"cluster_resolver,distribute",fuzzy
tensorflow.python.distribute.cluster_resolver.cluster_resolver.task_type,tf.distribute.cluster_resolver.cluster_resolver.task_type,tf.distribute.cluster_resolver.TFConfigClusterResolver,tf.distribute.cluster_resolver.TFConfigClusterResolver,2,"cluster_resolver,distribute",fuzzy
tensorflow.python.distribute.cluster_resolver.cluster_resolver.task_type,tf.distribute.cluster_resolver.cluster_resolver.task_type,tf.distribute.cluster_resolver.UnionResolver,tf.distribute.cluster_resolver.UnionResolver,2,"cluster_resolver,distribute",fuzzy
tensorflow.python.distribute.cluster_resolver.tfconfig_cluster_resolver.master,tf.distribute.cluster_resolver.tfconfig_cluster_resolver.master,tf.distribute.cluster_resolver.SlurmClusterResolver,tf.distribute.cluster_resolver.SlurmClusterResolver,2,"cluster_resolver,distribute",fuzzy
tensorflow.python.distribute.cluster_resolver.tfconfig_cluster_resolver.master,tf.distribute.cluster_resolver.tfconfig_cluster_resolver.master,tf.distribute.cluster_resolver.TFConfigClusterResolver,tf.distribute.cluster_resolver.TFConfigClusterResolver,2,"cluster_resolver,distribute",fuzzy
tensorflow.python.distribute.cluster_resolver.tfconfig_cluster_resolver.master,tf.distribute.cluster_resolver.tfconfig_cluster_resolver.master,tf.distribute.cluster_resolver.UnionResolver,tf.distribute.cluster_resolver.UnionResolver,2,"cluster_resolver,distribute",fuzzy
tensorflow.python.distribute.cluster_resolver.tpu.tpu_cluster_resolver.initialize_tpu_system,tf.distribute.cluster_resolver.tpu.tpu_cluster_resolver.initialize_tpu_system,tf.distribute.cluster_resolver.SlurmClusterResolver,tf.distribute.cluster_resolver.SlurmClusterResolver,2,"cluster_resolver,distribute",fuzzy
tensorflow.python.distribute.cluster_resolver.tpu.tpu_cluster_resolver.initialize_tpu_system,tf.distribute.cluster_resolver.tpu.tpu_cluster_resolver.initialize_tpu_system,tf.distribute.cluster_resolver.TFConfigClusterResolver,tf.distribute.cluster_resolver.TFConfigClusterResolver,2,"cluster_resolver,distribute",fuzzy
tensorflow.python.distribute.cluster_resolver.tpu.tpu_cluster_resolver.initialize_tpu_system,tf.distribute.cluster_resolver.tpu.tpu_cluster_resolver.initialize_tpu_system,tf.distribute.cluster_resolver.UnionResolver,tf.distribute.cluster_resolver.UnionResolver,2,"cluster_resolver,distribute",fuzzy
tensorflow.python.distribute.cluster_resolver.tpu.tpu_cluster_resolver.master,tf.distribute.cluster_resolver.tpu.tpu_cluster_resolver.master,tf.distribute.cluster_resolver.SlurmClusterResolver,tf.distribute.cluster_resolver.SlurmClusterResolver,2,"cluster_resolver,distribute",fuzzy
tensorflow.python.distribute.cluster_resolver.tpu.tpu_cluster_resolver.master,tf.distribute.cluster_resolver.tpu.tpu_cluster_resolver.master,tf.distribute.cluster_resolver.TFConfigClusterResolver,tf.distribute.cluster_resolver.TFConfigClusterResolver,2,"cluster_resolver,distribute",fuzzy
tensorflow.python.distribute.cluster_resolver.tpu.tpu_cluster_resolver.master,tf.distribute.cluster_resolver.tpu.tpu_cluster_resolver.master,tf.distribute.cluster_resolver.UnionResolver,tf.distribute.cluster_resolver.UnionResolver,2,"cluster_resolver,distribute",fuzzy
tensorflow.python.distribute.cluster_resolver.tpu.tpu_cluster_resolver.shutdown_tpu_system,tf.distribute.cluster_resolver.tpu.tpu_cluster_resolver.shutdown_tpu_system,tf.distribute.cluster_resolver.SlurmClusterResolver,tf.distribute.cluster_resolver.SlurmClusterResolver,2,"cluster_resolver,distribute",fuzzy
tensorflow.python.distribute.cluster_resolver.tpu.tpu_cluster_resolver.shutdown_tpu_system,tf.distribute.cluster_resolver.tpu.tpu_cluster_resolver.shutdown_tpu_system,tf.distribute.cluster_resolver.TFConfigClusterResolver,tf.distribute.cluster_resolver.TFConfigClusterResolver,2,"cluster_resolver,distribute",fuzzy
tensorflow.python.distribute.cluster_resolver.tpu.tpu_cluster_resolver.shutdown_tpu_system,tf.distribute.cluster_resolver.tpu.tpu_cluster_resolver.shutdown_tpu_system,tf.distribute.cluster_resolver.UnionResolver,tf.distribute.cluster_resolver.UnionResolver,2,"cluster_resolver,distribute",fuzzy
tensorflow.python.distribute.coordinator.cluster_coordinator.get,tf.distribute.coordinator.cluster_coordinator.get,tf.distribute.coordinator,tf.distribute.coordinator,2,"coordinator,distribute",fuzzy
tensorflow.python.distribute.coordinator.cluster_coordinator.get,tf.distribute.coordinator.cluster_coordinator.get,tf.distribute.experimental.coordinator,tf.distribute.experimental.coordinator,2,"coordinator,distribute",fuzzy
tensorflow.python.distribute.coordinator.cluster_coordinator.get,tf.distribute.coordinator.cluster_coordinator.get,tf.distribute.experimental.coordinator.ClusterCoordinator,tf.distribute.experimental.coordinator.ClusterCoordinator,2,"coordinator,distribute",fuzzy
tensorflow.python.distribute.coordinator.cluster_coordinator.wait,tf.distribute.coordinator.cluster_coordinator.wait,tf.distribute.coordinator,tf.distribute.coordinator,2,"coordinator,distribute",fuzzy
tensorflow.python.distribute.coordinator.cluster_coordinator.wait,tf.distribute.coordinator.cluster_coordinator.wait,tf.distribute.experimental.coordinator,tf.distribute.experimental.coordinator,2,"coordinator,distribute",fuzzy
tensorflow.python.distribute.coordinator.cluster_coordinator.wait,tf.distribute.coordinator.cluster_coordinator.wait,tf.distribute.experimental.coordinator.ClusterCoordinator,tf.distribute.experimental.coordinator.ClusterCoordinator,2,"coordinator,distribute",fuzzy
tensorflow.python.keras.backend.batch_flatten,tf.keras.backend.batch_flatten,tf.keras.backend,tf.keras.backend,2,"backend,keras",fuzzy
tensorflow.python.keras.backend.batch_flatten,tf.keras.backend.batch_flatten,tf.keras.backend.argmax,tf.keras.backend.argmax,2,"backend,keras",fuzzy
tensorflow.python.keras.backend.batch_flatten,tf.keras.backend.batch_flatten,tf.keras.backend.argmin,tf.keras.backend.argmin,2,"backend,keras",fuzzy
tensorflow.python.keras.backend.batch_flatten,tf.keras.backend.batch_flatten,tf.keras.backend.bias_add,tf.keras.backend.bias_add,2,"backend,keras",fuzzy
tensorflow.python.keras.backend.batch_flatten,tf.keras.backend.batch_flatten,tf.keras.backend.clip,tf.keras.backend.clip,2,"backend,keras",fuzzy
tensorflow.python.keras.backend.batch_flatten,tf.keras.backend.batch_flatten,tf.keras.backend.concatenate,tf.keras.backend.concatenate,2,"backend,keras",fuzzy
tensorflow.python.keras.backend.batch_flatten,tf.keras.backend.batch_flatten,tf.keras.backend.conv2d,tf.keras.backend.conv2d,2,"backend,keras",fuzzy
tensorflow.python.keras.backend.batch_flatten,tf.keras.backend.batch_flatten,tf.keras.backend.conv3d,tf.keras.backend.conv3d,2,"backend,keras",fuzzy
tensorflow.python.keras.backend.batch_flatten,tf.keras.backend.batch_flatten,tf.keras.backend.cos,tf.keras.backend.cos,2,"backend,keras",fuzzy
tensorflow.python.keras.backend.batch_flatten,tf.keras.backend.batch_flatten,tf.keras.backend.cumsum,tf.keras.backend.cumsum,2,"backend,keras",fuzzy
tensorflow.python.keras.backend.batch_flatten,tf.keras.backend.batch_flatten,tf.keras.backend.epsilon,tf.keras.backend.epsilon,2,"backend,keras",fuzzy
tensorflow.python.keras.backend.batch_flatten,tf.keras.backend.batch_flatten,tf.keras.backend.exp,tf.keras.backend.exp,2,"backend,keras",fuzzy
tensorflow.python.keras.backend.batch_flatten,tf.keras.backend.batch_flatten,tf.keras.backend.eye,tf.keras.backend.eye,2,"backend,keras",fuzzy
tensorflow.python.keras.backend.batch_flatten,tf.keras.backend.batch_flatten,tf.keras.backend.gather,tf.keras.backend.gather,2,"backend,keras",fuzzy
tensorflow.python.keras.backend.batch_flatten,tf.keras.backend.batch_flatten,tf.keras.backend.gradients,tf.keras.backend.gradients,2,"backend,keras",fuzzy
tensorflow.python.keras.backend.batch_flatten,tf.keras.backend.batch_flatten,tf.keras.backend.in_top_k,tf.keras.backend.in_top_k,2,"backend,keras",fuzzy
tensorflow.python.keras.backend.batch_flatten,tf.keras.backend.batch_flatten,tf.keras.backend.is_keras_tensor,tf.keras.backend.is_keras_tensor,2,"backend,keras",fuzzy
tensorflow.python.keras.backend.batch_flatten,tf.keras.backend.batch_flatten,tf.keras.backend.max,tf.keras.backend.max,2,"backend,keras",fuzzy
tensorflow.python.keras.backend.batch_flatten,tf.keras.backend.batch_flatten,tf.keras.backend.min,tf.keras.backend.min,2,"backend,keras",fuzzy
tensorflow.python.keras.backend.batch_flatten,tf.keras.backend.batch_flatten,tf.keras.backend.not_equal,tf.keras.backend.not_equal,2,"backend,keras",fuzzy
tensorflow.python.keras.backend.batch_flatten,tf.keras.backend.batch_flatten,tf.keras.backend.one_hot,tf.keras.backend.one_hot,2,"backend,keras",fuzzy
tensorflow.python.keras.backend.batch_flatten,tf.keras.backend.batch_flatten,tf.keras.backend.pool3d,tf.keras.backend.pool3d,2,"backend,keras",fuzzy
tensorflow.python.keras.backend.batch_flatten,tf.keras.backend.batch_flatten,tf.keras.backend.repeat,tf.keras.backend.repeat,2,"backend,keras",fuzzy
tensorflow.python.keras.backend.batch_flatten,tf.keras.backend.batch_flatten,tf.keras.backend.reshape,tf.keras.backend.reshape,2,"backend,keras",fuzzy
tensorflow.python.keras.backend.batch_flatten,tf.keras.backend.batch_flatten,tf.keras.backend.shape,tf.keras.backend.shape,2,"backend,keras",fuzzy
tensorflow.python.keras.backend.batch_flatten,tf.keras.backend.batch_flatten,tf.keras.backend.sin,tf.keras.backend.sin,2,"backend,keras",fuzzy
tensorflow.python.keras.backend.batch_flatten,tf.keras.backend.batch_flatten,tf.keras.backend.softsign,tf.keras.backend.softsign,2,"backend,keras",fuzzy
tensorflow.python.keras.backend.batch_flatten,tf.keras.backend.batch_flatten,tf.keras.backend.square,tf.keras.backend.square,2,"backend,keras",fuzzy
tensorflow.python.keras.backend.batch_flatten,tf.keras.backend.batch_flatten,tf.keras.backend.standardize_dtype,tf.keras.backend.standardize_dtype,2,"backend,keras",fuzzy
tensorflow.python.keras.backend.batch_flatten,tf.keras.backend.batch_flatten,tf.keras.backend.switch,tf.keras.backend.switch,2,"backend,keras",fuzzy
tensorflow.python.keras.backend.batch_flatten,tf.keras.backend.batch_flatten,tf.keras.backend.tile,tf.keras.backend.tile,2,"backend,keras",fuzzy
tensorflow.python.keras.backend.batch_flatten,tf.keras.backend.batch_flatten,tf.keras.backend.transpose,tf.keras.backend.transpose,2,"backend,keras",fuzzy
tensorflow.python.keras.backend.batch_flatten,tf.keras.backend.batch_flatten,tf.keras.backend.update,tf.keras.backend.update,2,"backend,keras",fuzzy
tensorflow.python.keras.backend.categorical_crossentropy,tf.keras.backend.categorical_crossentropy,tf.keras.backend,tf.keras.backend,2,"backend,keras",fuzzy
tensorflow.python.keras.backend.categorical_crossentropy,tf.keras.backend.categorical_crossentropy,tf.keras.backend.argmax,tf.keras.backend.argmax,2,"backend,keras",fuzzy
tensorflow.python.keras.backend.categorical_crossentropy,tf.keras.backend.categorical_crossentropy,tf.keras.backend.argmin,tf.keras.backend.argmin,2,"backend,keras",fuzzy
tensorflow.python.keras.backend.categorical_crossentropy,tf.keras.backend.categorical_crossentropy,tf.keras.backend.bias_add,tf.keras.backend.bias_add,2,"backend,keras",fuzzy
tensorflow.python.keras.backend.categorical_crossentropy,tf.keras.backend.categorical_crossentropy,tf.keras.backend.clip,tf.keras.backend.clip,2,"backend,keras",fuzzy
tensorflow.python.keras.backend.categorical_crossentropy,tf.keras.backend.categorical_crossentropy,tf.keras.backend.concatenate,tf.keras.backend.concatenate,2,"backend,keras",fuzzy
tensorflow.python.keras.backend.categorical_crossentropy,tf.keras.backend.categorical_crossentropy,tf.keras.backend.conv2d,tf.keras.backend.conv2d,2,"backend,keras",fuzzy
tensorflow.python.keras.backend.categorical_crossentropy,tf.keras.backend.categorical_crossentropy,tf.keras.backend.conv3d,tf.keras.backend.conv3d,2,"backend,keras",fuzzy
tensorflow.python.keras.backend.categorical_crossentropy,tf.keras.backend.categorical_crossentropy,tf.keras.backend.cos,tf.keras.backend.cos,2,"backend,keras",fuzzy
tensorflow.python.keras.backend.categorical_crossentropy,tf.keras.backend.categorical_crossentropy,tf.keras.backend.cumsum,tf.keras.backend.cumsum,2,"backend,keras",fuzzy
tensorflow.python.keras.backend.categorical_crossentropy,tf.keras.backend.categorical_crossentropy,tf.keras.backend.epsilon,tf.keras.backend.epsilon,2,"backend,keras",fuzzy
tensorflow.python.keras.backend.categorical_crossentropy,tf.keras.backend.categorical_crossentropy,tf.keras.backend.exp,tf.keras.backend.exp,2,"backend,keras",fuzzy
tensorflow.python.keras.backend.categorical_crossentropy,tf.keras.backend.categorical_crossentropy,tf.keras.backend.eye,tf.keras.backend.eye,2,"backend,keras",fuzzy
tensorflow.python.keras.backend.categorical_crossentropy,tf.keras.backend.categorical_crossentropy,tf.keras.backend.gather,tf.keras.backend.gather,2,"backend,keras",fuzzy
tensorflow.python.keras.backend.categorical_crossentropy,tf.keras.backend.categorical_crossentropy,tf.keras.backend.gradients,tf.keras.backend.gradients,2,"backend,keras",fuzzy
tensorflow.python.keras.backend.categorical_crossentropy,tf.keras.backend.categorical_crossentropy,tf.keras.backend.in_top_k,tf.keras.backend.in_top_k,2,"backend,keras",fuzzy
tensorflow.python.keras.backend.categorical_crossentropy,tf.keras.backend.categorical_crossentropy,tf.keras.backend.is_keras_tensor,tf.keras.backend.is_keras_tensor,2,"backend,keras",fuzzy
tensorflow.python.keras.backend.categorical_crossentropy,tf.keras.backend.categorical_crossentropy,tf.keras.backend.max,tf.keras.backend.max,2,"backend,keras",fuzzy
tensorflow.python.keras.backend.categorical_crossentropy,tf.keras.backend.categorical_crossentropy,tf.keras.backend.min,tf.keras.backend.min,2,"backend,keras",fuzzy
tensorflow.python.keras.backend.categorical_crossentropy,tf.keras.backend.categorical_crossentropy,tf.keras.backend.not_equal,tf.keras.backend.not_equal,2,"backend,keras",fuzzy
tensorflow.python.keras.backend.categorical_crossentropy,tf.keras.backend.categorical_crossentropy,tf.keras.backend.one_hot,tf.keras.backend.one_hot,2,"backend,keras",fuzzy
tensorflow.python.keras.backend.categorical_crossentropy,tf.keras.backend.categorical_crossentropy,tf.keras.backend.pool3d,tf.keras.backend.pool3d,2,"backend,keras",fuzzy
tensorflow.python.keras.backend.categorical_crossentropy,tf.keras.backend.categorical_crossentropy,tf.keras.backend.repeat,tf.keras.backend.repeat,2,"backend,keras",fuzzy
tensorflow.python.keras.backend.categorical_crossentropy,tf.keras.backend.categorical_crossentropy,tf.keras.backend.reshape,tf.keras.backend.reshape,2,"backend,keras",fuzzy
tensorflow.python.keras.backend.categorical_crossentropy,tf.keras.backend.categorical_crossentropy,tf.keras.backend.shape,tf.keras.backend.shape,2,"backend,keras",fuzzy
tensorflow.python.keras.backend.categorical_crossentropy,tf.keras.backend.categorical_crossentropy,tf.keras.backend.sin,tf.keras.backend.sin,2,"backend,keras",fuzzy
tensorflow.python.keras.backend.categorical_crossentropy,tf.keras.backend.categorical_crossentropy,tf.keras.backend.softsign,tf.keras.backend.softsign,2,"backend,keras",fuzzy
tensorflow.python.keras.backend.categorical_crossentropy,tf.keras.backend.categorical_crossentropy,tf.keras.backend.square,tf.keras.backend.square,2,"backend,keras",fuzzy
tensorflow.python.keras.backend.categorical_crossentropy,tf.keras.backend.categorical_crossentropy,tf.keras.backend.standardize_dtype,tf.keras.backend.standardize_dtype,2,"backend,keras",fuzzy
tensorflow.python.keras.backend.categorical_crossentropy,tf.keras.backend.categorical_crossentropy,tf.keras.backend.switch,tf.keras.backend.switch,2,"backend,keras",fuzzy
tensorflow.python.keras.backend.categorical_crossentropy,tf.keras.backend.categorical_crossentropy,tf.keras.backend.tile,tf.keras.backend.tile,2,"backend,keras",fuzzy
tensorflow.python.keras.backend.categorical_crossentropy,tf.keras.backend.categorical_crossentropy,tf.keras.backend.transpose,tf.keras.backend.transpose,2,"backend,keras",fuzzy
tensorflow.python.keras.backend.categorical_crossentropy,tf.keras.backend.categorical_crossentropy,tf.keras.backend.update,tf.keras.backend.update,2,"backend,keras",fuzzy
tensorflow.python.keras.backend.categorical_crossentropy,tf.keras.backend.categorical_crossentropy,tf.keras.ops.categorical_crossentropy,tf.keras.ops.categorical_crossentropy,2,"categorical_crossentropy,keras",fuzzy
tensorflow.python.keras.backend.constant,tf.keras.backend.constant,tf.keras.backend,tf.keras.backend,2,"backend,keras",fuzzy
tensorflow.python.keras.backend.constant,tf.keras.backend.constant,tf.keras.backend.argmax,tf.keras.backend.argmax,2,"backend,keras",fuzzy
tensorflow.python.keras.backend.constant,tf.keras.backend.constant,tf.keras.backend.argmin,tf.keras.backend.argmin,2,"backend,keras",fuzzy
tensorflow.python.keras.backend.constant,tf.keras.backend.constant,tf.keras.backend.bias_add,tf.keras.backend.bias_add,2,"backend,keras",fuzzy
tensorflow.python.keras.backend.constant,tf.keras.backend.constant,tf.keras.backend.clip,tf.keras.backend.clip,2,"backend,keras",fuzzy
tensorflow.python.keras.backend.constant,tf.keras.backend.constant,tf.keras.backend.concatenate,tf.keras.backend.concatenate,2,"backend,keras",fuzzy
tensorflow.python.keras.backend.constant,tf.keras.backend.constant,tf.keras.backend.conv2d,tf.keras.backend.conv2d,2,"backend,keras",fuzzy
tensorflow.python.keras.backend.constant,tf.keras.backend.constant,tf.keras.backend.conv3d,tf.keras.backend.conv3d,2,"backend,keras",fuzzy
tensorflow.python.keras.backend.constant,tf.keras.backend.constant,tf.keras.backend.cos,tf.keras.backend.cos,2,"backend,keras",fuzzy
tensorflow.python.keras.backend.constant,tf.keras.backend.constant,tf.keras.backend.cumsum,tf.keras.backend.cumsum,2,"backend,keras",fuzzy
tensorflow.python.keras.backend.constant,tf.keras.backend.constant,tf.keras.backend.epsilon,tf.keras.backend.epsilon,2,"backend,keras",fuzzy
tensorflow.python.keras.backend.constant,tf.keras.backend.constant,tf.keras.backend.exp,tf.keras.backend.exp,2,"backend,keras",fuzzy
tensorflow.python.keras.backend.constant,tf.keras.backend.constant,tf.keras.backend.eye,tf.keras.backend.eye,2,"backend,keras",fuzzy
tensorflow.python.keras.backend.constant,tf.keras.backend.constant,tf.keras.backend.gather,tf.keras.backend.gather,2,"backend,keras",fuzzy
tensorflow.python.keras.backend.constant,tf.keras.backend.constant,tf.keras.backend.gradients,tf.keras.backend.gradients,2,"backend,keras",fuzzy
tensorflow.python.keras.backend.constant,tf.keras.backend.constant,tf.keras.backend.in_top_k,tf.keras.backend.in_top_k,2,"backend,keras",fuzzy
tensorflow.python.keras.backend.constant,tf.keras.backend.constant,tf.keras.backend.is_keras_tensor,tf.keras.backend.is_keras_tensor,2,"backend,keras",fuzzy
tensorflow.python.keras.backend.constant,tf.keras.backend.constant,tf.keras.backend.max,tf.keras.backend.max,2,"backend,keras",fuzzy
tensorflow.python.keras.backend.constant,tf.keras.backend.constant,tf.keras.backend.min,tf.keras.backend.min,2,"backend,keras",fuzzy
tensorflow.python.keras.backend.constant,tf.keras.backend.constant,tf.keras.backend.not_equal,tf.keras.backend.not_equal,2,"backend,keras",fuzzy
tensorflow.python.keras.backend.constant,tf.keras.backend.constant,tf.keras.backend.one_hot,tf.keras.backend.one_hot,2,"backend,keras",fuzzy
tensorflow.python.keras.backend.constant,tf.keras.backend.constant,tf.keras.backend.pool3d,tf.keras.backend.pool3d,2,"backend,keras",fuzzy
tensorflow.python.keras.backend.constant,tf.keras.backend.constant,tf.keras.backend.repeat,tf.keras.backend.repeat,2,"backend,keras",fuzzy
tensorflow.python.keras.backend.constant,tf.keras.backend.constant,tf.keras.backend.reshape,tf.keras.backend.reshape,2,"backend,keras",fuzzy
tensorflow.python.keras.backend.constant,tf.keras.backend.constant,tf.keras.backend.shape,tf.keras.backend.shape,2,"backend,keras",fuzzy
tensorflow.python.keras.backend.constant,tf.keras.backend.constant,tf.keras.backend.sin,tf.keras.backend.sin,2,"backend,keras",fuzzy
tensorflow.python.keras.backend.constant,tf.keras.backend.constant,tf.keras.backend.softsign,tf.keras.backend.softsign,2,"backend,keras",fuzzy
tensorflow.python.keras.backend.constant,tf.keras.backend.constant,tf.keras.backend.square,tf.keras.backend.square,2,"backend,keras",fuzzy
tensorflow.python.keras.backend.constant,tf.keras.backend.constant,tf.keras.backend.standardize_dtype,tf.keras.backend.standardize_dtype,2,"backend,keras",fuzzy
tensorflow.python.keras.backend.constant,tf.keras.backend.constant,tf.keras.backend.switch,tf.keras.backend.switch,2,"backend,keras",fuzzy
tensorflow.python.keras.backend.constant,tf.keras.backend.constant,tf.keras.backend.tile,tf.keras.backend.tile,2,"backend,keras",fuzzy
tensorflow.python.keras.backend.constant,tf.keras.backend.constant,tf.keras.backend.transpose,tf.keras.backend.transpose,2,"backend,keras",fuzzy
tensorflow.python.keras.backend.constant,tf.keras.backend.constant,tf.keras.backend.update,tf.keras.backend.update,2,"backend,keras",fuzzy
tensorflow.python.keras.backend.deprecated_internal_learning_phase_scope,tf.keras.backend.deprecated_internal_learning_phase_scope,tf.keras.backend,tf.keras.backend,2,"backend,keras",fuzzy
tensorflow.python.keras.backend.deprecated_internal_learning_phase_scope,tf.keras.backend.deprecated_internal_learning_phase_scope,tf.keras.backend.argmax,tf.keras.backend.argmax,2,"backend,keras",fuzzy
tensorflow.python.keras.backend.deprecated_internal_learning_phase_scope,tf.keras.backend.deprecated_internal_learning_phase_scope,tf.keras.backend.argmin,tf.keras.backend.argmin,2,"backend,keras",fuzzy
tensorflow.python.keras.backend.deprecated_internal_learning_phase_scope,tf.keras.backend.deprecated_internal_learning_phase_scope,tf.keras.backend.bias_add,tf.keras.backend.bias_add,2,"backend,keras",fuzzy
tensorflow.python.keras.backend.deprecated_internal_learning_phase_scope,tf.keras.backend.deprecated_internal_learning_phase_scope,tf.keras.backend.clip,tf.keras.backend.clip,2,"backend,keras",fuzzy
tensorflow.python.keras.backend.deprecated_internal_learning_phase_scope,tf.keras.backend.deprecated_internal_learning_phase_scope,tf.keras.backend.concatenate,tf.keras.backend.concatenate,2,"backend,keras",fuzzy
tensorflow.python.keras.backend.deprecated_internal_learning_phase_scope,tf.keras.backend.deprecated_internal_learning_phase_scope,tf.keras.backend.conv2d,tf.keras.backend.conv2d,2,"backend,keras",fuzzy
tensorflow.python.keras.backend.deprecated_internal_learning_phase_scope,tf.keras.backend.deprecated_internal_learning_phase_scope,tf.keras.backend.conv3d,tf.keras.backend.conv3d,2,"backend,keras",fuzzy
tensorflow.python.keras.backend.deprecated_internal_learning_phase_scope,tf.keras.backend.deprecated_internal_learning_phase_scope,tf.keras.backend.cos,tf.keras.backend.cos,2,"backend,keras",fuzzy
tensorflow.python.keras.backend.deprecated_internal_learning_phase_scope,tf.keras.backend.deprecated_internal_learning_phase_scope,tf.keras.backend.cumsum,tf.keras.backend.cumsum,2,"backend,keras",fuzzy
tensorflow.python.keras.backend.deprecated_internal_learning_phase_scope,tf.keras.backend.deprecated_internal_learning_phase_scope,tf.keras.backend.epsilon,tf.keras.backend.epsilon,2,"backend,keras",fuzzy
tensorflow.python.keras.backend.deprecated_internal_learning_phase_scope,tf.keras.backend.deprecated_internal_learning_phase_scope,tf.keras.backend.exp,tf.keras.backend.exp,2,"backend,keras",fuzzy
tensorflow.python.keras.backend.deprecated_internal_learning_phase_scope,tf.keras.backend.deprecated_internal_learning_phase_scope,tf.keras.backend.eye,tf.keras.backend.eye,2,"backend,keras",fuzzy
tensorflow.python.keras.backend.deprecated_internal_learning_phase_scope,tf.keras.backend.deprecated_internal_learning_phase_scope,tf.keras.backend.gather,tf.keras.backend.gather,2,"backend,keras",fuzzy
tensorflow.python.keras.backend.deprecated_internal_learning_phase_scope,tf.keras.backend.deprecated_internal_learning_phase_scope,tf.keras.backend.gradients,tf.keras.backend.gradients,2,"backend,keras",fuzzy
tensorflow.python.keras.backend.deprecated_internal_learning_phase_scope,tf.keras.backend.deprecated_internal_learning_phase_scope,tf.keras.backend.in_top_k,tf.keras.backend.in_top_k,2,"backend,keras",fuzzy
tensorflow.python.keras.backend.deprecated_internal_learning_phase_scope,tf.keras.backend.deprecated_internal_learning_phase_scope,tf.keras.backend.is_keras_tensor,tf.keras.backend.is_keras_tensor,2,"backend,keras",fuzzy
tensorflow.python.keras.backend.deprecated_internal_learning_phase_scope,tf.keras.backend.deprecated_internal_learning_phase_scope,tf.keras.backend.max,tf.keras.backend.max,2,"backend,keras",fuzzy
tensorflow.python.keras.backend.deprecated_internal_learning_phase_scope,tf.keras.backend.deprecated_internal_learning_phase_scope,tf.keras.backend.min,tf.keras.backend.min,2,"backend,keras",fuzzy
tensorflow.python.keras.backend.deprecated_internal_learning_phase_scope,tf.keras.backend.deprecated_internal_learning_phase_scope,tf.keras.backend.not_equal,tf.keras.backend.not_equal,2,"backend,keras",fuzzy
tensorflow.python.keras.backend.deprecated_internal_learning_phase_scope,tf.keras.backend.deprecated_internal_learning_phase_scope,tf.keras.backend.one_hot,tf.keras.backend.one_hot,2,"backend,keras",fuzzy
tensorflow.python.keras.backend.deprecated_internal_learning_phase_scope,tf.keras.backend.deprecated_internal_learning_phase_scope,tf.keras.backend.pool3d,tf.keras.backend.pool3d,2,"backend,keras",fuzzy
tensorflow.python.keras.backend.deprecated_internal_learning_phase_scope,tf.keras.backend.deprecated_internal_learning_phase_scope,tf.keras.backend.repeat,tf.keras.backend.repeat,2,"backend,keras",fuzzy
tensorflow.python.keras.backend.deprecated_internal_learning_phase_scope,tf.keras.backend.deprecated_internal_learning_phase_scope,tf.keras.backend.reshape,tf.keras.backend.reshape,2,"backend,keras",fuzzy
tensorflow.python.keras.backend.deprecated_internal_learning_phase_scope,tf.keras.backend.deprecated_internal_learning_phase_scope,tf.keras.backend.shape,tf.keras.backend.shape,2,"backend,keras",fuzzy
tensorflow.python.keras.backend.deprecated_internal_learning_phase_scope,tf.keras.backend.deprecated_internal_learning_phase_scope,tf.keras.backend.sin,tf.keras.backend.sin,2,"backend,keras",fuzzy
tensorflow.python.keras.backend.deprecated_internal_learning_phase_scope,tf.keras.backend.deprecated_internal_learning_phase_scope,tf.keras.backend.softsign,tf.keras.backend.softsign,2,"backend,keras",fuzzy
tensorflow.python.keras.backend.deprecated_internal_learning_phase_scope,tf.keras.backend.deprecated_internal_learning_phase_scope,tf.keras.backend.square,tf.keras.backend.square,2,"backend,keras",fuzzy
tensorflow.python.keras.backend.deprecated_internal_learning_phase_scope,tf.keras.backend.deprecated_internal_learning_phase_scope,tf.keras.backend.standardize_dtype,tf.keras.backend.standardize_dtype,2,"backend,keras",fuzzy
tensorflow.python.keras.backend.deprecated_internal_learning_phase_scope,tf.keras.backend.deprecated_internal_learning_phase_scope,tf.keras.backend.switch,tf.keras.backend.switch,2,"backend,keras",fuzzy
tensorflow.python.keras.backend.deprecated_internal_learning_phase_scope,tf.keras.backend.deprecated_internal_learning_phase_scope,tf.keras.backend.tile,tf.keras.backend.tile,2,"backend,keras",fuzzy
tensorflow.python.keras.backend.deprecated_internal_learning_phase_scope,tf.keras.backend.deprecated_internal_learning_phase_scope,tf.keras.backend.transpose,tf.keras.backend.transpose,2,"backend,keras",fuzzy
tensorflow.python.keras.backend.deprecated_internal_learning_phase_scope,tf.keras.backend.deprecated_internal_learning_phase_scope,tf.keras.backend.update,tf.keras.backend.update,2,"backend,keras",fuzzy
tensorflow.python.keras.backend.dropout,tf.keras.backend.dropout,tf.keras.backend,tf.keras.backend,2,"backend,keras",fuzzy
tensorflow.python.keras.backend.dropout,tf.keras.backend.dropout,tf.keras.backend.argmax,tf.keras.backend.argmax,2,"backend,keras",fuzzy
tensorflow.python.keras.backend.dropout,tf.keras.backend.dropout,tf.keras.backend.argmin,tf.keras.backend.argmin,2,"backend,keras",fuzzy
tensorflow.python.keras.backend.dropout,tf.keras.backend.dropout,tf.keras.backend.bias_add,tf.keras.backend.bias_add,2,"backend,keras",fuzzy
tensorflow.python.keras.backend.dropout,tf.keras.backend.dropout,tf.keras.backend.clip,tf.keras.backend.clip,2,"backend,keras",fuzzy
tensorflow.python.keras.backend.dropout,tf.keras.backend.dropout,tf.keras.backend.concatenate,tf.keras.backend.concatenate,2,"backend,keras",fuzzy
tensorflow.python.keras.backend.dropout,tf.keras.backend.dropout,tf.keras.backend.conv2d,tf.keras.backend.conv2d,2,"backend,keras",fuzzy
tensorflow.python.keras.backend.dropout,tf.keras.backend.dropout,tf.keras.backend.conv3d,tf.keras.backend.conv3d,2,"backend,keras",fuzzy
tensorflow.python.keras.backend.dropout,tf.keras.backend.dropout,tf.keras.backend.cos,tf.keras.backend.cos,2,"backend,keras",fuzzy
tensorflow.python.keras.backend.dropout,tf.keras.backend.dropout,tf.keras.backend.cumsum,tf.keras.backend.cumsum,2,"backend,keras",fuzzy
tensorflow.python.keras.backend.dropout,tf.keras.backend.dropout,tf.keras.backend.epsilon,tf.keras.backend.epsilon,2,"backend,keras",fuzzy
tensorflow.python.keras.backend.dropout,tf.keras.backend.dropout,tf.keras.backend.exp,tf.keras.backend.exp,2,"backend,keras",fuzzy
tensorflow.python.keras.backend.dropout,tf.keras.backend.dropout,tf.keras.backend.eye,tf.keras.backend.eye,2,"backend,keras",fuzzy
tensorflow.python.keras.backend.dropout,tf.keras.backend.dropout,tf.keras.backend.gather,tf.keras.backend.gather,2,"backend,keras",fuzzy
tensorflow.python.keras.backend.dropout,tf.keras.backend.dropout,tf.keras.backend.gradients,tf.keras.backend.gradients,2,"backend,keras",fuzzy
tensorflow.python.keras.backend.dropout,tf.keras.backend.dropout,tf.keras.backend.in_top_k,tf.keras.backend.in_top_k,2,"backend,keras",fuzzy
tensorflow.python.keras.backend.dropout,tf.keras.backend.dropout,tf.keras.backend.is_keras_tensor,tf.keras.backend.is_keras_tensor,2,"backend,keras",fuzzy
tensorflow.python.keras.backend.dropout,tf.keras.backend.dropout,tf.keras.backend.max,tf.keras.backend.max,2,"backend,keras",fuzzy
tensorflow.python.keras.backend.dropout,tf.keras.backend.dropout,tf.keras.backend.min,tf.keras.backend.min,2,"backend,keras",fuzzy
tensorflow.python.keras.backend.dropout,tf.keras.backend.dropout,tf.keras.backend.not_equal,tf.keras.backend.not_equal,2,"backend,keras",fuzzy
tensorflow.python.keras.backend.dropout,tf.keras.backend.dropout,tf.keras.backend.one_hot,tf.keras.backend.one_hot,2,"backend,keras",fuzzy
tensorflow.python.keras.backend.dropout,tf.keras.backend.dropout,tf.keras.backend.pool3d,tf.keras.backend.pool3d,2,"backend,keras",fuzzy
tensorflow.python.keras.backend.dropout,tf.keras.backend.dropout,tf.keras.backend.repeat,tf.keras.backend.repeat,2,"backend,keras",fuzzy
tensorflow.python.keras.backend.dropout,tf.keras.backend.dropout,tf.keras.backend.reshape,tf.keras.backend.reshape,2,"backend,keras",fuzzy
tensorflow.python.keras.backend.dropout,tf.keras.backend.dropout,tf.keras.backend.shape,tf.keras.backend.shape,2,"backend,keras",fuzzy
tensorflow.python.keras.backend.dropout,tf.keras.backend.dropout,tf.keras.backend.sin,tf.keras.backend.sin,2,"backend,keras",fuzzy
tensorflow.python.keras.backend.dropout,tf.keras.backend.dropout,tf.keras.backend.softsign,tf.keras.backend.softsign,2,"backend,keras",fuzzy
tensorflow.python.keras.backend.dropout,tf.keras.backend.dropout,tf.keras.backend.square,tf.keras.backend.square,2,"backend,keras",fuzzy
tensorflow.python.keras.backend.dropout,tf.keras.backend.dropout,tf.keras.backend.standardize_dtype,tf.keras.backend.standardize_dtype,2,"backend,keras",fuzzy
tensorflow.python.keras.backend.dropout,tf.keras.backend.dropout,tf.keras.backend.switch,tf.keras.backend.switch,2,"backend,keras",fuzzy
tensorflow.python.keras.backend.dropout,tf.keras.backend.dropout,tf.keras.backend.tile,tf.keras.backend.tile,2,"backend,keras",fuzzy
tensorflow.python.keras.backend.dropout,tf.keras.backend.dropout,tf.keras.backend.transpose,tf.keras.backend.transpose,2,"backend,keras",fuzzy
tensorflow.python.keras.backend.dropout,tf.keras.backend.dropout,tf.keras.backend.update,tf.keras.backend.update,2,"backend,keras",fuzzy
tensorflow.python.keras.backend.function,tf.keras.backend.function,tf.keras.backend,tf.keras.backend,2,"backend,keras",fuzzy
tensorflow.python.keras.backend.function,tf.keras.backend.function,tf.keras.backend.argmax,tf.keras.backend.argmax,2,"backend,keras",fuzzy
tensorflow.python.keras.backend.function,tf.keras.backend.function,tf.keras.backend.argmin,tf.keras.backend.argmin,2,"backend,keras",fuzzy
tensorflow.python.keras.backend.function,tf.keras.backend.function,tf.keras.backend.bias_add,tf.keras.backend.bias_add,2,"backend,keras",fuzzy
tensorflow.python.keras.backend.function,tf.keras.backend.function,tf.keras.backend.clip,tf.keras.backend.clip,2,"backend,keras",fuzzy
tensorflow.python.keras.backend.function,tf.keras.backend.function,tf.keras.backend.concatenate,tf.keras.backend.concatenate,2,"backend,keras",fuzzy
tensorflow.python.keras.backend.function,tf.keras.backend.function,tf.keras.backend.conv2d,tf.keras.backend.conv2d,2,"backend,keras",fuzzy
tensorflow.python.keras.backend.function,tf.keras.backend.function,tf.keras.backend.conv3d,tf.keras.backend.conv3d,2,"backend,keras",fuzzy
tensorflow.python.keras.backend.function,tf.keras.backend.function,tf.keras.backend.cos,tf.keras.backend.cos,2,"backend,keras",fuzzy
tensorflow.python.keras.backend.function,tf.keras.backend.function,tf.keras.backend.cumsum,tf.keras.backend.cumsum,2,"backend,keras",fuzzy
tensorflow.python.keras.backend.function,tf.keras.backend.function,tf.keras.backend.epsilon,tf.keras.backend.epsilon,2,"backend,keras",fuzzy
tensorflow.python.keras.backend.function,tf.keras.backend.function,tf.keras.backend.exp,tf.keras.backend.exp,2,"backend,keras",fuzzy
tensorflow.python.keras.backend.function,tf.keras.backend.function,tf.keras.backend.eye,tf.keras.backend.eye,2,"backend,keras",fuzzy
tensorflow.python.keras.backend.function,tf.keras.backend.function,tf.keras.backend.gather,tf.keras.backend.gather,2,"backend,keras",fuzzy
tensorflow.python.keras.backend.function,tf.keras.backend.function,tf.keras.backend.gradients,tf.keras.backend.gradients,2,"backend,keras",fuzzy
tensorflow.python.keras.backend.function,tf.keras.backend.function,tf.keras.backend.in_top_k,tf.keras.backend.in_top_k,2,"backend,keras",fuzzy
tensorflow.python.keras.backend.function,tf.keras.backend.function,tf.keras.backend.is_keras_tensor,tf.keras.backend.is_keras_tensor,2,"backend,keras",fuzzy
tensorflow.python.keras.backend.function,tf.keras.backend.function,tf.keras.backend.max,tf.keras.backend.max,2,"backend,keras",fuzzy
tensorflow.python.keras.backend.function,tf.keras.backend.function,tf.keras.backend.min,tf.keras.backend.min,2,"backend,keras",fuzzy
tensorflow.python.keras.backend.function,tf.keras.backend.function,tf.keras.backend.not_equal,tf.keras.backend.not_equal,2,"backend,keras",fuzzy
tensorflow.python.keras.backend.function,tf.keras.backend.function,tf.keras.backend.one_hot,tf.keras.backend.one_hot,2,"backend,keras",fuzzy
tensorflow.python.keras.backend.function,tf.keras.backend.function,tf.keras.backend.pool3d,tf.keras.backend.pool3d,2,"backend,keras",fuzzy
tensorflow.python.keras.backend.function,tf.keras.backend.function,tf.keras.backend.repeat,tf.keras.backend.repeat,2,"backend,keras",fuzzy
tensorflow.python.keras.backend.function,tf.keras.backend.function,tf.keras.backend.reshape,tf.keras.backend.reshape,2,"backend,keras",fuzzy
tensorflow.python.keras.backend.function,tf.keras.backend.function,tf.keras.backend.shape,tf.keras.backend.shape,2,"backend,keras",fuzzy
tensorflow.python.keras.backend.function,tf.keras.backend.function,tf.keras.backend.sin,tf.keras.backend.sin,2,"backend,keras",fuzzy
tensorflow.python.keras.backend.function,tf.keras.backend.function,tf.keras.backend.softsign,tf.keras.backend.softsign,2,"backend,keras",fuzzy
tensorflow.python.keras.backend.function,tf.keras.backend.function,tf.keras.backend.square,tf.keras.backend.square,2,"backend,keras",fuzzy
tensorflow.python.keras.backend.function,tf.keras.backend.function,tf.keras.backend.standardize_dtype,tf.keras.backend.standardize_dtype,2,"backend,keras",fuzzy
tensorflow.python.keras.backend.function,tf.keras.backend.function,tf.keras.backend.switch,tf.keras.backend.switch,2,"backend,keras",fuzzy
tensorflow.python.keras.backend.function,tf.keras.backend.function,tf.keras.backend.tile,tf.keras.backend.tile,2,"backend,keras",fuzzy
tensorflow.python.keras.backend.function,tf.keras.backend.function,tf.keras.backend.transpose,tf.keras.backend.transpose,2,"backend,keras",fuzzy
tensorflow.python.keras.backend.function,tf.keras.backend.function,tf.keras.backend.update,tf.keras.backend.update,2,"backend,keras",fuzzy
tensorflow.python.keras.backend.get_session,tf.keras.backend.get_session,tf.keras.backend,tf.keras.backend,2,"backend,keras",fuzzy
tensorflow.python.keras.backend.get_session,tf.keras.backend.get_session,tf.keras.backend.argmax,tf.keras.backend.argmax,2,"backend,keras",fuzzy
tensorflow.python.keras.backend.get_session,tf.keras.backend.get_session,tf.keras.backend.argmin,tf.keras.backend.argmin,2,"backend,keras",fuzzy
tensorflow.python.keras.backend.get_session,tf.keras.backend.get_session,tf.keras.backend.bias_add,tf.keras.backend.bias_add,2,"backend,keras",fuzzy
tensorflow.python.keras.backend.get_session,tf.keras.backend.get_session,tf.keras.backend.clip,tf.keras.backend.clip,2,"backend,keras",fuzzy
tensorflow.python.keras.backend.get_session,tf.keras.backend.get_session,tf.keras.backend.concatenate,tf.keras.backend.concatenate,2,"backend,keras",fuzzy
tensorflow.python.keras.backend.get_session,tf.keras.backend.get_session,tf.keras.backend.conv2d,tf.keras.backend.conv2d,2,"backend,keras",fuzzy
tensorflow.python.keras.backend.get_session,tf.keras.backend.get_session,tf.keras.backend.conv3d,tf.keras.backend.conv3d,2,"backend,keras",fuzzy
tensorflow.python.keras.backend.get_session,tf.keras.backend.get_session,tf.keras.backend.cos,tf.keras.backend.cos,2,"backend,keras",fuzzy
tensorflow.python.keras.backend.get_session,tf.keras.backend.get_session,tf.keras.backend.cumsum,tf.keras.backend.cumsum,2,"backend,keras",fuzzy
tensorflow.python.keras.backend.get_session,tf.keras.backend.get_session,tf.keras.backend.epsilon,tf.keras.backend.epsilon,2,"backend,keras",fuzzy
tensorflow.python.keras.backend.get_session,tf.keras.backend.get_session,tf.keras.backend.exp,tf.keras.backend.exp,2,"backend,keras",fuzzy
tensorflow.python.keras.backend.get_session,tf.keras.backend.get_session,tf.keras.backend.eye,tf.keras.backend.eye,2,"backend,keras",fuzzy
tensorflow.python.keras.backend.get_session,tf.keras.backend.get_session,tf.keras.backend.gather,tf.keras.backend.gather,2,"backend,keras",fuzzy
tensorflow.python.keras.backend.get_session,tf.keras.backend.get_session,tf.keras.backend.gradients,tf.keras.backend.gradients,2,"backend,keras",fuzzy
tensorflow.python.keras.backend.get_session,tf.keras.backend.get_session,tf.keras.backend.in_top_k,tf.keras.backend.in_top_k,2,"backend,keras",fuzzy
tensorflow.python.keras.backend.get_session,tf.keras.backend.get_session,tf.keras.backend.is_keras_tensor,tf.keras.backend.is_keras_tensor,2,"backend,keras",fuzzy
tensorflow.python.keras.backend.get_session,tf.keras.backend.get_session,tf.keras.backend.max,tf.keras.backend.max,2,"backend,keras",fuzzy
tensorflow.python.keras.backend.get_session,tf.keras.backend.get_session,tf.keras.backend.min,tf.keras.backend.min,2,"backend,keras",fuzzy
tensorflow.python.keras.backend.get_session,tf.keras.backend.get_session,tf.keras.backend.not_equal,tf.keras.backend.not_equal,2,"backend,keras",fuzzy
tensorflow.python.keras.backend.get_session,tf.keras.backend.get_session,tf.keras.backend.one_hot,tf.keras.backend.one_hot,2,"backend,keras",fuzzy
tensorflow.python.keras.backend.get_session,tf.keras.backend.get_session,tf.keras.backend.pool3d,tf.keras.backend.pool3d,2,"backend,keras",fuzzy
tensorflow.python.keras.backend.get_session,tf.keras.backend.get_session,tf.keras.backend.repeat,tf.keras.backend.repeat,2,"backend,keras",fuzzy
tensorflow.python.keras.backend.get_session,tf.keras.backend.get_session,tf.keras.backend.reshape,tf.keras.backend.reshape,2,"backend,keras",fuzzy
tensorflow.python.keras.backend.get_session,tf.keras.backend.get_session,tf.keras.backend.shape,tf.keras.backend.shape,2,"backend,keras",fuzzy
tensorflow.python.keras.backend.get_session,tf.keras.backend.get_session,tf.keras.backend.sin,tf.keras.backend.sin,2,"backend,keras",fuzzy
tensorflow.python.keras.backend.get_session,tf.keras.backend.get_session,tf.keras.backend.softsign,tf.keras.backend.softsign,2,"backend,keras",fuzzy
tensorflow.python.keras.backend.get_session,tf.keras.backend.get_session,tf.keras.backend.square,tf.keras.backend.square,2,"backend,keras",fuzzy
tensorflow.python.keras.backend.get_session,tf.keras.backend.get_session,tf.keras.backend.standardize_dtype,tf.keras.backend.standardize_dtype,2,"backend,keras",fuzzy
tensorflow.python.keras.backend.get_session,tf.keras.backend.get_session,tf.keras.backend.switch,tf.keras.backend.switch,2,"backend,keras",fuzzy
tensorflow.python.keras.backend.get_session,tf.keras.backend.get_session,tf.keras.backend.tile,tf.keras.backend.tile,2,"backend,keras",fuzzy
tensorflow.python.keras.backend.get_session,tf.keras.backend.get_session,tf.keras.backend.transpose,tf.keras.backend.transpose,2,"backend,keras",fuzzy
tensorflow.python.keras.backend.get_session,tf.keras.backend.get_session,tf.keras.backend.update,tf.keras.backend.update,2,"backend,keras",fuzzy
tensorflow.python.keras.backend.less,tf.keras.backend.less,tf.keras.backend,tf.keras.backend,2,"backend,keras",fuzzy
tensorflow.python.keras.backend.less,tf.keras.backend.less,tf.keras.backend.argmax,tf.keras.backend.argmax,2,"backend,keras",fuzzy
tensorflow.python.keras.backend.less,tf.keras.backend.less,tf.keras.backend.argmin,tf.keras.backend.argmin,2,"backend,keras",fuzzy
tensorflow.python.keras.backend.less,tf.keras.backend.less,tf.keras.backend.bias_add,tf.keras.backend.bias_add,2,"backend,keras",fuzzy
tensorflow.python.keras.backend.less,tf.keras.backend.less,tf.keras.backend.clip,tf.keras.backend.clip,2,"backend,keras",fuzzy
tensorflow.python.keras.backend.less,tf.keras.backend.less,tf.keras.backend.concatenate,tf.keras.backend.concatenate,2,"backend,keras",fuzzy
tensorflow.python.keras.backend.less,tf.keras.backend.less,tf.keras.backend.conv2d,tf.keras.backend.conv2d,2,"backend,keras",fuzzy
tensorflow.python.keras.backend.less,tf.keras.backend.less,tf.keras.backend.conv3d,tf.keras.backend.conv3d,2,"backend,keras",fuzzy
tensorflow.python.keras.backend.less,tf.keras.backend.less,tf.keras.backend.cos,tf.keras.backend.cos,2,"backend,keras",fuzzy
tensorflow.python.keras.backend.less,tf.keras.backend.less,tf.keras.backend.cumsum,tf.keras.backend.cumsum,2,"backend,keras",fuzzy
tensorflow.python.keras.backend.less,tf.keras.backend.less,tf.keras.backend.epsilon,tf.keras.backend.epsilon,2,"backend,keras",fuzzy
tensorflow.python.keras.backend.less,tf.keras.backend.less,tf.keras.backend.exp,tf.keras.backend.exp,2,"backend,keras",fuzzy
tensorflow.python.keras.backend.less,tf.keras.backend.less,tf.keras.backend.eye,tf.keras.backend.eye,2,"backend,keras",fuzzy
tensorflow.python.keras.backend.less,tf.keras.backend.less,tf.keras.backend.gather,tf.keras.backend.gather,2,"backend,keras",fuzzy
tensorflow.python.keras.backend.less,tf.keras.backend.less,tf.keras.backend.gradients,tf.keras.backend.gradients,2,"backend,keras",fuzzy
tensorflow.python.keras.backend.less,tf.keras.backend.less,tf.keras.backend.in_top_k,tf.keras.backend.in_top_k,2,"backend,keras",fuzzy
tensorflow.python.keras.backend.less,tf.keras.backend.less,tf.keras.backend.is_keras_tensor,tf.keras.backend.is_keras_tensor,2,"backend,keras",fuzzy
tensorflow.python.keras.backend.less,tf.keras.backend.less,tf.keras.backend.max,tf.keras.backend.max,2,"backend,keras",fuzzy
tensorflow.python.keras.backend.less,tf.keras.backend.less,tf.keras.backend.min,tf.keras.backend.min,2,"backend,keras",fuzzy
tensorflow.python.keras.backend.less,tf.keras.backend.less,tf.keras.backend.not_equal,tf.keras.backend.not_equal,2,"backend,keras",fuzzy
tensorflow.python.keras.backend.less,tf.keras.backend.less,tf.keras.backend.one_hot,tf.keras.backend.one_hot,2,"backend,keras",fuzzy
tensorflow.python.keras.backend.less,tf.keras.backend.less,tf.keras.backend.pool3d,tf.keras.backend.pool3d,2,"backend,keras",fuzzy
tensorflow.python.keras.backend.less,tf.keras.backend.less,tf.keras.backend.repeat,tf.keras.backend.repeat,2,"backend,keras",fuzzy
tensorflow.python.keras.backend.less,tf.keras.backend.less,tf.keras.backend.reshape,tf.keras.backend.reshape,2,"backend,keras",fuzzy
tensorflow.python.keras.backend.less,tf.keras.backend.less,tf.keras.backend.shape,tf.keras.backend.shape,2,"backend,keras",fuzzy
tensorflow.python.keras.backend.less,tf.keras.backend.less,tf.keras.backend.sin,tf.keras.backend.sin,2,"backend,keras",fuzzy
tensorflow.python.keras.backend.less,tf.keras.backend.less,tf.keras.backend.softsign,tf.keras.backend.softsign,2,"backend,keras",fuzzy
tensorflow.python.keras.backend.less,tf.keras.backend.less,tf.keras.backend.square,tf.keras.backend.square,2,"backend,keras",fuzzy
tensorflow.python.keras.backend.less,tf.keras.backend.less,tf.keras.backend.standardize_dtype,tf.keras.backend.standardize_dtype,2,"backend,keras",fuzzy
tensorflow.python.keras.backend.less,tf.keras.backend.less,tf.keras.backend.switch,tf.keras.backend.switch,2,"backend,keras",fuzzy
tensorflow.python.keras.backend.less,tf.keras.backend.less,tf.keras.backend.tile,tf.keras.backend.tile,2,"backend,keras",fuzzy
tensorflow.python.keras.backend.less,tf.keras.backend.less,tf.keras.backend.transpose,tf.keras.backend.transpose,2,"backend,keras",fuzzy
tensorflow.python.keras.backend.less,tf.keras.backend.less,tf.keras.backend.update,tf.keras.backend.update,2,"backend,keras",fuzzy
tensorflow.python.keras.backend.less,tf.keras.backend.less,tf.keras.ops.less,tf.keras.ops.less,2,"keras,less",fuzzy
tensorflow.python.keras.backend.log,tf.keras.backend.log,tf.keras.backend,tf.keras.backend,2,"backend,keras",fuzzy
tensorflow.python.keras.backend.log,tf.keras.backend.log,tf.keras.backend.argmax,tf.keras.backend.argmax,2,"backend,keras",fuzzy
tensorflow.python.keras.backend.log,tf.keras.backend.log,tf.keras.backend.argmin,tf.keras.backend.argmin,2,"backend,keras",fuzzy
tensorflow.python.keras.backend.log,tf.keras.backend.log,tf.keras.backend.bias_add,tf.keras.backend.bias_add,2,"backend,keras",fuzzy
tensorflow.python.keras.backend.log,tf.keras.backend.log,tf.keras.backend.clip,tf.keras.backend.clip,2,"backend,keras",fuzzy
tensorflow.python.keras.backend.log,tf.keras.backend.log,tf.keras.backend.concatenate,tf.keras.backend.concatenate,2,"backend,keras",fuzzy
tensorflow.python.keras.backend.log,tf.keras.backend.log,tf.keras.backend.conv2d,tf.keras.backend.conv2d,2,"backend,keras",fuzzy
tensorflow.python.keras.backend.log,tf.keras.backend.log,tf.keras.backend.conv3d,tf.keras.backend.conv3d,2,"backend,keras",fuzzy
tensorflow.python.keras.backend.log,tf.keras.backend.log,tf.keras.backend.cos,tf.keras.backend.cos,2,"backend,keras",fuzzy
tensorflow.python.keras.backend.log,tf.keras.backend.log,tf.keras.backend.cumsum,tf.keras.backend.cumsum,2,"backend,keras",fuzzy
tensorflow.python.keras.backend.log,tf.keras.backend.log,tf.keras.backend.epsilon,tf.keras.backend.epsilon,2,"backend,keras",fuzzy
tensorflow.python.keras.backend.log,tf.keras.backend.log,tf.keras.backend.exp,tf.keras.backend.exp,2,"backend,keras",fuzzy
tensorflow.python.keras.backend.log,tf.keras.backend.log,tf.keras.backend.eye,tf.keras.backend.eye,2,"backend,keras",fuzzy
tensorflow.python.keras.backend.log,tf.keras.backend.log,tf.keras.backend.gather,tf.keras.backend.gather,2,"backend,keras",fuzzy
tensorflow.python.keras.backend.log,tf.keras.backend.log,tf.keras.backend.gradients,tf.keras.backend.gradients,2,"backend,keras",fuzzy
tensorflow.python.keras.backend.log,tf.keras.backend.log,tf.keras.backend.in_top_k,tf.keras.backend.in_top_k,2,"backend,keras",fuzzy
tensorflow.python.keras.backend.log,tf.keras.backend.log,tf.keras.backend.is_keras_tensor,tf.keras.backend.is_keras_tensor,2,"backend,keras",fuzzy
tensorflow.python.keras.backend.log,tf.keras.backend.log,tf.keras.backend.max,tf.keras.backend.max,2,"backend,keras",fuzzy
tensorflow.python.keras.backend.log,tf.keras.backend.log,tf.keras.backend.min,tf.keras.backend.min,2,"backend,keras",fuzzy
tensorflow.python.keras.backend.log,tf.keras.backend.log,tf.keras.backend.not_equal,tf.keras.backend.not_equal,2,"backend,keras",fuzzy
tensorflow.python.keras.backend.log,tf.keras.backend.log,tf.keras.backend.one_hot,tf.keras.backend.one_hot,2,"backend,keras",fuzzy
tensorflow.python.keras.backend.log,tf.keras.backend.log,tf.keras.backend.pool3d,tf.keras.backend.pool3d,2,"backend,keras",fuzzy
tensorflow.python.keras.backend.log,tf.keras.backend.log,tf.keras.backend.repeat,tf.keras.backend.repeat,2,"backend,keras",fuzzy
tensorflow.python.keras.backend.log,tf.keras.backend.log,tf.keras.backend.reshape,tf.keras.backend.reshape,2,"backend,keras",fuzzy
tensorflow.python.keras.backend.log,tf.keras.backend.log,tf.keras.backend.shape,tf.keras.backend.shape,2,"backend,keras",fuzzy
tensorflow.python.keras.backend.log,tf.keras.backend.log,tf.keras.backend.sin,tf.keras.backend.sin,2,"backend,keras",fuzzy
tensorflow.python.keras.backend.log,tf.keras.backend.log,tf.keras.backend.softsign,tf.keras.backend.softsign,2,"backend,keras",fuzzy
tensorflow.python.keras.backend.log,tf.keras.backend.log,tf.keras.backend.square,tf.keras.backend.square,2,"backend,keras",fuzzy
tensorflow.python.keras.backend.log,tf.keras.backend.log,tf.keras.backend.standardize_dtype,tf.keras.backend.standardize_dtype,2,"backend,keras",fuzzy
tensorflow.python.keras.backend.log,tf.keras.backend.log,tf.keras.backend.switch,tf.keras.backend.switch,2,"backend,keras",fuzzy
tensorflow.python.keras.backend.log,tf.keras.backend.log,tf.keras.backend.tile,tf.keras.backend.tile,2,"backend,keras",fuzzy
tensorflow.python.keras.backend.log,tf.keras.backend.log,tf.keras.backend.transpose,tf.keras.backend.transpose,2,"backend,keras",fuzzy
tensorflow.python.keras.backend.log,tf.keras.backend.log,tf.keras.backend.update,tf.keras.backend.update,2,"backend,keras",fuzzy
tensorflow.python.keras.backend.map_fn,tf.keras.backend.map_fn,tf.keras.backend,tf.keras.backend,2,"backend,keras",fuzzy
tensorflow.python.keras.backend.map_fn,tf.keras.backend.map_fn,tf.keras.backend.argmax,tf.keras.backend.argmax,2,"backend,keras",fuzzy
tensorflow.python.keras.backend.map_fn,tf.keras.backend.map_fn,tf.keras.backend.argmin,tf.keras.backend.argmin,2,"backend,keras",fuzzy
tensorflow.python.keras.backend.map_fn,tf.keras.backend.map_fn,tf.keras.backend.bias_add,tf.keras.backend.bias_add,2,"backend,keras",fuzzy
tensorflow.python.keras.backend.map_fn,tf.keras.backend.map_fn,tf.keras.backend.clip,tf.keras.backend.clip,2,"backend,keras",fuzzy
tensorflow.python.keras.backend.map_fn,tf.keras.backend.map_fn,tf.keras.backend.concatenate,tf.keras.backend.concatenate,2,"backend,keras",fuzzy
tensorflow.python.keras.backend.map_fn,tf.keras.backend.map_fn,tf.keras.backend.conv2d,tf.keras.backend.conv2d,2,"backend,keras",fuzzy
tensorflow.python.keras.backend.map_fn,tf.keras.backend.map_fn,tf.keras.backend.conv3d,tf.keras.backend.conv3d,2,"backend,keras",fuzzy
tensorflow.python.keras.backend.map_fn,tf.keras.backend.map_fn,tf.keras.backend.cos,tf.keras.backend.cos,2,"backend,keras",fuzzy
tensorflow.python.keras.backend.map_fn,tf.keras.backend.map_fn,tf.keras.backend.cumsum,tf.keras.backend.cumsum,2,"backend,keras",fuzzy
tensorflow.python.keras.backend.map_fn,tf.keras.backend.map_fn,tf.keras.backend.epsilon,tf.keras.backend.epsilon,2,"backend,keras",fuzzy
tensorflow.python.keras.backend.map_fn,tf.keras.backend.map_fn,tf.keras.backend.exp,tf.keras.backend.exp,2,"backend,keras",fuzzy
tensorflow.python.keras.backend.map_fn,tf.keras.backend.map_fn,tf.keras.backend.eye,tf.keras.backend.eye,2,"backend,keras",fuzzy
tensorflow.python.keras.backend.map_fn,tf.keras.backend.map_fn,tf.keras.backend.gather,tf.keras.backend.gather,2,"backend,keras",fuzzy
tensorflow.python.keras.backend.map_fn,tf.keras.backend.map_fn,tf.keras.backend.gradients,tf.keras.backend.gradients,2,"backend,keras",fuzzy
tensorflow.python.keras.backend.map_fn,tf.keras.backend.map_fn,tf.keras.backend.in_top_k,tf.keras.backend.in_top_k,2,"backend,keras",fuzzy
tensorflow.python.keras.backend.map_fn,tf.keras.backend.map_fn,tf.keras.backend.is_keras_tensor,tf.keras.backend.is_keras_tensor,2,"backend,keras",fuzzy
tensorflow.python.keras.backend.map_fn,tf.keras.backend.map_fn,tf.keras.backend.max,tf.keras.backend.max,2,"backend,keras",fuzzy
tensorflow.python.keras.backend.map_fn,tf.keras.backend.map_fn,tf.keras.backend.min,tf.keras.backend.min,2,"backend,keras",fuzzy
tensorflow.python.keras.backend.map_fn,tf.keras.backend.map_fn,tf.keras.backend.not_equal,tf.keras.backend.not_equal,2,"backend,keras",fuzzy
tensorflow.python.keras.backend.map_fn,tf.keras.backend.map_fn,tf.keras.backend.one_hot,tf.keras.backend.one_hot,2,"backend,keras",fuzzy
tensorflow.python.keras.backend.map_fn,tf.keras.backend.map_fn,tf.keras.backend.pool3d,tf.keras.backend.pool3d,2,"backend,keras",fuzzy
tensorflow.python.keras.backend.map_fn,tf.keras.backend.map_fn,tf.keras.backend.repeat,tf.keras.backend.repeat,2,"backend,keras",fuzzy
tensorflow.python.keras.backend.map_fn,tf.keras.backend.map_fn,tf.keras.backend.reshape,tf.keras.backend.reshape,2,"backend,keras",fuzzy
tensorflow.python.keras.backend.map_fn,tf.keras.backend.map_fn,tf.keras.backend.shape,tf.keras.backend.shape,2,"backend,keras",fuzzy
tensorflow.python.keras.backend.map_fn,tf.keras.backend.map_fn,tf.keras.backend.sin,tf.keras.backend.sin,2,"backend,keras",fuzzy
tensorflow.python.keras.backend.map_fn,tf.keras.backend.map_fn,tf.keras.backend.softsign,tf.keras.backend.softsign,2,"backend,keras",fuzzy
tensorflow.python.keras.backend.map_fn,tf.keras.backend.map_fn,tf.keras.backend.square,tf.keras.backend.square,2,"backend,keras",fuzzy
tensorflow.python.keras.backend.map_fn,tf.keras.backend.map_fn,tf.keras.backend.standardize_dtype,tf.keras.backend.standardize_dtype,2,"backend,keras",fuzzy
tensorflow.python.keras.backend.map_fn,tf.keras.backend.map_fn,tf.keras.backend.switch,tf.keras.backend.switch,2,"backend,keras",fuzzy
tensorflow.python.keras.backend.map_fn,tf.keras.backend.map_fn,tf.keras.backend.tile,tf.keras.backend.tile,2,"backend,keras",fuzzy
tensorflow.python.keras.backend.map_fn,tf.keras.backend.map_fn,tf.keras.backend.transpose,tf.keras.backend.transpose,2,"backend,keras",fuzzy
tensorflow.python.keras.backend.map_fn,tf.keras.backend.map_fn,tf.keras.backend.update,tf.keras.backend.update,2,"backend,keras",fuzzy
tensorflow.python.keras.backend.normalize_batch_in_training,tf.keras.backend.normalize_batch_in_training,tf.keras.backend,tf.keras.backend,2,"backend,keras",fuzzy
tensorflow.python.keras.backend.normalize_batch_in_training,tf.keras.backend.normalize_batch_in_training,tf.keras.backend.argmax,tf.keras.backend.argmax,2,"backend,keras",fuzzy
tensorflow.python.keras.backend.normalize_batch_in_training,tf.keras.backend.normalize_batch_in_training,tf.keras.backend.argmin,tf.keras.backend.argmin,2,"backend,keras",fuzzy
tensorflow.python.keras.backend.normalize_batch_in_training,tf.keras.backend.normalize_batch_in_training,tf.keras.backend.bias_add,tf.keras.backend.bias_add,2,"backend,keras",fuzzy
tensorflow.python.keras.backend.normalize_batch_in_training,tf.keras.backend.normalize_batch_in_training,tf.keras.backend.clip,tf.keras.backend.clip,2,"backend,keras",fuzzy
tensorflow.python.keras.backend.normalize_batch_in_training,tf.keras.backend.normalize_batch_in_training,tf.keras.backend.concatenate,tf.keras.backend.concatenate,2,"backend,keras",fuzzy
tensorflow.python.keras.backend.normalize_batch_in_training,tf.keras.backend.normalize_batch_in_training,tf.keras.backend.conv2d,tf.keras.backend.conv2d,2,"backend,keras",fuzzy
tensorflow.python.keras.backend.normalize_batch_in_training,tf.keras.backend.normalize_batch_in_training,tf.keras.backend.conv3d,tf.keras.backend.conv3d,2,"backend,keras",fuzzy
tensorflow.python.keras.backend.normalize_batch_in_training,tf.keras.backend.normalize_batch_in_training,tf.keras.backend.cos,tf.keras.backend.cos,2,"backend,keras",fuzzy
tensorflow.python.keras.backend.normalize_batch_in_training,tf.keras.backend.normalize_batch_in_training,tf.keras.backend.cumsum,tf.keras.backend.cumsum,2,"backend,keras",fuzzy
tensorflow.python.keras.backend.normalize_batch_in_training,tf.keras.backend.normalize_batch_in_training,tf.keras.backend.epsilon,tf.keras.backend.epsilon,2,"backend,keras",fuzzy
tensorflow.python.keras.backend.normalize_batch_in_training,tf.keras.backend.normalize_batch_in_training,tf.keras.backend.exp,tf.keras.backend.exp,2,"backend,keras",fuzzy
tensorflow.python.keras.backend.normalize_batch_in_training,tf.keras.backend.normalize_batch_in_training,tf.keras.backend.eye,tf.keras.backend.eye,2,"backend,keras",fuzzy
tensorflow.python.keras.backend.normalize_batch_in_training,tf.keras.backend.normalize_batch_in_training,tf.keras.backend.gather,tf.keras.backend.gather,2,"backend,keras",fuzzy
tensorflow.python.keras.backend.normalize_batch_in_training,tf.keras.backend.normalize_batch_in_training,tf.keras.backend.gradients,tf.keras.backend.gradients,2,"backend,keras",fuzzy
tensorflow.python.keras.backend.normalize_batch_in_training,tf.keras.backend.normalize_batch_in_training,tf.keras.backend.in_top_k,tf.keras.backend.in_top_k,2,"backend,keras",fuzzy
tensorflow.python.keras.backend.normalize_batch_in_training,tf.keras.backend.normalize_batch_in_training,tf.keras.backend.is_keras_tensor,tf.keras.backend.is_keras_tensor,2,"backend,keras",fuzzy
tensorflow.python.keras.backend.normalize_batch_in_training,tf.keras.backend.normalize_batch_in_training,tf.keras.backend.max,tf.keras.backend.max,2,"backend,keras",fuzzy
tensorflow.python.keras.backend.normalize_batch_in_training,tf.keras.backend.normalize_batch_in_training,tf.keras.backend.min,tf.keras.backend.min,2,"backend,keras",fuzzy
tensorflow.python.keras.backend.normalize_batch_in_training,tf.keras.backend.normalize_batch_in_training,tf.keras.backend.not_equal,tf.keras.backend.not_equal,2,"backend,keras",fuzzy
tensorflow.python.keras.backend.normalize_batch_in_training,tf.keras.backend.normalize_batch_in_training,tf.keras.backend.one_hot,tf.keras.backend.one_hot,2,"backend,keras",fuzzy
tensorflow.python.keras.backend.normalize_batch_in_training,tf.keras.backend.normalize_batch_in_training,tf.keras.backend.pool3d,tf.keras.backend.pool3d,2,"backend,keras",fuzzy
tensorflow.python.keras.backend.normalize_batch_in_training,tf.keras.backend.normalize_batch_in_training,tf.keras.backend.repeat,tf.keras.backend.repeat,2,"backend,keras",fuzzy
tensorflow.python.keras.backend.normalize_batch_in_training,tf.keras.backend.normalize_batch_in_training,tf.keras.backend.reshape,tf.keras.backend.reshape,2,"backend,keras",fuzzy
tensorflow.python.keras.backend.normalize_batch_in_training,tf.keras.backend.normalize_batch_in_training,tf.keras.backend.shape,tf.keras.backend.shape,2,"backend,keras",fuzzy
tensorflow.python.keras.backend.normalize_batch_in_training,tf.keras.backend.normalize_batch_in_training,tf.keras.backend.sin,tf.keras.backend.sin,2,"backend,keras",fuzzy
tensorflow.python.keras.backend.normalize_batch_in_training,tf.keras.backend.normalize_batch_in_training,tf.keras.backend.softsign,tf.keras.backend.softsign,2,"backend,keras",fuzzy
tensorflow.python.keras.backend.normalize_batch_in_training,tf.keras.backend.normalize_batch_in_training,tf.keras.backend.square,tf.keras.backend.square,2,"backend,keras",fuzzy
tensorflow.python.keras.backend.normalize_batch_in_training,tf.keras.backend.normalize_batch_in_training,tf.keras.backend.standardize_dtype,tf.keras.backend.standardize_dtype,2,"backend,keras",fuzzy
tensorflow.python.keras.backend.normalize_batch_in_training,tf.keras.backend.normalize_batch_in_training,tf.keras.backend.switch,tf.keras.backend.switch,2,"backend,keras",fuzzy
tensorflow.python.keras.backend.normalize_batch_in_training,tf.keras.backend.normalize_batch_in_training,tf.keras.backend.tile,tf.keras.backend.tile,2,"backend,keras",fuzzy
tensorflow.python.keras.backend.normalize_batch_in_training,tf.keras.backend.normalize_batch_in_training,tf.keras.backend.transpose,tf.keras.backend.transpose,2,"backend,keras",fuzzy
tensorflow.python.keras.backend.normalize_batch_in_training,tf.keras.backend.normalize_batch_in_training,tf.keras.backend.update,tf.keras.backend.update,2,"backend,keras",fuzzy
tensorflow.python.keras.backend.ones_like,tf.keras.backend.ones_like,tf.keras.backend,tf.keras.backend,2,"backend,keras",fuzzy
tensorflow.python.keras.backend.ones_like,tf.keras.backend.ones_like,tf.keras.backend.argmax,tf.keras.backend.argmax,2,"backend,keras",fuzzy
tensorflow.python.keras.backend.ones_like,tf.keras.backend.ones_like,tf.keras.backend.argmin,tf.keras.backend.argmin,2,"backend,keras",fuzzy
tensorflow.python.keras.backend.ones_like,tf.keras.backend.ones_like,tf.keras.backend.bias_add,tf.keras.backend.bias_add,2,"backend,keras",fuzzy
tensorflow.python.keras.backend.ones_like,tf.keras.backend.ones_like,tf.keras.backend.clip,tf.keras.backend.clip,2,"backend,keras",fuzzy
tensorflow.python.keras.backend.ones_like,tf.keras.backend.ones_like,tf.keras.backend.concatenate,tf.keras.backend.concatenate,2,"backend,keras",fuzzy
tensorflow.python.keras.backend.ones_like,tf.keras.backend.ones_like,tf.keras.backend.conv2d,tf.keras.backend.conv2d,2,"backend,keras",fuzzy
tensorflow.python.keras.backend.ones_like,tf.keras.backend.ones_like,tf.keras.backend.conv3d,tf.keras.backend.conv3d,2,"backend,keras",fuzzy
tensorflow.python.keras.backend.ones_like,tf.keras.backend.ones_like,tf.keras.backend.cos,tf.keras.backend.cos,2,"backend,keras",fuzzy
tensorflow.python.keras.backend.ones_like,tf.keras.backend.ones_like,tf.keras.backend.cumsum,tf.keras.backend.cumsum,2,"backend,keras",fuzzy
tensorflow.python.keras.backend.ones_like,tf.keras.backend.ones_like,tf.keras.backend.epsilon,tf.keras.backend.epsilon,2,"backend,keras",fuzzy
tensorflow.python.keras.backend.ones_like,tf.keras.backend.ones_like,tf.keras.backend.exp,tf.keras.backend.exp,2,"backend,keras",fuzzy
tensorflow.python.keras.backend.ones_like,tf.keras.backend.ones_like,tf.keras.backend.eye,tf.keras.backend.eye,2,"backend,keras",fuzzy
tensorflow.python.keras.backend.ones_like,tf.keras.backend.ones_like,tf.keras.backend.gather,tf.keras.backend.gather,2,"backend,keras",fuzzy
tensorflow.python.keras.backend.ones_like,tf.keras.backend.ones_like,tf.keras.backend.gradients,tf.keras.backend.gradients,2,"backend,keras",fuzzy
tensorflow.python.keras.backend.ones_like,tf.keras.backend.ones_like,tf.keras.backend.in_top_k,tf.keras.backend.in_top_k,2,"backend,keras",fuzzy
tensorflow.python.keras.backend.ones_like,tf.keras.backend.ones_like,tf.keras.backend.is_keras_tensor,tf.keras.backend.is_keras_tensor,2,"backend,keras",fuzzy
tensorflow.python.keras.backend.ones_like,tf.keras.backend.ones_like,tf.keras.backend.max,tf.keras.backend.max,2,"backend,keras",fuzzy
tensorflow.python.keras.backend.ones_like,tf.keras.backend.ones_like,tf.keras.backend.min,tf.keras.backend.min,2,"backend,keras",fuzzy
tensorflow.python.keras.backend.ones_like,tf.keras.backend.ones_like,tf.keras.backend.not_equal,tf.keras.backend.not_equal,2,"backend,keras",fuzzy
tensorflow.python.keras.backend.ones_like,tf.keras.backend.ones_like,tf.keras.backend.one_hot,tf.keras.backend.one_hot,2,"backend,keras",fuzzy
tensorflow.python.keras.backend.ones_like,tf.keras.backend.ones_like,tf.keras.backend.pool3d,tf.keras.backend.pool3d,2,"backend,keras",fuzzy
tensorflow.python.keras.backend.ones_like,tf.keras.backend.ones_like,tf.keras.backend.repeat,tf.keras.backend.repeat,2,"backend,keras",fuzzy
tensorflow.python.keras.backend.ones_like,tf.keras.backend.ones_like,tf.keras.backend.reshape,tf.keras.backend.reshape,2,"backend,keras",fuzzy
tensorflow.python.keras.backend.ones_like,tf.keras.backend.ones_like,tf.keras.backend.shape,tf.keras.backend.shape,2,"backend,keras",fuzzy
tensorflow.python.keras.backend.ones_like,tf.keras.backend.ones_like,tf.keras.backend.sin,tf.keras.backend.sin,2,"backend,keras",fuzzy
tensorflow.python.keras.backend.ones_like,tf.keras.backend.ones_like,tf.keras.backend.softsign,tf.keras.backend.softsign,2,"backend,keras",fuzzy
tensorflow.python.keras.backend.ones_like,tf.keras.backend.ones_like,tf.keras.backend.square,tf.keras.backend.square,2,"backend,keras",fuzzy
tensorflow.python.keras.backend.ones_like,tf.keras.backend.ones_like,tf.keras.backend.standardize_dtype,tf.keras.backend.standardize_dtype,2,"backend,keras",fuzzy
tensorflow.python.keras.backend.ones_like,tf.keras.backend.ones_like,tf.keras.backend.switch,tf.keras.backend.switch,2,"backend,keras",fuzzy
tensorflow.python.keras.backend.ones_like,tf.keras.backend.ones_like,tf.keras.backend.tile,tf.keras.backend.tile,2,"backend,keras",fuzzy
tensorflow.python.keras.backend.ones_like,tf.keras.backend.ones_like,tf.keras.backend.transpose,tf.keras.backend.transpose,2,"backend,keras",fuzzy
tensorflow.python.keras.backend.ones_like,tf.keras.backend.ones_like,tf.keras.backend.update,tf.keras.backend.update,2,"backend,keras",fuzzy
tensorflow.python.keras.backend.repeat,tf.keras.backend.repeat,tf.keras.backend,tf.keras.backend,2,"backend,keras",fuzzy
tensorflow.python.keras.backend.repeat,tf.keras.backend.repeat,tf.keras.backend.argmax,tf.keras.backend.argmax,2,"backend,keras",fuzzy
tensorflow.python.keras.backend.repeat,tf.keras.backend.repeat,tf.keras.backend.argmin,tf.keras.backend.argmin,2,"backend,keras",fuzzy
tensorflow.python.keras.backend.repeat,tf.keras.backend.repeat,tf.keras.backend.bias_add,tf.keras.backend.bias_add,2,"backend,keras",fuzzy
tensorflow.python.keras.backend.repeat,tf.keras.backend.repeat,tf.keras.backend.clip,tf.keras.backend.clip,2,"backend,keras",fuzzy
tensorflow.python.keras.backend.repeat,tf.keras.backend.repeat,tf.keras.backend.concatenate,tf.keras.backend.concatenate,2,"backend,keras",fuzzy
tensorflow.python.keras.backend.repeat,tf.keras.backend.repeat,tf.keras.backend.conv2d,tf.keras.backend.conv2d,2,"backend,keras",fuzzy
tensorflow.python.keras.backend.repeat,tf.keras.backend.repeat,tf.keras.backend.conv3d,tf.keras.backend.conv3d,2,"backend,keras",fuzzy
tensorflow.python.keras.backend.repeat,tf.keras.backend.repeat,tf.keras.backend.cos,tf.keras.backend.cos,2,"backend,keras",fuzzy
tensorflow.python.keras.backend.repeat,tf.keras.backend.repeat,tf.keras.backend.cumsum,tf.keras.backend.cumsum,2,"backend,keras",fuzzy
tensorflow.python.keras.backend.repeat,tf.keras.backend.repeat,tf.keras.backend.epsilon,tf.keras.backend.epsilon,2,"backend,keras",fuzzy
tensorflow.python.keras.backend.repeat,tf.keras.backend.repeat,tf.keras.backend.exp,tf.keras.backend.exp,2,"backend,keras",fuzzy
tensorflow.python.keras.backend.repeat,tf.keras.backend.repeat,tf.keras.backend.eye,tf.keras.backend.eye,2,"backend,keras",fuzzy
tensorflow.python.keras.backend.repeat,tf.keras.backend.repeat,tf.keras.backend.gather,tf.keras.backend.gather,2,"backend,keras",fuzzy
tensorflow.python.keras.backend.repeat,tf.keras.backend.repeat,tf.keras.backend.gradients,tf.keras.backend.gradients,2,"backend,keras",fuzzy
tensorflow.python.keras.backend.repeat,tf.keras.backend.repeat,tf.keras.backend.in_top_k,tf.keras.backend.in_top_k,2,"backend,keras",fuzzy
tensorflow.python.keras.backend.repeat,tf.keras.backend.repeat,tf.keras.backend.is_keras_tensor,tf.keras.backend.is_keras_tensor,2,"backend,keras",fuzzy
tensorflow.python.keras.backend.repeat,tf.keras.backend.repeat,tf.keras.backend.max,tf.keras.backend.max,2,"backend,keras",fuzzy
tensorflow.python.keras.backend.repeat,tf.keras.backend.repeat,tf.keras.backend.min,tf.keras.backend.min,2,"backend,keras",fuzzy
tensorflow.python.keras.backend.repeat,tf.keras.backend.repeat,tf.keras.backend.not_equal,tf.keras.backend.not_equal,2,"backend,keras",fuzzy
tensorflow.python.keras.backend.repeat,tf.keras.backend.repeat,tf.keras.backend.one_hot,tf.keras.backend.one_hot,2,"backend,keras",fuzzy
tensorflow.python.keras.backend.repeat,tf.keras.backend.repeat,tf.keras.backend.pool3d,tf.keras.backend.pool3d,2,"backend,keras",fuzzy
tensorflow.python.keras.backend.repeat,tf.keras.backend.repeat,tf.keras.backend.repeat,tf.keras.backend.repeat,4,"backend,keras,repeat",exact
tensorflow.python.keras.backend.repeat,tf.keras.backend.repeat,tf.keras.backend.reshape,tf.keras.backend.reshape,2,"backend,keras",fuzzy
tensorflow.python.keras.backend.repeat,tf.keras.backend.repeat,tf.keras.backend.shape,tf.keras.backend.shape,2,"backend,keras",fuzzy
tensorflow.python.keras.backend.repeat,tf.keras.backend.repeat,tf.keras.backend.sin,tf.keras.backend.sin,2,"backend,keras",fuzzy
tensorflow.python.keras.backend.repeat,tf.keras.backend.repeat,tf.keras.backend.softsign,tf.keras.backend.softsign,2,"backend,keras",fuzzy
tensorflow.python.keras.backend.repeat,tf.keras.backend.repeat,tf.keras.backend.square,tf.keras.backend.square,2,"backend,keras",fuzzy
tensorflow.python.keras.backend.repeat,tf.keras.backend.repeat,tf.keras.backend.standardize_dtype,tf.keras.backend.standardize_dtype,2,"backend,keras",fuzzy
tensorflow.python.keras.backend.repeat,tf.keras.backend.repeat,tf.keras.backend.switch,tf.keras.backend.switch,2,"backend,keras",fuzzy
tensorflow.python.keras.backend.repeat,tf.keras.backend.repeat,tf.keras.backend.tile,tf.keras.backend.tile,2,"backend,keras",fuzzy
tensorflow.python.keras.backend.repeat,tf.keras.backend.repeat,tf.keras.backend.transpose,tf.keras.backend.transpose,2,"backend,keras",fuzzy
tensorflow.python.keras.backend.repeat,tf.keras.backend.repeat,tf.keras.backend.update,tf.keras.backend.update,2,"backend,keras",fuzzy
tensorflow.python.keras.backend.separable_conv1d,tf.keras.backend.separable_conv1d,tf.keras.backend,tf.keras.backend,2,"backend,keras",fuzzy
tensorflow.python.keras.backend.separable_conv1d,tf.keras.backend.separable_conv1d,tf.keras.backend.argmax,tf.keras.backend.argmax,2,"backend,keras",fuzzy
tensorflow.python.keras.backend.separable_conv1d,tf.keras.backend.separable_conv1d,tf.keras.backend.argmin,tf.keras.backend.argmin,2,"backend,keras",fuzzy
tensorflow.python.keras.backend.separable_conv1d,tf.keras.backend.separable_conv1d,tf.keras.backend.bias_add,tf.keras.backend.bias_add,2,"backend,keras",fuzzy
tensorflow.python.keras.backend.separable_conv1d,tf.keras.backend.separable_conv1d,tf.keras.backend.clip,tf.keras.backend.clip,2,"backend,keras",fuzzy
tensorflow.python.keras.backend.separable_conv1d,tf.keras.backend.separable_conv1d,tf.keras.backend.concatenate,tf.keras.backend.concatenate,2,"backend,keras",fuzzy
tensorflow.python.keras.backend.separable_conv1d,tf.keras.backend.separable_conv1d,tf.keras.backend.conv2d,tf.keras.backend.conv2d,2,"backend,keras",fuzzy
tensorflow.python.keras.backend.separable_conv1d,tf.keras.backend.separable_conv1d,tf.keras.backend.conv3d,tf.keras.backend.conv3d,2,"backend,keras",fuzzy
tensorflow.python.keras.backend.separable_conv1d,tf.keras.backend.separable_conv1d,tf.keras.backend.cos,tf.keras.backend.cos,2,"backend,keras",fuzzy
tensorflow.python.keras.backend.separable_conv1d,tf.keras.backend.separable_conv1d,tf.keras.backend.cumsum,tf.keras.backend.cumsum,2,"backend,keras",fuzzy
tensorflow.python.keras.backend.separable_conv1d,tf.keras.backend.separable_conv1d,tf.keras.backend.epsilon,tf.keras.backend.epsilon,2,"backend,keras",fuzzy
tensorflow.python.keras.backend.separable_conv1d,tf.keras.backend.separable_conv1d,tf.keras.backend.exp,tf.keras.backend.exp,2,"backend,keras",fuzzy
tensorflow.python.keras.backend.separable_conv1d,tf.keras.backend.separable_conv1d,tf.keras.backend.eye,tf.keras.backend.eye,2,"backend,keras",fuzzy
tensorflow.python.keras.backend.separable_conv1d,tf.keras.backend.separable_conv1d,tf.keras.backend.gather,tf.keras.backend.gather,2,"backend,keras",fuzzy
tensorflow.python.keras.backend.separable_conv1d,tf.keras.backend.separable_conv1d,tf.keras.backend.gradients,tf.keras.backend.gradients,2,"backend,keras",fuzzy
tensorflow.python.keras.backend.separable_conv1d,tf.keras.backend.separable_conv1d,tf.keras.backend.in_top_k,tf.keras.backend.in_top_k,2,"backend,keras",fuzzy
tensorflow.python.keras.backend.separable_conv1d,tf.keras.backend.separable_conv1d,tf.keras.backend.is_keras_tensor,tf.keras.backend.is_keras_tensor,2,"backend,keras",fuzzy
tensorflow.python.keras.backend.separable_conv1d,tf.keras.backend.separable_conv1d,tf.keras.backend.max,tf.keras.backend.max,2,"backend,keras",fuzzy
tensorflow.python.keras.backend.separable_conv1d,tf.keras.backend.separable_conv1d,tf.keras.backend.min,tf.keras.backend.min,2,"backend,keras",fuzzy
tensorflow.python.keras.backend.separable_conv1d,tf.keras.backend.separable_conv1d,tf.keras.backend.not_equal,tf.keras.backend.not_equal,2,"backend,keras",fuzzy
tensorflow.python.keras.backend.separable_conv1d,tf.keras.backend.separable_conv1d,tf.keras.backend.one_hot,tf.keras.backend.one_hot,2,"backend,keras",fuzzy
tensorflow.python.keras.backend.separable_conv1d,tf.keras.backend.separable_conv1d,tf.keras.backend.pool3d,tf.keras.backend.pool3d,2,"backend,keras",fuzzy
tensorflow.python.keras.backend.separable_conv1d,tf.keras.backend.separable_conv1d,tf.keras.backend.repeat,tf.keras.backend.repeat,2,"backend,keras",fuzzy
tensorflow.python.keras.backend.separable_conv1d,tf.keras.backend.separable_conv1d,tf.keras.backend.reshape,tf.keras.backend.reshape,2,"backend,keras",fuzzy
tensorflow.python.keras.backend.separable_conv1d,tf.keras.backend.separable_conv1d,tf.keras.backend.shape,tf.keras.backend.shape,2,"backend,keras",fuzzy
tensorflow.python.keras.backend.separable_conv1d,tf.keras.backend.separable_conv1d,tf.keras.backend.sin,tf.keras.backend.sin,2,"backend,keras",fuzzy
tensorflow.python.keras.backend.separable_conv1d,tf.keras.backend.separable_conv1d,tf.keras.backend.softsign,tf.keras.backend.softsign,2,"backend,keras",fuzzy
tensorflow.python.keras.backend.separable_conv1d,tf.keras.backend.separable_conv1d,tf.keras.backend.square,tf.keras.backend.square,2,"backend,keras",fuzzy
tensorflow.python.keras.backend.separable_conv1d,tf.keras.backend.separable_conv1d,tf.keras.backend.standardize_dtype,tf.keras.backend.standardize_dtype,2,"backend,keras",fuzzy
tensorflow.python.keras.backend.separable_conv1d,tf.keras.backend.separable_conv1d,tf.keras.backend.switch,tf.keras.backend.switch,2,"backend,keras",fuzzy
tensorflow.python.keras.backend.separable_conv1d,tf.keras.backend.separable_conv1d,tf.keras.backend.tile,tf.keras.backend.tile,2,"backend,keras",fuzzy
tensorflow.python.keras.backend.separable_conv1d,tf.keras.backend.separable_conv1d,tf.keras.backend.transpose,tf.keras.backend.transpose,2,"backend,keras",fuzzy
tensorflow.python.keras.backend.separable_conv1d,tf.keras.backend.separable_conv1d,tf.keras.backend.update,tf.keras.backend.update,2,"backend,keras",fuzzy
tensorflow.python.keras.backend.set_value,tf.keras.backend.set_value,tf.keras.backend,tf.keras.backend,2,"backend,keras",fuzzy
tensorflow.python.keras.backend.set_value,tf.keras.backend.set_value,tf.keras.backend.argmax,tf.keras.backend.argmax,2,"backend,keras",fuzzy
tensorflow.python.keras.backend.set_value,tf.keras.backend.set_value,tf.keras.backend.argmin,tf.keras.backend.argmin,2,"backend,keras",fuzzy
tensorflow.python.keras.backend.set_value,tf.keras.backend.set_value,tf.keras.backend.bias_add,tf.keras.backend.bias_add,2,"backend,keras",fuzzy
tensorflow.python.keras.backend.set_value,tf.keras.backend.set_value,tf.keras.backend.clip,tf.keras.backend.clip,2,"backend,keras",fuzzy
tensorflow.python.keras.backend.set_value,tf.keras.backend.set_value,tf.keras.backend.concatenate,tf.keras.backend.concatenate,2,"backend,keras",fuzzy
tensorflow.python.keras.backend.set_value,tf.keras.backend.set_value,tf.keras.backend.conv2d,tf.keras.backend.conv2d,2,"backend,keras",fuzzy
tensorflow.python.keras.backend.set_value,tf.keras.backend.set_value,tf.keras.backend.conv3d,tf.keras.backend.conv3d,2,"backend,keras",fuzzy
tensorflow.python.keras.backend.set_value,tf.keras.backend.set_value,tf.keras.backend.cos,tf.keras.backend.cos,2,"backend,keras",fuzzy
tensorflow.python.keras.backend.set_value,tf.keras.backend.set_value,tf.keras.backend.cumsum,tf.keras.backend.cumsum,2,"backend,keras",fuzzy
tensorflow.python.keras.backend.set_value,tf.keras.backend.set_value,tf.keras.backend.epsilon,tf.keras.backend.epsilon,2,"backend,keras",fuzzy
tensorflow.python.keras.backend.set_value,tf.keras.backend.set_value,tf.keras.backend.exp,tf.keras.backend.exp,2,"backend,keras",fuzzy
tensorflow.python.keras.backend.set_value,tf.keras.backend.set_value,tf.keras.backend.eye,tf.keras.backend.eye,2,"backend,keras",fuzzy
tensorflow.python.keras.backend.set_value,tf.keras.backend.set_value,tf.keras.backend.gather,tf.keras.backend.gather,2,"backend,keras",fuzzy
tensorflow.python.keras.backend.set_value,tf.keras.backend.set_value,tf.keras.backend.gradients,tf.keras.backend.gradients,2,"backend,keras",fuzzy
tensorflow.python.keras.backend.set_value,tf.keras.backend.set_value,tf.keras.backend.in_top_k,tf.keras.backend.in_top_k,2,"backend,keras",fuzzy
tensorflow.python.keras.backend.set_value,tf.keras.backend.set_value,tf.keras.backend.is_keras_tensor,tf.keras.backend.is_keras_tensor,2,"backend,keras",fuzzy
tensorflow.python.keras.backend.set_value,tf.keras.backend.set_value,tf.keras.backend.max,tf.keras.backend.max,2,"backend,keras",fuzzy
tensorflow.python.keras.backend.set_value,tf.keras.backend.set_value,tf.keras.backend.min,tf.keras.backend.min,2,"backend,keras",fuzzy
tensorflow.python.keras.backend.set_value,tf.keras.backend.set_value,tf.keras.backend.not_equal,tf.keras.backend.not_equal,2,"backend,keras",fuzzy
tensorflow.python.keras.backend.set_value,tf.keras.backend.set_value,tf.keras.backend.one_hot,tf.keras.backend.one_hot,2,"backend,keras",fuzzy
tensorflow.python.keras.backend.set_value,tf.keras.backend.set_value,tf.keras.backend.pool3d,tf.keras.backend.pool3d,2,"backend,keras",fuzzy
tensorflow.python.keras.backend.set_value,tf.keras.backend.set_value,tf.keras.backend.repeat,tf.keras.backend.repeat,2,"backend,keras",fuzzy
tensorflow.python.keras.backend.set_value,tf.keras.backend.set_value,tf.keras.backend.reshape,tf.keras.backend.reshape,2,"backend,keras",fuzzy
tensorflow.python.keras.backend.set_value,tf.keras.backend.set_value,tf.keras.backend.shape,tf.keras.backend.shape,2,"backend,keras",fuzzy
tensorflow.python.keras.backend.set_value,tf.keras.backend.set_value,tf.keras.backend.sin,tf.keras.backend.sin,2,"backend,keras",fuzzy
tensorflow.python.keras.backend.set_value,tf.keras.backend.set_value,tf.keras.backend.softsign,tf.keras.backend.softsign,2,"backend,keras",fuzzy
tensorflow.python.keras.backend.set_value,tf.keras.backend.set_value,tf.keras.backend.square,tf.keras.backend.square,2,"backend,keras",fuzzy
tensorflow.python.keras.backend.set_value,tf.keras.backend.set_value,tf.keras.backend.standardize_dtype,tf.keras.backend.standardize_dtype,2,"backend,keras",fuzzy
tensorflow.python.keras.backend.set_value,tf.keras.backend.set_value,tf.keras.backend.switch,tf.keras.backend.switch,2,"backend,keras",fuzzy
tensorflow.python.keras.backend.set_value,tf.keras.backend.set_value,tf.keras.backend.tile,tf.keras.backend.tile,2,"backend,keras",fuzzy
tensorflow.python.keras.backend.set_value,tf.keras.backend.set_value,tf.keras.backend.transpose,tf.keras.backend.transpose,2,"backend,keras",fuzzy
tensorflow.python.keras.backend.set_value,tf.keras.backend.set_value,tf.keras.backend.update,tf.keras.backend.update,2,"backend,keras",fuzzy
tensorflow.python.keras.backend.zeros_like,tf.keras.backend.zeros_like,tf.keras.backend,tf.keras.backend,2,"backend,keras",fuzzy
tensorflow.python.keras.backend.zeros_like,tf.keras.backend.zeros_like,tf.keras.backend.argmax,tf.keras.backend.argmax,2,"backend,keras",fuzzy
tensorflow.python.keras.backend.zeros_like,tf.keras.backend.zeros_like,tf.keras.backend.argmin,tf.keras.backend.argmin,2,"backend,keras",fuzzy
tensorflow.python.keras.backend.zeros_like,tf.keras.backend.zeros_like,tf.keras.backend.bias_add,tf.keras.backend.bias_add,2,"backend,keras",fuzzy
tensorflow.python.keras.backend.zeros_like,tf.keras.backend.zeros_like,tf.keras.backend.clip,tf.keras.backend.clip,2,"backend,keras",fuzzy
tensorflow.python.keras.backend.zeros_like,tf.keras.backend.zeros_like,tf.keras.backend.concatenate,tf.keras.backend.concatenate,2,"backend,keras",fuzzy
tensorflow.python.keras.backend.zeros_like,tf.keras.backend.zeros_like,tf.keras.backend.conv2d,tf.keras.backend.conv2d,2,"backend,keras",fuzzy
tensorflow.python.keras.backend.zeros_like,tf.keras.backend.zeros_like,tf.keras.backend.conv3d,tf.keras.backend.conv3d,2,"backend,keras",fuzzy
tensorflow.python.keras.backend.zeros_like,tf.keras.backend.zeros_like,tf.keras.backend.cos,tf.keras.backend.cos,2,"backend,keras",fuzzy
tensorflow.python.keras.backend.zeros_like,tf.keras.backend.zeros_like,tf.keras.backend.cumsum,tf.keras.backend.cumsum,2,"backend,keras",fuzzy
tensorflow.python.keras.backend.zeros_like,tf.keras.backend.zeros_like,tf.keras.backend.epsilon,tf.keras.backend.epsilon,2,"backend,keras",fuzzy
tensorflow.python.keras.backend.zeros_like,tf.keras.backend.zeros_like,tf.keras.backend.exp,tf.keras.backend.exp,2,"backend,keras",fuzzy
tensorflow.python.keras.backend.zeros_like,tf.keras.backend.zeros_like,tf.keras.backend.eye,tf.keras.backend.eye,2,"backend,keras",fuzzy
tensorflow.python.keras.backend.zeros_like,tf.keras.backend.zeros_like,tf.keras.backend.gather,tf.keras.backend.gather,2,"backend,keras",fuzzy
tensorflow.python.keras.backend.zeros_like,tf.keras.backend.zeros_like,tf.keras.backend.gradients,tf.keras.backend.gradients,2,"backend,keras",fuzzy
tensorflow.python.keras.backend.zeros_like,tf.keras.backend.zeros_like,tf.keras.backend.in_top_k,tf.keras.backend.in_top_k,2,"backend,keras",fuzzy
tensorflow.python.keras.backend.zeros_like,tf.keras.backend.zeros_like,tf.keras.backend.is_keras_tensor,tf.keras.backend.is_keras_tensor,2,"backend,keras",fuzzy
tensorflow.python.keras.backend.zeros_like,tf.keras.backend.zeros_like,tf.keras.backend.max,tf.keras.backend.max,2,"backend,keras",fuzzy
tensorflow.python.keras.backend.zeros_like,tf.keras.backend.zeros_like,tf.keras.backend.min,tf.keras.backend.min,2,"backend,keras",fuzzy
tensorflow.python.keras.backend.zeros_like,tf.keras.backend.zeros_like,tf.keras.backend.not_equal,tf.keras.backend.not_equal,2,"backend,keras",fuzzy
tensorflow.python.keras.backend.zeros_like,tf.keras.backend.zeros_like,tf.keras.backend.one_hot,tf.keras.backend.one_hot,2,"backend,keras",fuzzy
tensorflow.python.keras.backend.zeros_like,tf.keras.backend.zeros_like,tf.keras.backend.pool3d,tf.keras.backend.pool3d,2,"backend,keras",fuzzy
tensorflow.python.keras.backend.zeros_like,tf.keras.backend.zeros_like,tf.keras.backend.repeat,tf.keras.backend.repeat,2,"backend,keras",fuzzy
tensorflow.python.keras.backend.zeros_like,tf.keras.backend.zeros_like,tf.keras.backend.reshape,tf.keras.backend.reshape,2,"backend,keras",fuzzy
tensorflow.python.keras.backend.zeros_like,tf.keras.backend.zeros_like,tf.keras.backend.shape,tf.keras.backend.shape,2,"backend,keras",fuzzy
tensorflow.python.keras.backend.zeros_like,tf.keras.backend.zeros_like,tf.keras.backend.sin,tf.keras.backend.sin,2,"backend,keras",fuzzy
tensorflow.python.keras.backend.zeros_like,tf.keras.backend.zeros_like,tf.keras.backend.softsign,tf.keras.backend.softsign,2,"backend,keras",fuzzy
tensorflow.python.keras.backend.zeros_like,tf.keras.backend.zeros_like,tf.keras.backend.square,tf.keras.backend.square,2,"backend,keras",fuzzy
tensorflow.python.keras.backend.zeros_like,tf.keras.backend.zeros_like,tf.keras.backend.standardize_dtype,tf.keras.backend.standardize_dtype,2,"backend,keras",fuzzy
tensorflow.python.keras.backend.zeros_like,tf.keras.backend.zeros_like,tf.keras.backend.switch,tf.keras.backend.switch,2,"backend,keras",fuzzy
tensorflow.python.keras.backend.zeros_like,tf.keras.backend.zeros_like,tf.keras.backend.tile,tf.keras.backend.tile,2,"backend,keras",fuzzy
tensorflow.python.keras.backend.zeros_like,tf.keras.backend.zeros_like,tf.keras.backend.transpose,tf.keras.backend.transpose,2,"backend,keras",fuzzy
tensorflow.python.keras.backend.zeros_like,tf.keras.backend.zeros_like,tf.keras.backend.update,tf.keras.backend.update,2,"backend,keras",fuzzy
tensorflow.python.keras.callbacks.on_test_batch_begin,tf.keras.callbacks.on_test_batch_begin,tf.keras.callbacks,tf.keras.callbacks,2,"callbacks,keras",fuzzy
tensorflow.python.keras.callbacks.on_test_batch_begin,tf.keras.callbacks.on_test_batch_begin,tf.keras.callbacks.Callback,tf.keras.callbacks.Callback,2,"callbacks,keras",fuzzy
tensorflow.python.keras.callbacks.on_test_batch_begin,tf.keras.callbacks.on_test_batch_begin,tf.keras.callbacks.CallbackList,tf.keras.callbacks.CallbackList,2,"callbacks,keras",fuzzy
tensorflow.python.keras.callbacks.on_test_batch_begin,tf.keras.callbacks.on_test_batch_begin,tf.keras.callbacks.SwapEMAWeights,tf.keras.callbacks.SwapEMAWeights,2,"callbacks,keras",fuzzy
tensorflow.python.keras.callbacks.on_test_batch_begin,tf.keras.callbacks.on_test_batch_begin,tf.keras.callbacks.TensorBoard,tf.keras.callbacks.TensorBoard,2,"callbacks,keras",fuzzy
tensorflow.python.keras.callbacks.on_test_begin,tf.keras.callbacks.on_test_begin,tf.keras.callbacks,tf.keras.callbacks,2,"callbacks,keras",fuzzy
tensorflow.python.keras.callbacks.on_test_begin,tf.keras.callbacks.on_test_begin,tf.keras.callbacks.Callback,tf.keras.callbacks.Callback,2,"callbacks,keras",fuzzy
tensorflow.python.keras.callbacks.on_test_begin,tf.keras.callbacks.on_test_begin,tf.keras.callbacks.CallbackList,tf.keras.callbacks.CallbackList,2,"callbacks,keras",fuzzy
tensorflow.python.keras.callbacks.on_test_begin,tf.keras.callbacks.on_test_begin,tf.keras.callbacks.SwapEMAWeights,tf.keras.callbacks.SwapEMAWeights,2,"callbacks,keras",fuzzy
tensorflow.python.keras.callbacks.on_test_begin,tf.keras.callbacks.on_test_begin,tf.keras.callbacks.TensorBoard,tf.keras.callbacks.TensorBoard,2,"callbacks,keras",fuzzy
tensorflow.python.keras.callbacks.on_train_end,tf.keras.callbacks.on_train_end,tf.keras.callbacks,tf.keras.callbacks,2,"callbacks,keras",fuzzy
tensorflow.python.keras.callbacks.on_train_end,tf.keras.callbacks.on_train_end,tf.keras.callbacks.Callback,tf.keras.callbacks.Callback,2,"callbacks,keras",fuzzy
tensorflow.python.keras.callbacks.on_train_end,tf.keras.callbacks.on_train_end,tf.keras.callbacks.CallbackList,tf.keras.callbacks.CallbackList,2,"callbacks,keras",fuzzy
tensorflow.python.keras.callbacks.on_train_end,tf.keras.callbacks.on_train_end,tf.keras.callbacks.SwapEMAWeights,tf.keras.callbacks.SwapEMAWeights,2,"callbacks,keras",fuzzy
tensorflow.python.keras.callbacks.on_train_end,tf.keras.callbacks.on_train_end,tf.keras.callbacks.TensorBoard,tf.keras.callbacks.TensorBoard,2,"callbacks,keras",fuzzy
tensorflow.python.keras.layers.merge.average,tf.keras.layers.merge.average,tf.keras.layers,tf.keras.layers,2,"keras,layers",fuzzy
tensorflow.python.keras.layers.merge.average,tf.keras.layers.merge.average,tf.keras.layers.Activation,tf.keras.layers.Activation,2,"keras,layers",fuzzy
tensorflow.python.keras.layers.merge.average,tf.keras.layers.merge.average,tf.keras.layers.Add,tf.keras.layers.Add,2,"keras,layers",fuzzy
tensorflow.python.keras.layers.merge.average,tf.keras.layers.merge.average,tf.keras.layers.AlphaDropout,tf.keras.layers.AlphaDropout,2,"keras,layers",fuzzy
tensorflow.python.keras.layers.merge.average,tf.keras.layers.merge.average,tf.keras.layers.Attention,tf.keras.layers.Attention,2,"keras,layers",fuzzy
tensorflow.python.keras.layers.merge.average,tf.keras.layers.merge.average,tf.keras.layers.Average,tf.keras.layers.Average,2,"keras,layers",fuzzy
tensorflow.python.keras.layers.merge.average,tf.keras.layers.merge.average,tf.keras.layers.AveragePooling2D,tf.keras.layers.AveragePooling2D,2,"keras,layers",fuzzy
tensorflow.python.keras.layers.merge.average,tf.keras.layers.merge.average,tf.keras.layers.BatchNormalization,tf.keras.layers.BatchNormalization,2,"keras,layers",fuzzy
tensorflow.python.keras.layers.merge.average,tf.keras.layers.merge.average,tf.keras.layers.Bidirectional,tf.keras.layers.Bidirectional,2,"keras,layers",fuzzy
tensorflow.python.keras.layers.merge.average,tf.keras.layers.merge.average,tf.keras.layers.CategoryEncoding,tf.keras.layers.CategoryEncoding,2,"keras,layers",fuzzy
tensorflow.python.keras.layers.merge.average,tf.keras.layers.merge.average,tf.keras.layers.Conv2D,tf.keras.layers.Conv2D,2,"keras,layers",fuzzy
tensorflow.python.keras.layers.merge.average,tf.keras.layers.merge.average,tf.keras.layers.Conv3D,tf.keras.layers.Conv3D,2,"keras,layers",fuzzy
tensorflow.python.keras.layers.merge.average,tf.keras.layers.merge.average,tf.keras.layers.ConvLSTM1D,tf.keras.layers.ConvLSTM1D,2,"keras,layers",fuzzy
tensorflow.python.keras.layers.merge.average,tf.keras.layers.merge.average,tf.keras.layers.ConvLSTM3D,tf.keras.layers.ConvLSTM3D,2,"keras,layers",fuzzy
tensorflow.python.keras.layers.merge.average,tf.keras.layers.merge.average,tf.keras.layers.DepthwiseConv2D,tf.keras.layers.DepthwiseConv2D,2,"keras,layers",fuzzy
tensorflow.python.keras.layers.merge.average,tf.keras.layers.merge.average,tf.keras.layers.Discretization,tf.keras.layers.Discretization,2,"keras,layers",fuzzy
tensorflow.python.keras.layers.merge.average,tf.keras.layers.merge.average,tf.keras.layers.Dropout,tf.keras.layers.Dropout,2,"keras,layers",fuzzy
tensorflow.python.keras.layers.merge.average,tf.keras.layers.merge.average,tf.keras.layers.ELU,tf.keras.layers.ELU,2,"keras,layers",fuzzy
tensorflow.python.keras.layers.merge.average,tf.keras.layers.merge.average,tf.keras.layers.Embedding,tf.keras.layers.Embedding,2,"keras,layers",fuzzy
tensorflow.python.keras.layers.merge.average,tf.keras.layers.merge.average,tf.keras.layers.GRU,tf.keras.layers.GRU,2,"keras,layers",fuzzy
tensorflow.python.keras.layers.merge.average,tf.keras.layers.merge.average,tf.keras.layers.GlobalAveragePooling2D,tf.keras.layers.GlobalAveragePooling2D,2,"keras,layers",fuzzy
tensorflow.python.keras.layers.merge.average,tf.keras.layers.merge.average,tf.keras.layers.Hashing,tf.keras.layers.Hashing,2,"keras,layers",fuzzy
tensorflow.python.keras.layers.merge.average,tf.keras.layers.merge.average,tf.keras.layers.IntegerLookup,tf.keras.layers.IntegerLookup,2,"keras,layers",fuzzy
tensorflow.python.keras.layers.merge.average,tf.keras.layers.merge.average,tf.keras.layers.LSTM,tf.keras.layers.LSTM,2,"keras,layers",fuzzy
tensorflow.python.keras.layers.merge.average,tf.keras.layers.merge.average,tf.keras.layers.Lambda,tf.keras.layers.Lambda,2,"keras,layers",fuzzy
tensorflow.python.keras.layers.merge.average,tf.keras.layers.merge.average,tf.keras.layers.Minimum,tf.keras.layers.Minimum,2,"keras,layers",fuzzy
tensorflow.python.keras.layers.merge.average,tf.keras.layers.merge.average,tf.keras.layers.Multiply,tf.keras.layers.Multiply,2,"keras,layers",fuzzy
tensorflow.python.keras.layers.merge.average,tf.keras.layers.merge.average,tf.keras.layers.Normalization,tf.keras.layers.Normalization,2,"keras,layers",fuzzy
tensorflow.python.keras.layers.merge.average,tf.keras.layers.merge.average,tf.keras.layers.RandomContrast,tf.keras.layers.RandomContrast,2,"keras,layers",fuzzy
tensorflow.python.keras.layers.merge.average,tf.keras.layers.merge.average,tf.keras.layers.RandomCrop,tf.keras.layers.RandomCrop,2,"keras,layers",fuzzy
tensorflow.python.keras.layers.merge.average,tf.keras.layers.merge.average,tf.keras.layers.RandomFlip,tf.keras.layers.RandomFlip,2,"keras,layers",fuzzy
tensorflow.python.keras.layers.merge.average,tf.keras.layers.merge.average,tf.keras.layers.RandomHeight,tf.keras.layers.RandomHeight,2,"keras,layers",fuzzy
tensorflow.python.keras.layers.merge.average,tf.keras.layers.merge.average,tf.keras.layers.RandomRotation,tf.keras.layers.RandomRotation,2,"keras,layers",fuzzy
tensorflow.python.keras.layers.merge.average,tf.keras.layers.merge.average,tf.keras.layers.RepeatVector,tf.keras.layers.RepeatVector,2,"keras,layers",fuzzy
tensorflow.python.keras.layers.merge.average,tf.keras.layers.merge.average,tf.keras.layers.Rescaling,tf.keras.layers.Rescaling,2,"keras,layers",fuzzy
tensorflow.python.keras.layers.merge.average,tf.keras.layers.merge.average,tf.keras.layers.Reshape,tf.keras.layers.Reshape,2,"keras,layers",fuzzy
tensorflow.python.keras.layers.merge.average,tf.keras.layers.merge.average,tf.keras.layers.Resizing,tf.keras.layers.Resizing,2,"keras,layers",fuzzy
tensorflow.python.keras.layers.merge.average,tf.keras.layers.merge.average,tf.keras.layers.SimpleRNN,tf.keras.layers.SimpleRNN,2,"keras,layers",fuzzy
tensorflow.python.keras.layers.merge.average,tf.keras.layers.merge.average,tf.keras.layers.Subtract,tf.keras.layers.Subtract,2,"keras,layers",fuzzy
tensorflow.python.keras.layers.merge.average,tf.keras.layers.merge.average,tf.keras.layers.TimeDistributed,tf.keras.layers.TimeDistributed,2,"keras,layers",fuzzy
tensorflow.python.keras.layers.merge.average,tf.keras.layers.merge.average,tf.keras.layers.UnitNormalization,tf.keras.layers.UnitNormalization,2,"keras,layers",fuzzy
tensorflow.python.keras.layers.merge.average,tf.keras.layers.merge.average,tf.keras.layers.UpSampling1D,tf.keras.layers.UpSampling1D,2,"keras,layers",fuzzy
tensorflow.python.keras.layers.merge.average,tf.keras.layers.merge.average,tf.keras.layers.UpSampling2D,tf.keras.layers.UpSampling2D,2,"keras,layers",fuzzy
tensorflow.python.keras.layers.merge.average,tf.keras.layers.merge.average,tf.keras.layers.UpSampling3D,tf.keras.layers.UpSampling3D,2,"keras,layers",fuzzy
tensorflow.python.keras.layers.merge.average,tf.keras.layers.merge.average,tf.keras.layers.add,tf.keras.layers.add,2,"keras,layers",fuzzy
tensorflow.python.keras.layers.merge.average,tf.keras.layers.merge.average,tf.keras.layers.concatenate,tf.keras.layers.concatenate,2,"keras,layers",fuzzy
tensorflow.python.keras.layers.merge.average,tf.keras.layers.merge.average,tf.keras.layers.multiply,tf.keras.layers.multiply,2,"keras,layers",fuzzy
tensorflow.python.keras.layers.merge.average,tf.keras.layers.merge.average,tf.keras.layers.serialize,tf.keras.layers.serialize,2,"keras,layers",fuzzy
tensorflow.python.keras.metrics.get_config,tf.keras.metrics.get_config,tf.keras.metrics,tf.keras.metrics,2,"keras,metrics",fuzzy
tensorflow.python.keras.metrics.get_config,tf.keras.metrics.get_config,tf.keras.metrics.BinaryAccuracy,tf.keras.metrics.BinaryAccuracy,2,"keras,metrics",fuzzy
tensorflow.python.keras.metrics.get_config,tf.keras.metrics.get_config,tf.keras.metrics.BinaryCrossentropy,tf.keras.metrics.BinaryCrossentropy,2,"keras,metrics",fuzzy
tensorflow.python.keras.metrics.get_config,tf.keras.metrics.get_config,tf.keras.metrics.CategoricalAccuracy,tf.keras.metrics.CategoricalAccuracy,2,"keras,metrics",fuzzy
tensorflow.python.keras.metrics.get_config,tf.keras.metrics.get_config,tf.keras.metrics.CategoricalCrossentropy,tf.keras.metrics.CategoricalCrossentropy,2,"keras,metrics",fuzzy
tensorflow.python.keras.metrics.get_config,tf.keras.metrics.get_config,tf.keras.metrics.F1Score,tf.keras.metrics.F1Score,2,"keras,metrics",fuzzy
tensorflow.python.keras.metrics.get_config,tf.keras.metrics.get_config,tf.keras.metrics.FBetaScore,tf.keras.metrics.FBetaScore,2,"keras,metrics",fuzzy
tensorflow.python.keras.metrics.get_config,tf.keras.metrics.get_config,tf.keras.metrics.OneHotMeanIoU,tf.keras.metrics.OneHotMeanIoU,2,"keras,metrics",fuzzy
tensorflow.python.keras.metrics.get_config,tf.keras.metrics.get_config,tf.keras.metrics.R2Score,tf.keras.metrics.R2Score,2,"keras,metrics",fuzzy
tensorflow.python.keras.metrics.get_config,tf.keras.metrics.get_config,tf.keras.metrics.SparseCategoricalAccuracy,tf.keras.metrics.SparseCategoricalAccuracy,2,"keras,metrics",fuzzy
tensorflow.python.keras.metrics.get_config,tf.keras.metrics.get_config,tf.keras.metrics.SparseCategoricalCrossentropy,tf.keras.metrics.SparseCategoricalCrossentropy,2,"keras,metrics",fuzzy
tensorflow.python.keras.mixed_precision.loss_scale_optimizer.update,tf.keras.mixed_precision.loss_scale_optimizer.update,tf.keras.backend.update,tf.keras.backend.update,2,"keras,update",fuzzy
tensorflow.python.keras.regularizers.from_config,tf.keras.regularizers.from_config,tf.keras.regularizers,tf.keras.regularizers,2,"keras,regularizers",fuzzy
tensorflow.python.keras.saving.model_config.model_from_json,tf.keras.saving.model_config.model_from_json,tf.keras.models.model_from_json,tf.keras.models.model_from_json,2,"keras,model_from_json",fuzzy
tensorflow.python.keras.utils.conv_utils.conv_connected_inputs,tf.keras.utils.conv_utils.conv_connected_inputs,tf.keras.utils,tf.keras.utils,2,"keras,utils",fuzzy
tensorflow.python.keras.utils.conv_utils.conv_connected_inputs,tf.keras.utils.conv_utils.conv_connected_inputs,tf.keras.utils.CustomObjectScope,tf.keras.utils.CustomObjectScope,2,"keras,utils",fuzzy
tensorflow.python.keras.utils.conv_utils.conv_connected_inputs,tf.keras.utils.conv_utils.conv_connected_inputs,tf.keras.utils.model_to_dot,tf.keras.utils.model_to_dot,2,"keras,utils",fuzzy
tensorflow.python.keras.utils.conv_utils.conv_connected_inputs,tf.keras.utils.conv_utils.conv_connected_inputs,tf.keras.utils.serialize_keras_object,tf.keras.utils.serialize_keras_object,2,"keras,utils",fuzzy
tensorflow.python.keras.utils.conv_utils.conv_kernel_mask,tf.keras.utils.conv_utils.conv_kernel_mask,tf.keras.utils,tf.keras.utils,2,"keras,utils",fuzzy
tensorflow.python.keras.utils.conv_utils.conv_kernel_mask,tf.keras.utils.conv_utils.conv_kernel_mask,tf.keras.utils.CustomObjectScope,tf.keras.utils.CustomObjectScope,2,"keras,utils",fuzzy
tensorflow.python.keras.utils.conv_utils.conv_kernel_mask,tf.keras.utils.conv_utils.conv_kernel_mask,tf.keras.utils.model_to_dot,tf.keras.utils.model_to_dot,2,"keras,utils",fuzzy
tensorflow.python.keras.utils.conv_utils.conv_kernel_mask,tf.keras.utils.conv_utils.conv_kernel_mask,tf.keras.utils.serialize_keras_object,tf.keras.utils.serialize_keras_object,2,"keras,utils",fuzzy
tensorflow.python.keras.utils.data_utils.is_generator_or_sequence,tf.keras.utils.data_utils.is_generator_or_sequence,tf.keras.utils,tf.keras.utils,2,"keras,utils",fuzzy
tensorflow.python.keras.utils.data_utils.is_generator_or_sequence,tf.keras.utils.data_utils.is_generator_or_sequence,tf.keras.utils.CustomObjectScope,tf.keras.utils.CustomObjectScope,2,"keras,utils",fuzzy
tensorflow.python.keras.utils.data_utils.is_generator_or_sequence,tf.keras.utils.data_utils.is_generator_or_sequence,tf.keras.utils.model_to_dot,tf.keras.utils.model_to_dot,2,"keras,utils",fuzzy
tensorflow.python.keras.utils.data_utils.is_generator_or_sequence,tf.keras.utils.data_utils.is_generator_or_sequence,tf.keras.utils.serialize_keras_object,tf.keras.utils.serialize_keras_object,2,"keras,utils",fuzzy
tensorflow.python.keras.utils.data_utils.urlretrieve,tf.keras.utils.data_utils.urlretrieve,tf.keras.utils,tf.keras.utils,2,"keras,utils",fuzzy
tensorflow.python.keras.utils.data_utils.urlretrieve,tf.keras.utils.data_utils.urlretrieve,tf.keras.utils.CustomObjectScope,tf.keras.utils.CustomObjectScope,2,"keras,utils",fuzzy
tensorflow.python.keras.utils.data_utils.urlretrieve,tf.keras.utils.data_utils.urlretrieve,tf.keras.utils.model_to_dot,tf.keras.utils.model_to_dot,2,"keras,utils",fuzzy
tensorflow.python.keras.utils.data_utils.urlretrieve,tf.keras.utils.data_utils.urlretrieve,tf.keras.utils.serialize_keras_object,tf.keras.utils.serialize_keras_object,2,"keras,utils",fuzzy
tensorflow.python.keras.utils.generic_utils.class_and_config_for_serialized_keras_object,tf.keras.utils.generic_utils.class_and_config_for_serialized_keras_object,tf.keras.utils,tf.keras.utils,2,"keras,utils",fuzzy
tensorflow.python.keras.utils.generic_utils.class_and_config_for_serialized_keras_object,tf.keras.utils.generic_utils.class_and_config_for_serialized_keras_object,tf.keras.utils.CustomObjectScope,tf.keras.utils.CustomObjectScope,2,"keras,utils",fuzzy
tensorflow.python.keras.utils.generic_utils.class_and_config_for_serialized_keras_object,tf.keras.utils.generic_utils.class_and_config_for_serialized_keras_object,tf.keras.utils.model_to_dot,tf.keras.utils.model_to_dot,2,"keras,utils",fuzzy
tensorflow.python.keras.utils.generic_utils.class_and_config_for_serialized_keras_object,tf.keras.utils.generic_utils.class_and_config_for_serialized_keras_object,tf.keras.utils.serialize_keras_object,tf.keras.utils.serialize_keras_object,2,"keras,utils",fuzzy
tensorflow.python.keras.utils.generic_utils.get,tf.keras.utils.generic_utils.get,tf.keras.quantizers.get,tf.keras.quantizers.get,2,"get,keras",fuzzy
tensorflow.python.keras.utils.generic_utils.get,tf.keras.utils.generic_utils.get,tf.keras.utils,tf.keras.utils,2,"keras,utils",fuzzy
tensorflow.python.keras.utils.generic_utils.get,tf.keras.utils.generic_utils.get,tf.keras.utils.CustomObjectScope,tf.keras.utils.CustomObjectScope,2,"keras,utils",fuzzy
tensorflow.python.keras.utils.generic_utils.get,tf.keras.utils.generic_utils.get,tf.keras.utils.model_to_dot,tf.keras.utils.model_to_dot,2,"keras,utils",fuzzy
tensorflow.python.keras.utils.generic_utils.get,tf.keras.utils.generic_utils.get,tf.keras.utils.serialize_keras_object,tf.keras.utils.serialize_keras_object,2,"keras,utils",fuzzy
tensorflow.python.keras.utils.generic_utils.get_custom_objects,tf.keras.utils.generic_utils.get_custom_objects,tf.keras.utils,tf.keras.utils,2,"keras,utils",fuzzy
tensorflow.python.keras.utils.generic_utils.get_custom_objects,tf.keras.utils.generic_utils.get_custom_objects,tf.keras.utils.CustomObjectScope,tf.keras.utils.CustomObjectScope,2,"keras,utils",fuzzy
tensorflow.python.keras.utils.generic_utils.get_custom_objects,tf.keras.utils.generic_utils.get_custom_objects,tf.keras.utils.model_to_dot,tf.keras.utils.model_to_dot,2,"keras,utils",fuzzy
tensorflow.python.keras.utils.generic_utils.get_custom_objects,tf.keras.utils.generic_utils.get_custom_objects,tf.keras.utils.serialize_keras_object,tf.keras.utils.serialize_keras_object,2,"keras,utils",fuzzy
tensorflow.python.keras.utils.generic_utils.get_registered_name,tf.keras.utils.generic_utils.get_registered_name,tf.keras.utils,tf.keras.utils,2,"keras,utils",fuzzy
tensorflow.python.keras.utils.generic_utils.get_registered_name,tf.keras.utils.generic_utils.get_registered_name,tf.keras.utils.CustomObjectScope,tf.keras.utils.CustomObjectScope,2,"keras,utils",fuzzy
tensorflow.python.keras.utils.generic_utils.get_registered_name,tf.keras.utils.generic_utils.get_registered_name,tf.keras.utils.model_to_dot,tf.keras.utils.model_to_dot,2,"keras,utils",fuzzy
tensorflow.python.keras.utils.generic_utils.get_registered_name,tf.keras.utils.generic_utils.get_registered_name,tf.keras.utils.serialize_keras_object,tf.keras.utils.serialize_keras_object,2,"keras,utils",fuzzy
tensorflow.python.keras.utils.generic_utils.is_default,tf.keras.utils.generic_utils.is_default,tf.keras.utils,tf.keras.utils,2,"keras,utils",fuzzy
tensorflow.python.keras.utils.generic_utils.is_default,tf.keras.utils.generic_utils.is_default,tf.keras.utils.CustomObjectScope,tf.keras.utils.CustomObjectScope,2,"keras,utils",fuzzy
tensorflow.python.keras.utils.generic_utils.is_default,tf.keras.utils.generic_utils.is_default,tf.keras.utils.model_to_dot,tf.keras.utils.model_to_dot,2,"keras,utils",fuzzy
tensorflow.python.keras.utils.generic_utils.is_default,tf.keras.utils.generic_utils.is_default,tf.keras.utils.serialize_keras_object,tf.keras.utils.serialize_keras_object,2,"keras,utils",fuzzy
tensorflow.python.keras.utils.generic_utils.register_keras_serializable,tf.keras.utils.generic_utils.register_keras_serializable,tf.keras.utils,tf.keras.utils,2,"keras,utils",fuzzy
tensorflow.python.keras.utils.generic_utils.register_keras_serializable,tf.keras.utils.generic_utils.register_keras_serializable,tf.keras.utils.CustomObjectScope,tf.keras.utils.CustomObjectScope,2,"keras,utils",fuzzy
tensorflow.python.keras.utils.generic_utils.register_keras_serializable,tf.keras.utils.generic_utils.register_keras_serializable,tf.keras.utils.model_to_dot,tf.keras.utils.model_to_dot,2,"keras,utils",fuzzy
tensorflow.python.keras.utils.generic_utils.register_keras_serializable,tf.keras.utils.generic_utils.register_keras_serializable,tf.keras.utils.serialize_keras_object,tf.keras.utils.serialize_keras_object,2,"keras,utils",fuzzy
tensorflow.python.keras.utils.generic_utils.serialize_keras_object,tf.keras.utils.generic_utils.serialize_keras_object,tf.keras.utils,tf.keras.utils,2,"keras,utils",fuzzy
tensorflow.python.keras.utils.generic_utils.serialize_keras_object,tf.keras.utils.generic_utils.serialize_keras_object,tf.keras.utils.CustomObjectScope,tf.keras.utils.CustomObjectScope,2,"keras,utils",fuzzy
tensorflow.python.keras.utils.generic_utils.serialize_keras_object,tf.keras.utils.generic_utils.serialize_keras_object,tf.keras.utils.model_to_dot,tf.keras.utils.model_to_dot,2,"keras,utils",fuzzy
tensorflow.python.keras.utils.generic_utils.serialize_keras_object,tf.keras.utils.generic_utils.serialize_keras_object,tf.keras.utils.serialize_keras_object,tf.keras.utils.serialize_keras_object,3,"keras,serialize_keras_object,utils",fuzzy
tensorflow.python.keras.utils.generic_utils.update,tf.keras.utils.generic_utils.update,tf.keras.backend.update,tf.keras.backend.update,2,"keras,update",fuzzy
tensorflow.python.keras.utils.generic_utils.update,tf.keras.utils.generic_utils.update,tf.keras.utils,tf.keras.utils,2,"keras,utils",fuzzy
tensorflow.python.keras.utils.generic_utils.update,tf.keras.utils.generic_utils.update,tf.keras.utils.CustomObjectScope,tf.keras.utils.CustomObjectScope,2,"keras,utils",fuzzy
tensorflow.python.keras.utils.generic_utils.update,tf.keras.utils.generic_utils.update,tf.keras.utils.model_to_dot,tf.keras.utils.model_to_dot,2,"keras,utils",fuzzy
tensorflow.python.keras.utils.generic_utils.update,tf.keras.utils.generic_utils.update,tf.keras.utils.serialize_keras_object,tf.keras.utils.serialize_keras_object,2,"keras,utils",fuzzy
tensorflow.python.keras.utils.generic_utils.validate_kwargs,tf.keras.utils.generic_utils.validate_kwargs,tf.keras.utils,tf.keras.utils,2,"keras,utils",fuzzy
tensorflow.python.keras.utils.generic_utils.validate_kwargs,tf.keras.utils.generic_utils.validate_kwargs,tf.keras.utils.CustomObjectScope,tf.keras.utils.CustomObjectScope,2,"keras,utils",fuzzy
tensorflow.python.keras.utils.generic_utils.validate_kwargs,tf.keras.utils.generic_utils.validate_kwargs,tf.keras.utils.model_to_dot,tf.keras.utils.model_to_dot,2,"keras,utils",fuzzy
tensorflow.python.keras.utils.generic_utils.validate_kwargs,tf.keras.utils.generic_utils.validate_kwargs,tf.keras.utils.serialize_keras_object,tf.keras.utils.serialize_keras_object,2,"keras,utils",fuzzy
tensorflow.python.keras.utils.io_utils.ask_to_proceed_with_overwrite,tf.keras.utils.io_utils.ask_to_proceed_with_overwrite,tf.keras.utils,tf.keras.utils,2,"keras,utils",fuzzy
tensorflow.python.keras.utils.io_utils.ask_to_proceed_with_overwrite,tf.keras.utils.io_utils.ask_to_proceed_with_overwrite,tf.keras.utils.CustomObjectScope,tf.keras.utils.CustomObjectScope,2,"keras,utils",fuzzy
tensorflow.python.keras.utils.io_utils.ask_to_proceed_with_overwrite,tf.keras.utils.io_utils.ask_to_proceed_with_overwrite,tf.keras.utils.model_to_dot,tf.keras.utils.model_to_dot,2,"keras,utils",fuzzy
tensorflow.python.keras.utils.io_utils.ask_to_proceed_with_overwrite,tf.keras.utils.io_utils.ask_to_proceed_with_overwrite,tf.keras.utils.serialize_keras_object,tf.keras.utils.serialize_keras_object,2,"keras,utils",fuzzy
tensorflow.python.keras.utils.tf_inspect.getfullargspec,tf.keras.utils.tf_inspect.getfullargspec,tf.keras.utils,tf.keras.utils,2,"keras,utils",fuzzy
tensorflow.python.keras.utils.tf_inspect.getfullargspec,tf.keras.utils.tf_inspect.getfullargspec,tf.keras.utils.CustomObjectScope,tf.keras.utils.CustomObjectScope,2,"keras,utils",fuzzy
tensorflow.python.keras.utils.tf_inspect.getfullargspec,tf.keras.utils.tf_inspect.getfullargspec,tf.keras.utils.model_to_dot,tf.keras.utils.model_to_dot,2,"keras,utils",fuzzy
tensorflow.python.keras.utils.tf_inspect.getfullargspec,tf.keras.utils.tf_inspect.getfullargspec,tf.keras.utils.serialize_keras_object,tf.keras.utils.serialize_keras_object,2,"keras,utils",fuzzy
tensorflow.python.keras.utils.tf_utils.register_symbolic_tensor_type,tf.keras.utils.tf_utils.register_symbolic_tensor_type,tf.keras.utils,tf.keras.utils,2,"keras,utils",fuzzy
tensorflow.python.keras.utils.tf_utils.register_symbolic_tensor_type,tf.keras.utils.tf_utils.register_symbolic_tensor_type,tf.keras.utils.CustomObjectScope,tf.keras.utils.CustomObjectScope,2,"keras,utils",fuzzy
tensorflow.python.keras.utils.tf_utils.register_symbolic_tensor_type,tf.keras.utils.tf_utils.register_symbolic_tensor_type,tf.keras.utils.model_to_dot,tf.keras.utils.model_to_dot,2,"keras,utils",fuzzy
tensorflow.python.keras.utils.tf_utils.register_symbolic_tensor_type,tf.keras.utils.tf_utils.register_symbolic_tensor_type,tf.keras.utils.serialize_keras_object,tf.keras.utils.serialize_keras_object,2,"keras,utils",fuzzy
tensorflow.python.keras.utils.vis_utils.model_to_dot,tf.keras.utils.vis_utils.model_to_dot,tf.keras.utils,tf.keras.utils,2,"keras,utils",fuzzy
tensorflow.python.keras.utils.vis_utils.model_to_dot,tf.keras.utils.vis_utils.model_to_dot,tf.keras.utils.CustomObjectScope,tf.keras.utils.CustomObjectScope,2,"keras,utils",fuzzy
tensorflow.python.keras.utils.vis_utils.model_to_dot,tf.keras.utils.vis_utils.model_to_dot,tf.keras.utils.model_to_dot,tf.keras.utils.model_to_dot,3,"keras,model_to_dot,utils",fuzzy
tensorflow.python.keras.utils.vis_utils.model_to_dot,tf.keras.utils.vis_utils.model_to_dot,tf.keras.utils.serialize_keras_object,tf.keras.utils.serialize_keras_object,2,"keras,utils",fuzzy
tensorflow.python.ops.signal.spectral_ops.stft,tf.ops.signal.spectral_ops.stft,tf.signal.stft,tf.signal.stft,2,"signal,stft",fuzzy
tensorflow.python.saved_model.load.load_partial,tf.saved_model.load.load_partial,tf.saved_model.load,tf.saved_model.load,2,"load,saved_model",fuzzy
